$date
	Fri Oct  2 10:03:33 2026
$end
$version
	Icarus Verilog
$end
$timescale
	10ns
$end
$scope module mp2_tb $end
$var wire 1 ! RGB_R $end
$upscope $end
$scope module mp2_tb $end
$var wire 1 " RGB_G $end
$upscope $end
$scope module mp2_tb $end
$var wire 1 # RGB_B $end
$upscope $end
$scope module mp2_tb $end
$scope module u0 $end
$var wire 11 $ r_pwm_value [10:0] $end
$upscope $end
$upscope $end
$scope module mp2_tb $end
$scope module u0 $end
$var wire 11 % g_pwm_value [10:0] $end
$upscope $end
$upscope $end
$scope module mp2_tb $end
$scope module u0 $end
$var wire 11 & b_pwm_value [10:0] $end
$upscope $end
$upscope $end
$enddefinitions $end
$comment Show the parameter values. $end
$dumpall
$end
#0
$dumpvars
b0 &
b0 %
b0 $
0#
0"
0!
$end
#4
1"
1!
1#
#9596
0#
0!
0"
#9604
1"
1!
1#
#19196
0#
0!
0"
#19204
1"
1!
1#
#28796
0#
0!
0"
#28804
1"
1!
1#
#38396
0#
0!
0"
#38404
1"
1!
1#
#47996
0#
0!
0"
#48004
1"
1!
1#
#57596
0#
0!
0"
#57604
1"
1!
1#
#67196
0#
0!
0"
#67204
1"
1!
1#
#76796
0#
0!
0"
#76804
1"
1!
1#
#86396
0#
0!
0"
#86404
1"
1!
1#
#95996
0#
0!
0"
#96004
1"
1!
1#
#105596
0#
0!
0"
#105604
1"
1!
1#
#115196
0#
0!
0"
#115204
1"
1!
1#
#124796
0#
0!
0"
#124804
1"
1!
1#
#134396
0#
0!
0"
#134404
1"
1!
1#
#143996
0#
0!
0"
#144004
1"
1!
1#
#153596
0#
0!
0"
#153604
1"
1!
1#
#163196
0#
0!
0"
#163204
1"
1!
1#
#172796
0#
0!
0"
#172804
1"
1!
1#
#182396
0#
0!
0"
#182404
1"
1!
1#
#191996
0#
0!
0"
#192004
1"
1!
1#
#201596
0#
0!
0"
#201604
1"
1!
1#
#211196
0#
0!
0"
#211204
1"
1!
1#
#220796
0#
0!
0"
#220804
1"
1!
1#
#230396
0#
0!
0"
#230404
1"
1!
1#
#239996
0#
0!
0"
#240004
1"
1!
1#
#249596
0#
0!
0"
#249604
1"
1!
1#
#259196
0#
0!
0"
#259204
1"
1!
1#
#268796
0#
0!
0"
#268804
1"
1!
1#
#278396
0#
0!
0"
#278404
1"
1!
1#
#287996
0#
0!
0"
#288004
1"
1!
1#
#297596
0#
0!
0"
#297604
1"
1!
1#
#307196
0#
0!
0"
#307204
1"
1!
1#
#316796
0#
0!
0"
#316804
1"
1!
1#
#326396
0#
0!
0"
#326404
1"
1!
1#
#335996
0#
0!
0"
#336004
1"
1!
1#
#345596
0#
0!
0"
#345604
1"
1!
1#
#355196
0#
0!
0"
#355204
1"
1!
1#
#364796
0#
0!
0"
#364804
1"
1!
1#
#374396
0#
0!
0"
#374404
1"
1!
1#
#383996
0#
0!
0"
#384004
1"
1!
1#
#393596
0#
0!
0"
#393604
1"
1!
1#
#403196
0#
0!
0"
#403204
1"
1!
1#
#412796
0#
0!
0"
#412804
1"
1!
1#
#422396
0#
0!
0"
#422404
1"
1!
1#
#431996
0#
0!
0"
#432004
1"
1!
1#
#441596
0#
0!
0"
#441604
1"
1!
1#
#451196
0#
0!
0"
#451204
1"
1!
1#
#460796
0#
0!
0"
#460804
1"
1!
1#
#470396
0#
0!
0"
#470404
1"
1!
1#
#479996
0#
0!
0"
#480004
1"
1!
1#
#489596
0#
0!
0"
#489604
1"
1!
1#
#499196
0#
0!
0"
#499204
1"
1!
1#
#508796
0#
0!
0"
#508804
1"
1!
1#
#518396
0#
0!
0"
#518404
1"
1!
1#
#527996
0#
0!
0"
#528004
1"
1!
1#
#537596
0#
0!
0"
#537604
1"
1!
1#
#547196
0#
0!
0"
#547204
1"
1!
1#
#556796
0#
0!
0"
#556804
1"
1!
1#
#566396
0#
0!
0"
#566404
1"
1!
1#
#575996
0#
0!
0"
#576004
1"
1!
1#
#585596
0#
0!
0"
#585604
1"
1!
1#
#595196
0#
0!
0"
#595204
1"
1!
1#
#604796
0#
0!
0"
#604804
1"
1!
1#
#614396
0#
0!
0"
#614404
1"
1!
1#
#623996
0#
0!
0"
#624004
1"
1!
1#
#633596
0#
0!
0"
#633604
1"
1!
1#
#643196
0#
0!
0"
#643204
1"
1!
1#
#652796
0#
0!
0"
#652804
1"
1!
1#
#662396
0#
0!
0"
#662404
1"
1!
1#
#671996
0#
0!
0"
#672004
1"
1!
1#
#681596
0#
0!
0"
#681604
1"
1!
1#
#691196
0#
0!
0"
#691204
1"
1!
1#
#700796
0#
0!
0"
#700804
1"
1!
1#
#710396
0#
0!
0"
#710404
1"
1!
1#
#719996
0#
0!
0"
#720004
1"
1!
1#
#729596
0#
0!
0"
#729604
1"
1!
1#
#739196
0#
0!
0"
#739204
1"
1!
1#
#748796
0#
0!
0"
#748804
1"
1!
1#
#758396
0#
0!
0"
#758404
1"
1!
1#
#767996
0#
0!
0"
#768004
1"
1!
1#
#777596
0#
0!
0"
#777604
1"
1!
1#
#787196
0#
0!
0"
#787204
1"
1!
1#
#796796
0#
0!
0"
#796804
1"
1!
1#
#806396
0#
0!
0"
#806404
1"
1!
1#
#815996
0#
0!
0"
#816004
1"
1!
1#
#825596
0#
0!
0"
#825604
1"
1!
1#
#835196
0#
0!
0"
#835204
1"
1!
1#
#844796
0#
0!
0"
#844804
1"
1!
1#
#854396
0#
0!
0"
#854404
1"
1!
1#
#863996
0#
0!
0"
#864004
1"
1!
1#
#873596
0#
0!
0"
#873604
1"
1!
1#
#883196
0#
0!
0"
#883204
1"
1!
1#
#892796
0#
0!
0"
#892804
1"
1!
1#
#902396
0#
0!
0"
#902404
1"
1!
1#
#911996
0#
0!
0"
#912004
1"
1!
1#
#921596
0#
0!
0"
#921604
1"
1!
1#
#931196
0#
0!
0"
#931204
1"
1!
1#
#940796
0#
0!
0"
#940804
1"
1!
1#
#950396
0#
0!
0"
#950404
1"
1!
1#
#959996
0#
0!
0"
#960004
1"
1!
1#
#969596
0#
0!
0"
#969604
1"
1!
1#
#979196
0#
0!
0"
#979204
1"
1!
1#
#988796
0#
0!
0"
#988804
1"
1!
1#
#998396
0#
0!
0"
#998404
1"
1!
1#
#1007996
0#
0!
0"
#1008004
1"
1!
1#
#1017596
0#
0!
0"
#1017604
1"
1!
1#
#1027196
0#
0!
0"
#1027204
1"
1!
1#
#1036796
0#
0!
0"
#1036804
1"
1!
1#
#1046396
0#
0!
0"
#1046404
1"
1!
1#
#1055996
0#
0!
0"
#1056004
1"
1!
1#
#1065596
0#
0!
0"
#1065604
1"
1!
1#
#1075196
0#
0!
0"
#1075204
1"
1!
1#
#1084796
0#
0!
0"
#1084804
1"
1!
1#
#1094396
0#
0!
0"
#1094404
1"
1!
1#
#1103996
0#
0!
0"
#1104004
1"
1!
1#
#1113596
0#
0!
0"
#1113604
1"
1!
1#
#1123196
0#
0!
0"
#1123204
1"
1!
1#
#1132796
0#
0!
0"
#1132804
1"
1!
1#
#1142396
0#
0!
0"
#1142404
1"
1!
1#
#1151996
0#
0!
0"
#1152004
1"
1!
1#
#1161596
0#
0!
0"
#1161604
1"
1!
1#
#1171196
0#
0!
0"
#1171204
1"
1!
1#
#1180796
0#
0!
0"
#1180804
1"
1!
1#
#1190396
0#
0!
0"
#1190404
1"
1!
1#
#1199996
0#
0!
0"
#1200004
1"
1!
1#
#1209596
0#
0!
0"
#1209604
1"
1!
1#
#1219196
0#
0!
0"
#1219204
1"
1!
1#
#1228796
0#
0!
0"
#1228804
1"
1!
1#
#1238396
0#
0!
0"
#1238404
1"
1!
1#
#1247996
0#
0!
0"
#1248004
1"
1!
1#
#1257596
0#
0!
0"
#1257604
1"
1!
1#
#1267196
0#
0!
0"
#1267204
1"
1!
1#
#1276796
0#
0!
0"
#1276804
1"
1!
1#
#1286396
0#
0!
0"
#1286404
1"
1!
1#
#1295996
0#
0!
0"
#1296004
1"
1!
1#
#1305596
0#
0!
0"
#1305604
1"
1!
1#
#1315196
0#
0!
0"
#1315204
1"
1!
1#
#1324796
0#
0!
0"
#1324804
1"
1!
1#
#1334396
0#
0!
0"
#1334404
1"
1!
1#
#1343996
0#
0!
0"
#1344004
1"
1!
1#
#1353596
0#
0!
0"
#1353604
1"
1!
1#
#1363196
0#
0!
0"
#1363204
1"
1!
1#
#1372796
0#
0!
0"
#1372804
1"
1!
1#
#1382396
0#
0!
0"
#1382404
1"
1!
1#
#1391996
0#
0!
0"
#1392004
1"
1!
1#
#1401596
0#
0!
0"
#1401604
1"
1!
1#
#1411196
0#
0!
0"
#1411204
1"
1!
1#
#1420796
0#
0!
0"
#1420804
1"
1!
1#
#1430396
0#
0!
0"
#1430404
1"
1!
1#
#1439996
0#
0!
0"
#1440004
1"
1!
1#
#1449596
0#
0!
0"
#1449604
1"
1!
1#
#1459196
0#
0!
0"
#1459204
1"
1!
1#
#1468796
0#
0!
0"
#1468804
1"
1!
1#
#1478396
0#
0!
0"
#1478404
1"
1!
1#
#1487996
0#
0!
0"
#1488004
1"
1!
1#
#1497596
0#
0!
0"
#1497604
1"
1!
1#
#1507196
0#
0!
0"
#1507204
1"
1!
1#
#1516796
0#
0!
0"
#1516804
1"
1!
1#
#1526396
0#
0!
0"
#1526404
1"
1!
1#
#1535996
0#
0!
0"
#1536004
1"
1!
1#
#1545596
0#
0!
0"
#1545604
1"
1!
1#
#1555196
0#
0!
0"
#1555204
1"
1!
1#
#1564796
0#
0!
0"
#1564804
1"
1!
1#
#1574396
0#
0!
0"
#1574404
1"
1!
1#
#1583996
0#
0!
0"
#1584004
1"
1!
1#
#1593596
0#
0!
0"
#1593604
1"
1!
1#
#1603196
0#
0!
0"
#1603204
1"
1!
1#
#1612796
0#
0!
0"
#1612804
1"
1!
1#
#1622396
0#
0!
0"
#1622404
1"
1!
1#
#1631996
0#
0!
0"
#1632004
1"
1!
1#
#1641596
0#
0!
0"
#1641604
1"
1!
1#
#1651196
0#
0!
0"
#1651204
1"
1!
1#
#1660796
0#
0!
0"
#1660804
1"
1!
1#
#1670396
0#
0!
0"
#1670404
1"
1!
1#
#1679996
0#
0!
0"
#1680004
1"
1!
1#
#1689596
0#
0!
0"
#1689604
1"
1!
1#
#1699196
0#
0!
0"
#1699204
1"
1!
1#
#1708796
0#
0!
0"
#1708804
1"
1!
1#
#1718396
0#
0!
0"
#1718404
1"
1!
1#
#1727996
0#
0!
0"
#1728004
1"
1!
1#
#1737596
0#
0!
0"
#1737604
1"
1!
1#
#1747196
0#
0!
0"
#1747204
1"
1!
1#
#1756796
0#
0!
0"
#1756804
1"
1!
1#
#1766396
0#
0!
0"
#1766404
1"
1!
1#
#1775996
0#
0!
0"
#1776004
1"
1!
1#
#1785596
0#
0!
0"
#1785604
1"
1!
1#
#1795196
0#
0!
0"
#1795204
1"
1!
1#
#1804796
0#
0!
0"
#1804804
1"
1!
1#
#1814396
0#
0!
0"
#1814404
1"
1!
1#
#1823996
0#
0!
0"
#1824004
1"
1!
1#
#1833596
0#
0!
0"
#1833604
1"
1!
1#
#1843196
0#
0!
0"
#1843204
1"
1!
1#
#1852796
0#
0!
0"
#1852804
1"
1!
1#
#1862396
0#
0!
0"
#1862404
1"
1!
1#
#1871996
0#
0!
0"
#1872004
1"
1!
1#
#1881596
0#
0!
0"
#1881604
1"
1!
1#
#1891196
0#
0!
0"
#1891204
1"
1!
1#
#1900796
0#
0!
0"
#1900804
1"
1!
1#
#1910396
0#
0!
0"
#1910404
1"
1!
1#
#1919996
0#
0!
0"
#1920004
1"
1!
1#
#1929596
0#
0!
0"
#1929604
1"
1!
1#
#1939196
0#
0!
0"
#1939204
1"
1!
1#
#1948796
0#
0!
0"
#1948804
1"
1!
1#
#1958396
0#
0!
0"
#1958404
1"
1!
1#
#1967996
0#
0!
0"
#1968004
1"
1!
1#
#1977596
0#
0!
0"
#1977604
1"
1!
1#
#1987196
0#
0!
0"
#1987204
1"
1!
1#
#1996796
0#
0!
0"
#1996804
1"
1!
1#
#2006396
0#
0!
0"
#2006404
1"
1!
1#
#2015996
0#
0!
0"
#2016004
1"
1!
1#
#2025596
0#
0!
0"
#2025604
1"
1!
1#
#2035196
0#
0!
0"
#2035204
1"
1!
1#
#2044796
0#
0!
0"
#2044804
1"
1!
1#
#2054396
0#
0!
0"
#2054404
1"
1!
1#
#2063996
0#
0!
0"
#2064004
1"
1!
1#
#2073596
0#
0!
0"
#2073604
1"
1!
1#
#2083196
0#
0!
0"
#2083204
1"
1!
1#
#2092796
0#
0!
0"
#2092804
1"
1!
1#
#2102396
0#
0!
0"
#2102404
1"
1!
1#
#2111996
0#
0!
0"
#2112004
1"
1!
1#
#2121596
0#
0!
0"
#2121604
1"
1!
1#
#2131196
0#
0!
0"
#2131204
1"
1!
1#
#2140796
0#
0!
0"
#2140804
1"
1!
1#
#2150396
0#
0!
0"
#2150404
1"
1!
1#
#2159996
0#
0!
0"
#2160004
1"
1!
1#
#2169596
0#
0!
0"
#2169604
1"
1!
1#
#2179196
0#
0!
0"
#2179204
1"
1!
1#
#2188796
0#
0!
0"
#2188804
1"
1!
1#
#2198396
0#
0!
0"
#2198404
1"
1!
1#
#2207996
0#
0!
0"
#2208004
1"
1!
1#
#2217596
0#
0!
0"
#2217604
1"
1!
1#
#2227196
0#
0!
0"
#2227204
1"
1!
1#
#2236796
0#
0!
0"
#2236804
1"
1!
1#
#2246396
0#
0!
0"
#2246404
1"
1!
1#
#2255996
0#
0!
0"
#2256004
1"
1!
1#
#2265596
0#
0!
0"
#2265604
1"
1!
1#
#2275196
0#
0!
0"
#2275204
1"
1!
1#
#2284796
0#
0!
0"
#2284804
1"
1!
1#
#2294396
0#
0!
0"
#2294404
1"
1!
1#
#2303996
0#
0!
0"
#2304004
1"
1!
1#
#2313596
0#
0!
0"
#2313604
1"
1!
1#
#2323196
0#
0!
0"
#2323204
1"
1!
1#
#2332796
0#
0!
0"
#2332804
1"
1!
1#
#2342396
0#
0!
0"
#2342404
1"
1!
1#
#2351996
0#
0!
0"
#2352004
1"
1!
1#
#2361596
0#
0!
0"
#2361604
1"
1!
1#
#2371196
0#
0!
0"
#2371204
1"
1!
1#
#2380796
0#
0!
0"
#2380804
1"
1!
1#
#2390396
0#
0!
0"
#2390404
1"
1!
1#
#2399996
0#
0!
0"
#2400004
1"
1!
1#
#2409596
0#
0!
0"
#2409604
1"
1!
1#
#2419196
0#
0!
0"
#2419204
1"
1!
1#
#2428796
0#
0!
0"
#2428804
1"
1!
1#
#2438396
0#
0!
0"
#2438404
1"
1!
1#
#2447996
0#
0!
0"
#2448004
1"
1!
1#
#2457596
0#
0!
0"
#2457604
1"
1!
1#
#2467196
0#
0!
0"
#2467204
1"
1!
1#
#2476796
0#
0!
0"
#2476804
1"
1!
1#
#2486396
0#
0!
0"
#2486404
1"
1!
1#
#2495996
0#
0!
0"
#2496004
1"
1!
1#
#2505596
0#
0!
0"
#2505604
1"
1!
1#
#2515196
0#
0!
0"
#2515204
1"
1!
1#
#2524796
0#
0!
0"
#2524804
1"
1!
1#
#2534396
0#
0!
0"
#2534404
1"
1!
1#
#2543996
0#
0!
0"
#2544004
1"
1!
1#
#2553596
0#
0!
0"
#2553604
1"
1!
1#
#2563196
0#
0!
0"
#2563204
1"
1!
1#
#2572796
0#
0!
0"
#2572804
1"
1!
1#
#2582396
0#
0!
0"
#2582404
1"
1!
1#
#2591996
0#
0!
0"
#2592004
1"
1!
1#
#2601596
0#
0!
0"
#2601604
1"
1!
1#
#2611196
0#
0!
0"
#2611204
1"
1!
1#
#2620796
0#
0!
0"
#2620804
1"
1!
1#
#2630396
0#
0!
0"
#2630404
1"
1!
1#
#2639996
0#
0!
0"
#2640004
1"
1!
1#
#2649596
0#
0!
0"
#2649604
1"
1!
1#
#2659196
0#
0!
0"
#2659204
1"
1!
1#
#2668796
0#
0!
0"
#2668804
1"
1!
1#
#2678396
0#
0!
0"
#2678404
1"
1!
1#
#2687996
0#
0!
0"
#2688004
1"
1!
1#
#2697596
0#
0!
0"
#2697604
1"
1!
1#
#2707196
0#
0!
0"
#2707204
1"
1!
1#
#2716796
0#
0!
0"
#2716804
1"
1!
1#
#2726396
0#
0!
0"
#2726404
1"
1!
1#
#2735996
0#
0!
0"
#2736004
1"
1!
1#
#2745596
0#
0!
0"
#2745604
1"
1!
1#
#2755196
0#
0!
0"
#2755204
1"
1!
1#
#2764796
0#
0!
0"
#2764804
1"
1!
1#
#2774396
0#
0!
0"
#2774404
1"
1!
1#
#2783996
0#
0!
0"
#2784004
1"
1!
1#
#2793596
0#
0!
0"
#2793604
1"
1!
1#
#2803196
0#
0!
0"
#2803204
1"
1!
1#
#2812796
0#
0!
0"
#2812804
1"
1!
1#
#2822396
0#
0!
0"
#2822404
1"
1!
1#
#2831996
0#
0!
0"
#2832004
1"
1!
1#
#2841596
0#
0!
0"
#2841604
1"
1!
1#
#2851196
0#
0!
0"
#2851204
1"
1!
1#
#2860796
0#
0!
0"
#2860804
1"
1!
1#
#2870396
0#
0!
0"
#2870404
1"
1!
1#
#2879996
0#
0!
0"
#2880004
1"
1!
1#
#2889596
0#
0!
0"
#2889604
1"
1!
1#
#2899196
0#
0!
0"
#2899204
1"
1!
1#
#2908796
0#
0!
0"
#2908804
1"
1!
1#
#2918396
0#
0!
0"
#2918404
1"
1!
1#
#2927996
0#
0!
0"
#2928004
1"
1!
1#
#2937596
0#
0!
0"
#2937604
1"
1!
1#
#2947196
0#
0!
0"
#2947204
1"
1!
1#
#2956796
0#
0!
0"
#2956804
1"
1!
1#
#2966396
0#
0!
0"
#2966404
1"
1!
1#
#2975996
0#
0!
0"
#2976004
1"
1!
1#
#2985596
0#
0!
0"
#2985604
1"
1!
1#
#2995196
0#
0!
0"
#2995204
1"
1!
1#
#3004796
0#
0!
0"
#3004804
1"
1!
1#
#3014396
0#
0!
0"
#3014404
1"
1!
1#
#3023996
0#
0!
0"
#3024004
1"
1!
1#
#3033596
0#
0!
0"
#3033604
1"
1!
1#
#3043196
0#
0!
0"
#3043204
1"
1!
1#
#3052796
0#
0!
0"
#3052804
1"
1!
1#
#3062396
0#
0!
0"
#3062404
1"
1!
1#
#3071996
0#
0!
0"
#3072004
1"
1!
1#
#3081596
0#
0!
0"
#3081604
1"
1!
1#
#3091196
0#
0!
0"
#3091204
1"
1!
1#
#3100796
0#
0!
0"
#3100804
1"
1!
1#
#3110396
0#
0!
0"
#3110404
1"
1!
1#
#3119996
0#
0!
0"
#3120004
1"
1!
1#
#3129596
0#
0!
0"
#3129604
1"
1!
1#
#3139196
0#
0!
0"
#3139204
1"
1!
1#
#3148796
0#
0!
0"
#3148804
1"
1!
1#
#3158396
0#
0!
0"
#3158404
1"
1!
1#
#3167996
0#
0!
0"
#3168004
1"
1!
1#
#3177596
0#
0!
0"
#3177604
1"
1!
1#
#3187196
0#
0!
0"
#3187204
1"
1!
1#
#3196796
0#
0!
0"
#3196804
1"
1!
1#
#3206396
0#
0!
0"
#3206404
1"
1!
1#
#3215996
0#
0!
0"
#3216004
1"
1!
1#
#3225596
0#
0!
0"
#3225604
1"
1!
1#
#3235196
0#
0!
0"
#3235204
1"
1!
1#
#3244796
0#
0!
0"
#3244804
1"
1!
1#
#3254396
0#
0!
0"
#3254404
1"
1!
1#
#3263996
0#
0!
0"
#3264004
1"
1!
1#
#3273596
0#
0!
0"
#3273604
1"
1!
1#
#3283196
0#
0!
0"
#3283204
1"
1!
1#
#3292796
0#
0!
0"
#3292804
1"
1!
1#
#3302396
0#
0!
0"
#3302404
1"
1!
1#
#3311996
0#
0!
0"
#3312004
1"
1!
1#
#3321596
0#
0!
0"
#3321604
1"
1!
1#
#3331196
0#
0!
0"
#3331204
1"
1!
1#
#3340796
0#
0!
0"
#3340804
1"
1!
1#
#3350396
0#
0!
0"
#3350404
1"
1!
1#
#3359996
0#
0!
0"
#3360004
1"
1!
1#
#3369596
0#
0!
0"
#3369604
1"
1!
1#
#3379196
0#
0!
0"
#3379204
1"
1!
1#
#3388796
0#
0!
0"
#3388804
1"
1!
1#
#3398396
0#
0!
0"
#3398404
1"
1!
1#
#3407996
0#
0!
0"
#3408004
1"
1!
1#
#3417596
0#
0!
0"
#3417604
1"
1!
1#
#3427196
0#
0!
0"
#3427204
1"
1!
1#
#3436796
0#
0!
0"
#3436804
1"
1!
1#
#3446396
0#
0!
0"
#3446404
1"
1!
1#
#3455996
0#
0!
0"
#3456004
1"
1!
1#
#3465596
0#
0!
0"
#3465604
1"
1!
1#
#3475196
0#
0!
0"
#3475204
1"
1!
1#
#3484796
0#
0!
0"
#3484804
1"
1!
1#
#3494396
0#
0!
0"
#3494404
1"
1!
1#
#3503996
0#
0!
0"
#3504004
1"
1!
1#
#3513596
0#
0!
0"
#3513604
1"
1!
1#
#3523196
0#
0!
0"
#3523204
1"
1!
1#
#3532796
0#
0!
0"
#3532804
1"
1!
1#
#3542396
0#
0!
0"
#3542404
1"
1!
1#
#3551996
0#
0!
0"
#3552004
1"
1!
1#
#3561596
0#
0!
0"
#3561604
1"
1!
1#
#3571196
0#
0!
0"
#3571204
1"
1!
1#
#3580796
0#
0!
0"
#3580804
1"
1!
1#
#3590396
0#
0!
0"
#3590404
1"
1!
1#
#3599996
0#
0!
0"
#3600004
1"
1!
1#
#3609596
0#
0!
0"
#3609604
1"
1!
1#
#3619196
0#
0!
0"
#3619204
1"
1!
1#
#3628796
0#
0!
0"
#3628804
1"
1!
1#
#3638396
0#
0!
0"
#3638404
1"
1!
1#
#3647996
0#
0!
0"
#3648004
1"
1!
1#
#3657596
0#
0!
0"
#3657604
1"
1!
1#
#3667196
0#
0!
0"
#3667204
1"
1!
1#
#3676796
0#
0!
0"
#3676804
1"
1!
1#
#3686396
0#
0!
0"
#3686404
1"
1!
1#
#3695996
0#
0!
0"
#3696004
1"
1!
1#
#3705596
0#
0!
0"
#3705604
1"
1!
1#
#3715196
0#
0!
0"
#3715204
1"
1!
1#
#3724796
0#
0!
0"
#3724804
1"
1!
1#
#3734396
0#
0!
0"
#3734404
1"
1!
1#
#3743996
0#
0!
0"
#3744004
1"
1!
1#
#3753596
0#
0!
0"
#3753604
1"
1!
1#
#3763196
0#
0!
0"
#3763204
1"
1!
1#
#3772796
0#
0!
0"
#3772804
1"
1!
1#
#3782396
0#
0!
0"
#3782404
1"
1!
1#
#3791996
0#
0!
0"
#3792004
1"
1!
1#
#3801596
0#
0!
0"
#3801604
1"
1!
1#
#3811196
0#
0!
0"
#3811204
1"
1!
1#
#3820796
0#
0!
0"
#3820804
1"
1!
1#
#3830396
0#
0!
0"
#3830404
1"
1!
1#
#3839996
0#
0!
0"
#3840004
1"
1!
1#
#3849596
0#
0!
0"
#3849604
1"
1!
1#
#3859196
0#
0!
0"
#3859204
1"
1!
1#
#3868796
0#
0!
0"
#3868804
1"
1!
1#
#3878396
0#
0!
0"
#3878404
1"
1!
1#
#3887996
0#
0!
0"
#3888004
1"
1!
1#
#3897596
0#
0!
0"
#3897604
1"
1!
1#
#3907196
0#
0!
0"
#3907204
1"
1!
1#
#3916796
0#
0!
0"
#3916804
1"
1!
1#
#3926396
0#
0!
0"
#3926404
1"
1!
1#
#3935996
0#
0!
0"
#3936004
1"
1!
1#
#3945596
0#
0!
0"
#3945604
1"
1!
1#
#3955196
0#
0!
0"
#3955204
1"
1!
1#
#3964796
0#
0!
0"
#3964804
1"
1!
1#
#3974396
0#
0!
0"
#3974404
1"
1!
1#
#3983996
0#
0!
0"
#3984004
1"
1!
1#
#3993596
0#
0!
0"
#3993604
1"
1!
1#
#4003196
0#
0!
0"
#4003204
1"
1!
1#
#4012796
0#
0!
0"
#4012804
1"
1!
1#
#4022396
0#
0!
0"
#4022404
1"
1!
1#
#4031996
0#
0!
0"
#4032004
1"
1!
1#
#4041596
0#
0!
0"
#4041604
1"
1!
1#
#4051196
0#
0!
0"
#4051204
1"
1!
1#
#4060796
0#
0!
0"
#4060804
1"
1!
1#
#4070396
0#
0!
0"
#4070404
1"
1!
1#
#4079996
0#
0!
0"
#4080004
1"
1!
1#
#4089596
0#
0!
0"
#4089604
1"
1!
1#
#4099196
0#
0!
0"
#4099204
1"
1!
1#
#4108796
0#
0!
0"
#4108804
1"
1!
1#
#4118396
0#
0!
0"
#4118404
1"
1!
1#
#4127996
0#
0!
0"
#4128004
1"
1!
1#
#4137596
0#
0!
0"
#4137604
1"
1!
1#
#4147196
0#
0!
0"
#4147204
1"
1!
1#
#4156796
0#
0!
0"
#4156804
1"
1!
1#
#4166396
0#
0!
0"
#4166404
1"
1!
1#
#4175996
0#
0!
0"
#4176004
1"
1!
1#
#4185596
0#
0!
0"
#4185604
1"
1!
1#
#4195196
0#
0!
0"
#4195204
1"
1!
1#
#4204796
0#
0!
0"
#4204804
1"
1!
1#
#4214396
0#
0!
0"
#4214404
1"
1!
1#
#4223996
0#
0!
0"
#4224004
1"
1!
1#
#4233596
0#
0!
0"
#4233604
1"
1!
1#
#4243196
0#
0!
0"
#4243204
1"
1!
1#
#4252796
0#
0!
0"
#4252804
1"
1!
1#
#4262396
0#
0!
0"
#4262404
1"
1!
1#
#4271996
0#
0!
0"
#4272004
1"
1!
1#
#4281596
0#
0!
0"
#4281604
1"
1!
1#
#4291196
0#
0!
0"
#4291204
1"
1!
1#
#4300796
0#
0!
0"
#4300804
1"
1!
1#
#4310396
0#
0!
0"
#4310404
1"
1!
1#
#4319996
0#
0!
0"
#4320004
1"
1!
1#
#4329596
0#
0!
0"
#4329604
1"
1!
1#
#4339196
0#
0!
0"
#4339204
1"
1!
1#
#4348796
0#
0!
0"
#4348804
1"
1!
1#
#4358396
0#
0!
0"
#4358404
1"
1!
1#
#4367996
0#
0!
0"
#4368004
1"
1!
1#
#4377596
0#
0!
0"
#4377604
1"
1!
1#
#4387196
0#
0!
0"
#4387204
1"
1!
1#
#4396796
0#
0!
0"
#4396804
1"
1!
1#
#4406396
0#
0!
0"
#4406404
1"
1!
1#
#4415996
0#
0!
0"
#4416004
1"
1!
1#
#4425596
0#
0!
0"
#4425604
1"
1!
1#
#4435196
0#
0!
0"
#4435204
1"
1!
1#
#4444796
0#
0!
0"
#4444804
1"
1!
1#
#4454396
0#
0!
0"
#4454404
1"
1!
1#
#4463996
0#
0!
0"
#4464004
1"
1!
1#
#4473596
0#
0!
0"
#4473604
1"
1!
1#
#4483196
0#
0!
0"
#4483204
1"
1!
1#
#4492796
0#
0!
0"
#4492804
1"
1!
1#
#4502396
0#
0!
0"
#4502404
1"
1!
1#
#4511996
0#
0!
0"
#4512004
1"
1!
1#
#4521596
0#
0!
0"
#4521604
1"
1!
1#
#4531196
0#
0!
0"
#4531204
1"
1!
1#
#4540796
0#
0!
0"
#4540804
1"
1!
1#
#4550396
0#
0!
0"
#4550404
1"
1!
1#
#4559996
0#
0!
0"
#4560004
1"
1!
1#
#4569596
0#
0!
0"
#4569604
1"
1!
1#
#4579196
0#
0!
0"
#4579204
1"
1!
1#
#4588796
0#
0!
0"
#4588804
1"
1!
1#
#4598396
0#
0!
0"
#4598404
1"
1!
1#
#4607996
0#
0!
0"
#4608004
1"
1!
1#
#4617596
0#
0!
0"
#4617604
1"
1!
1#
#4627196
0#
0!
0"
#4627204
1"
1!
1#
#4636796
0#
0!
0"
#4636804
1"
1!
1#
#4646396
0#
0!
0"
#4646404
1"
1!
1#
#4655996
0#
0!
0"
#4656004
1"
1!
1#
#4665596
0#
0!
0"
#4665604
1"
1!
1#
#4675196
0#
0!
0"
#4675204
1"
1!
1#
#4684796
0#
0!
0"
#4684804
1"
1!
1#
#4694396
0#
0!
0"
#4694404
1"
1!
1#
#4703996
0#
0!
0"
#4704004
1"
1!
1#
#4713596
0#
0!
0"
#4713604
1"
1!
1#
#4723196
0#
0!
0"
#4723204
1"
1!
1#
#4732796
0#
0!
0"
#4732804
1"
1!
1#
#4742396
0#
0!
0"
#4742404
1"
1!
1#
#4751996
0#
0!
0"
#4752004
1"
1!
1#
#4761596
0#
0!
0"
#4761604
1"
1!
1#
#4771196
0#
0!
0"
#4771204
1"
1!
1#
#4780796
0#
0!
0"
#4780804
1"
1!
1#
#4790396
0#
0!
0"
#4790404
1"
1!
1#
#4799996
0#
0!
0"
#4800004
1"
1!
1#
#4809596
0#
0!
0"
#4809604
1"
1!
1#
#4819196
0#
0!
0"
#4819204
1"
1!
1#
#4828796
0#
0!
0"
#4828804
1"
1!
1#
#4838396
0#
0!
0"
#4838404
1"
1!
1#
#4847996
0#
0!
0"
#4848004
1"
1!
1#
#4857596
0#
0!
0"
#4857604
1"
1!
1#
#4867196
0#
0!
0"
#4867204
1"
1!
1#
#4876796
0#
0!
0"
#4876804
1"
1!
1#
#4886396
0#
0!
0"
#4886404
1"
1!
1#
#4895996
0#
0!
0"
#4896004
1"
1!
1#
#4905596
0#
0!
0"
#4905604
1"
1!
1#
#4915196
0#
0!
0"
#4915204
1"
1!
1#
#4924796
0#
0!
0"
#4924804
1"
1!
1#
#4934396
0#
0!
0"
#4934404
1"
1!
1#
#4943996
0#
0!
0"
#4944004
1"
1!
1#
#4953596
0#
0!
0"
#4953604
1"
1!
1#
#4963196
0#
0!
0"
#4963204
1"
1!
1#
#4972796
0#
0!
0"
#4972804
1"
1!
1#
#4982396
0#
0!
0"
#4982404
1"
1!
1#
#4991996
0#
0!
0"
#4992004
1"
1!
1#
#5001596
0#
0!
0"
#5001604
1"
1!
1#
#5011196
0#
0!
0"
#5011204
1"
1!
1#
#5020796
0#
0!
0"
#5020804
1"
1!
1#
#5030396
0#
0!
0"
#5030404
1"
1!
1#
#5039996
0#
0!
0"
#5040004
1"
1!
1#
#5049596
0#
0!
0"
#5049604
1"
1!
1#
#5059196
0#
0!
0"
#5059204
1"
1!
1#
#5068796
0#
0!
0"
#5068804
1"
1!
1#
#5078396
0#
0!
0"
#5078404
1"
1!
1#
#5087996
0#
0!
0"
#5088004
1"
1!
1#
#5097596
0#
0!
0"
#5097604
1"
1!
1#
#5107196
0#
0!
0"
#5107204
1"
1!
1#
#5116796
0#
0!
0"
#5116804
1"
1!
1#
#5126396
0#
0!
0"
#5126404
1"
1!
1#
#5135996
0#
0!
0"
#5136004
1"
1!
1#
#5145596
0#
0!
0"
#5145604
1"
1!
1#
#5155196
0#
0!
0"
#5155204
1"
1!
1#
#5164796
0#
0!
0"
#5164804
1"
1!
1#
#5174396
0#
0!
0"
#5174404
1"
1!
1#
#5183996
0#
0!
0"
#5184004
1"
1!
1#
#5193596
0#
0!
0"
#5193604
1"
1!
1#
#5203196
0#
0!
0"
#5203204
1"
1!
1#
#5212796
0#
0!
0"
#5212804
1"
1!
1#
#5222396
0#
0!
0"
#5222404
1"
1!
1#
#5231996
0#
0!
0"
#5232004
1"
1!
1#
#5241596
0#
0!
0"
#5241604
1"
1!
1#
#5251196
0#
0!
0"
#5251204
1"
1!
1#
#5260796
0#
0!
0"
#5260804
1"
1!
1#
#5270396
0#
0!
0"
#5270404
1"
1!
1#
#5279996
0#
0!
0"
#5280004
1"
1!
1#
#5289596
0#
0!
0"
#5289604
1"
1!
1#
#5299196
0#
0!
0"
#5299204
1"
1!
1#
#5308796
0#
0!
0"
#5308804
1"
1!
1#
#5318396
0#
0!
0"
#5318404
1"
1!
1#
#5327996
0#
0!
0"
#5328004
1"
1!
1#
#5337596
0#
0!
0"
#5337604
1"
1!
1#
#5347196
0#
0!
0"
#5347204
1"
1!
1#
#5356796
0#
0!
0"
#5356804
1"
1!
1#
#5366396
0#
0!
0"
#5366404
1"
1!
1#
#5375996
0#
0!
0"
#5376004
1"
1!
1#
#5385596
0#
0!
0"
#5385604
1"
1!
1#
#5395196
0#
0!
0"
#5395204
1"
1!
1#
#5404796
0#
0!
0"
#5404804
1"
1!
1#
#5414396
0#
0!
0"
#5414404
1"
1!
1#
#5423996
0#
0!
0"
#5424004
1"
1!
1#
#5433596
0#
0!
0"
#5433604
1"
1!
1#
#5443196
0#
0!
0"
#5443204
1"
1!
1#
#5452796
0#
0!
0"
#5452804
1"
1!
1#
#5462396
0#
0!
0"
#5462404
1"
1!
1#
#5471996
0#
0!
0"
#5472004
1"
1!
1#
#5481596
0#
0!
0"
#5481604
1"
1!
1#
#5491196
0#
0!
0"
#5491204
1"
1!
1#
#5500796
0#
0!
0"
#5500804
1"
1!
1#
#5510396
0#
0!
0"
#5510404
1"
1!
1#
#5519996
0#
0!
0"
#5520004
1"
1!
1#
#5529596
0#
0!
0"
#5529604
1"
1!
1#
#5539196
0#
0!
0"
#5539204
1"
1!
1#
#5548796
0#
0!
0"
#5548804
1"
1!
1#
#5558396
0#
0!
0"
#5558404
1"
1!
1#
#5567996
0#
0!
0"
#5568004
1"
1!
1#
#5577596
0#
0!
0"
#5577604
1"
1!
1#
#5587196
0#
0!
0"
#5587204
1"
1!
1#
#5596796
0#
0!
0"
#5596804
1"
1!
1#
#5606396
0#
0!
0"
#5606404
1"
1!
1#
#5615996
0#
0!
0"
#5616004
1"
1!
1#
#5625596
0#
0!
0"
#5625604
1"
1!
1#
#5635196
0#
0!
0"
#5635204
1"
1!
1#
#5644796
0#
0!
0"
#5644804
1"
1!
1#
#5654396
0#
0!
0"
#5654404
1"
1!
1#
#5663996
0#
0!
0"
#5664004
1"
1!
1#
#5673596
0#
0!
0"
#5673604
1"
1!
1#
#5683196
0#
0!
0"
#5683204
1"
1!
1#
#5692796
0#
0!
0"
#5692804
1"
1!
1#
#5702396
0#
0!
0"
#5702404
1"
1!
1#
#5711996
0#
0!
0"
#5712004
1"
1!
1#
#5721596
0#
0!
0"
#5721604
1"
1!
1#
#5731196
0#
0!
0"
#5731204
1"
1!
1#
#5740796
0#
0!
0"
#5740804
1"
1!
1#
#5750396
0#
0!
0"
#5750404
1"
1!
1#
#5759996
0#
0!
0"
#5760004
1"
1!
1#
#5769596
0#
0!
0"
#5769604
1"
1!
1#
#5779196
0#
0!
0"
#5779204
1"
1!
1#
#5788796
0#
0!
0"
#5788804
1"
1!
1#
#5798396
0#
0!
0"
#5798404
1"
1!
1#
#5807996
0#
0!
0"
#5808004
1"
1!
1#
#5817596
0#
0!
0"
#5817604
1"
1!
1#
#5827196
0#
0!
0"
#5827204
1"
1!
1#
#5836796
0#
0!
0"
#5836804
1"
1!
1#
#5846396
0#
0!
0"
#5846404
1"
1!
1#
#5855996
0#
0!
0"
#5856004
1"
1!
1#
#5865596
0#
0!
0"
#5865604
1"
1!
1#
#5875196
0#
0!
0"
#5875204
1"
1!
1#
#5884796
0#
0!
0"
#5884804
1"
1!
1#
#5894396
0#
0!
0"
#5894404
1"
1!
1#
#5903996
0#
0!
0"
#5904004
1"
1!
1#
#5913596
0#
0!
0"
#5913604
1"
1!
1#
#5923196
0#
0!
0"
#5923204
1"
1!
1#
#5932796
0#
0!
0"
#5932804
1"
1!
1#
#5942396
0#
0!
0"
#5942404
1"
1!
1#
#5951996
0#
0!
0"
#5952004
1"
1!
1#
#5961596
0#
0!
0"
#5961604
1"
1!
1#
#5971196
0#
0!
0"
#5971204
1"
1!
1#
#5980796
0#
0!
0"
#5980804
1"
1!
1#
#5990396
0#
0!
0"
#5990404
1"
1!
1#
#5999996
0#
0!
0"
#6000004
1"
1!
1#
#6009596
0#
0!
0"
#6009604
1"
1!
1#
#6019196
0#
0!
0"
#6019204
1"
1!
1#
#6028796
0#
0!
0"
#6028804
1"
1!
1#
#6038396
0#
0!
0"
#6038404
1"
1!
1#
#6047996
0#
0!
0"
#6048004
1"
1!
1#
#6057596
0#
0!
0"
#6057604
1"
1!
1#
#6067196
0#
0!
0"
#6067204
1"
1!
1#
#6076796
0#
0!
0"
#6076804
1"
1!
1#
#6086396
0#
0!
0"
#6086404
1"
1!
1#
#6095996
0#
0!
0"
#6096004
1"
1!
1#
#6105596
0#
0!
0"
#6105604
1"
1!
1#
#6115196
0#
0!
0"
#6115204
1"
1!
1#
#6124796
0#
0!
0"
#6124804
1"
1!
1#
#6134396
0#
0!
0"
#6134404
1"
1!
1#
#6143996
0#
0!
0"
#6144004
1"
1!
1#
#6153596
0#
0!
0"
#6153604
1"
1!
1#
#6163196
0#
0!
0"
#6163204
1"
1!
1#
#6172796
0#
0!
0"
#6172804
1"
1!
1#
#6182396
0#
0!
0"
#6182404
1"
1!
1#
#6191996
0#
0!
0"
#6192004
1"
1!
1#
#6201596
0#
0!
0"
#6201604
1"
1!
1#
#6211196
0#
0!
0"
#6211204
1"
1!
1#
#6220796
0#
0!
0"
#6220804
1"
1!
1#
#6230396
0#
0!
0"
#6230404
1"
1!
1#
#6239996
0#
0!
0"
#6240004
1"
1!
1#
#6249596
0#
0!
0"
#6249604
1"
1!
1#
#6259196
0#
0!
0"
#6259204
1"
1!
1#
#6268796
0#
0!
0"
#6268804
1"
1!
1#
#6278396
0#
0!
0"
#6278404
1"
1!
1#
#6287996
0#
0!
0"
#6288004
1"
1!
1#
#6297596
0#
0!
0"
#6297604
1"
1!
1#
#6307196
0#
0!
0"
#6307204
1"
1!
1#
#6316796
0#
0!
0"
#6316804
1"
1!
1#
#6326396
0#
0!
0"
#6326404
1"
1!
1#
#6335996
0#
0!
0"
#6336004
1"
1!
1#
#6345596
0#
0!
0"
#6345604
1"
1!
1#
#6355196
0#
0!
0"
#6355204
1"
1!
1#
#6364796
0#
0!
0"
#6364804
1"
1!
1#
#6374396
0#
0!
0"
#6374404
1"
1!
1#
#6383996
0#
0!
0"
#6384004
1"
1!
1#
#6393596
0#
0!
0"
#6393604
1"
1!
1#
#6403196
0#
0!
0"
#6403204
1"
1!
1#
#6412796
0#
0!
0"
#6412804
1"
1!
1#
#6422396
0#
0!
0"
#6422404
1"
1!
1#
#6431996
0#
0!
0"
#6432004
1"
1!
1#
#6441596
0#
0!
0"
#6441604
1"
1!
1#
#6451196
0#
0!
0"
#6451204
1"
1!
1#
#6460796
0#
0!
0"
#6460804
1"
1!
1#
#6470396
0#
0!
0"
#6470404
1"
1!
1#
#6479996
0#
0!
0"
#6480004
1"
1!
1#
#6489596
0#
0!
0"
#6489604
1"
1!
1#
#6499196
0#
0!
0"
#6499204
1"
1!
1#
#6508796
0#
0!
0"
#6508804
1"
1!
1#
#6518396
0#
0!
0"
#6518404
1"
1!
1#
#6527996
0#
0!
0"
#6528004
1"
1!
1#
#6537596
0#
0!
0"
#6537604
1"
1!
1#
#6547196
0#
0!
0"
#6547204
1"
1!
1#
#6556796
0#
0!
0"
#6556804
1"
1!
1#
#6566396
0#
0!
0"
#6566404
1"
1!
1#
#6575996
0#
0!
0"
#6576004
1"
1!
1#
#6585596
0#
0!
0"
#6585604
1"
1!
1#
#6595196
0#
0!
0"
#6595204
1"
1!
1#
#6604796
0#
0!
0"
#6604804
1"
1!
1#
#6614396
0#
0!
0"
#6614404
1"
1!
1#
#6623996
0#
0!
0"
#6624004
1"
1!
1#
#6633596
0#
0!
0"
#6633604
1"
1!
1#
#6643196
0#
0!
0"
#6643204
1"
1!
1#
#6652796
0#
0!
0"
#6652804
1"
1!
1#
#6662396
0#
0!
0"
#6662404
1"
1!
1#
#6671996
0#
0!
0"
#6672004
1"
1!
1#
#6681596
0#
0!
0"
#6681604
1"
1!
1#
#6691196
0#
0!
0"
#6691204
1"
1!
1#
#6700796
0#
0!
0"
#6700804
1"
1!
1#
#6710396
0#
0!
0"
#6710404
1"
1!
1#
#6719996
0#
0!
0"
#6720004
1"
1!
1#
#6729596
0#
0!
0"
#6729604
1"
1!
1#
#6739196
0#
0!
0"
#6739204
1"
1!
1#
#6748796
0#
0!
0"
#6748804
1"
1!
1#
#6758396
0#
0!
0"
#6758404
1"
1!
1#
#6767996
0#
0!
0"
#6768004
1"
1!
1#
#6777596
0#
0!
0"
#6777604
1"
1!
1#
#6787196
0#
0!
0"
#6787204
1"
1!
1#
#6796796
0#
0!
0"
#6796804
1"
1!
1#
#6806396
0#
0!
0"
#6806404
1"
1!
1#
#6815996
0#
0!
0"
#6816004
1"
1!
1#
#6825596
0#
0!
0"
#6825604
1"
1!
1#
#6835196
0#
0!
0"
#6835204
1"
1!
1#
#6844796
0#
0!
0"
#6844804
1"
1!
1#
#6854396
0#
0!
0"
#6854404
1"
1!
1#
#6863996
0#
0!
0"
#6864004
1"
1!
1#
#6873596
0#
0!
0"
#6873604
1"
1!
1#
#6883196
0#
0!
0"
#6883204
1"
1!
1#
#6892796
0#
0!
0"
#6892804
1"
1!
1#
#6902396
0#
0!
0"
#6902404
1"
1!
1#
#6911996
0#
0!
0"
#6912004
1"
1!
1#
#6921596
0#
0!
0"
#6921604
1"
1!
1#
#6931196
0#
0!
0"
#6931204
1"
1!
1#
#6940796
0#
0!
0"
#6940804
1"
1!
1#
#6950396
0#
0!
0"
#6950404
1"
1!
1#
#6959996
0#
0!
0"
#6960004
1"
1!
1#
#6969596
0#
0!
0"
#6969604
1"
1!
1#
#6979196
0#
0!
0"
#6979204
1"
1!
1#
#6988796
0#
0!
0"
#6988804
1"
1!
1#
#6998396
0#
0!
0"
#6998404
1"
1!
1#
#7007996
0#
0!
0"
#7008004
1"
1!
1#
#7017596
0#
0!
0"
#7017604
1"
1!
1#
#7027196
0#
0!
0"
#7027204
1"
1!
1#
#7036796
0#
0!
0"
#7036804
1"
1!
1#
#7046396
0#
0!
0"
#7046404
1"
1!
1#
#7055996
0#
0!
0"
#7056004
1"
1!
1#
#7065596
0#
0!
0"
#7065604
1"
1!
1#
#7075196
0#
0!
0"
#7075204
1"
1!
1#
#7084796
0#
0!
0"
#7084804
1"
1!
1#
#7094396
0#
0!
0"
#7094404
1"
1!
1#
#7103996
0#
0!
0"
#7104004
1"
1!
1#
#7113596
0#
0!
0"
#7113604
1"
1!
1#
#7123196
0#
0!
0"
#7123204
1"
1!
1#
#7132796
0#
0!
0"
#7132804
1"
1!
1#
#7142396
0#
0!
0"
#7142404
1"
1!
1#
#7151996
0#
0!
0"
#7152004
1"
1!
1#
#7161596
0#
0!
0"
#7161604
1"
1!
1#
#7171196
0#
0!
0"
#7171204
1"
1!
1#
#7180796
0#
0!
0"
#7180804
1"
1!
1#
#7190396
0#
0!
0"
#7190404
1"
1!
1#
#7199996
0#
0!
0"
#7200004
1"
1!
1#
#7209596
0#
0!
0"
#7209604
1"
1!
1#
#7219196
0#
0!
0"
#7219204
1"
1!
1#
#7228796
0#
0!
0"
#7228804
1"
1!
1#
#7238396
0#
0!
0"
#7238404
1"
1!
1#
#7247996
0#
0!
0"
#7248004
1"
1!
1#
#7257596
0#
0!
0"
#7257604
1"
1!
1#
#7267196
0#
0!
0"
#7267204
1"
1!
1#
#7276796
0#
0!
0"
#7276804
1"
1!
1#
#7286396
0#
0!
0"
#7286404
1"
1!
1#
#7295996
0#
0!
0"
#7296004
1"
1!
1#
#7305596
0#
0!
0"
#7305604
1"
1!
1#
#7315196
0#
0!
0"
#7315204
1"
1!
1#
#7324796
0#
0!
0"
#7324804
1"
1!
1#
#7334396
0#
0!
0"
#7334404
1"
1!
1#
#7343996
0#
0!
0"
#7344004
1"
1!
1#
#7353596
0#
0!
0"
#7353604
1"
1!
1#
#7363196
0#
0!
0"
#7363204
1"
1!
1#
#7372796
0#
0!
0"
#7372804
1"
1!
1#
#7382396
0#
0!
0"
#7382404
1"
1!
1#
#7391996
0#
0!
0"
#7392004
1"
1!
1#
#7401596
0#
0!
0"
#7401604
1"
1!
1#
#7411196
0#
0!
0"
#7411204
1"
1!
1#
#7420796
0#
0!
0"
#7420804
1"
1!
1#
#7430396
0#
0!
0"
#7430404
1"
1!
1#
#7439996
0#
0!
0"
#7440004
1"
1!
1#
#7449596
0#
0!
0"
#7449604
1"
1!
1#
#7459196
0#
0!
0"
#7459204
1"
1!
1#
#7468796
0#
0!
0"
#7468804
1"
1!
1#
#7478396
0#
0!
0"
#7478404
1"
1!
1#
#7487996
0#
0!
0"
#7488004
1"
1!
1#
#7497596
0#
0!
0"
#7497604
1"
1!
1#
#7507196
0#
0!
0"
#7507204
1"
1!
1#
#7516796
0#
0!
0"
#7516804
1"
1!
1#
#7526396
0#
0!
0"
#7526404
1"
1!
1#
#7535996
0#
0!
0"
#7536004
1"
1!
1#
#7545596
0#
0!
0"
#7545604
1"
1!
1#
#7555196
0#
0!
0"
#7555204
1"
1!
1#
#7564796
0#
0!
0"
#7564804
1"
1!
1#
#7574396
0#
0!
0"
#7574404
1"
1!
1#
#7583996
0#
0!
0"
#7584004
1"
1!
1#
#7593596
0#
0!
0"
#7593604
1"
1!
1#
#7603196
0#
0!
0"
#7603204
1"
1!
1#
#7612796
0#
0!
0"
#7612804
1"
1!
1#
#7622396
0#
0!
0"
#7622404
1"
1!
1#
#7631996
0#
0!
0"
#7632004
1"
1!
1#
#7641596
0#
0!
0"
#7641604
1"
1!
1#
#7651196
0#
0!
0"
#7651204
1"
1!
1#
#7660796
0#
0!
0"
#7660804
1"
1!
1#
#7670396
0#
0!
0"
#7670404
1"
1!
1#
#7679996
0#
0!
0"
#7680004
1"
1!
1#
#7689596
0#
0!
0"
#7689604
1"
1!
1#
#7699196
0#
0!
0"
#7699204
1"
1!
1#
#7708796
0#
0!
0"
#7708804
1"
1!
1#
#7718396
0#
0!
0"
#7718404
1"
1!
1#
#7727996
0#
0!
0"
#7728004
1"
1!
1#
#7737596
0#
0!
0"
#7737604
1"
1!
1#
#7747196
0#
0!
0"
#7747204
1"
1!
1#
#7756796
0#
0!
0"
#7756804
1"
1!
1#
#7766396
0#
0!
0"
#7766404
1"
1!
1#
#7775996
0#
0!
0"
#7776004
1"
1!
1#
#7785596
0#
0!
0"
#7785604
1"
1!
1#
#7795196
0#
0!
0"
#7795204
1"
1!
1#
#7804796
0#
0!
0"
#7804804
1"
1!
1#
#7814396
0#
0!
0"
#7814404
1"
1!
1#
#7823996
0#
0!
0"
#7824004
1"
1!
1#
#7833596
0#
0!
0"
#7833604
1"
1!
1#
#7843196
0#
0!
0"
#7843204
1"
1!
1#
#7852796
0#
0!
0"
#7852804
1"
1!
1#
#7862396
0#
0!
0"
#7862404
1"
1!
1#
#7871996
0#
0!
0"
#7872004
1"
1!
1#
#7881596
0#
0!
0"
#7881604
1"
1!
1#
#7891196
0#
0!
0"
#7891204
1"
1!
1#
#7900796
0#
0!
0"
#7900804
1"
1!
1#
#7910396
0#
0!
0"
#7910404
1"
1!
1#
#7919996
0#
0!
0"
#7920004
1"
1!
1#
#7929596
0#
0!
0"
#7929604
1"
1!
1#
#7939196
0#
0!
0"
#7939204
1"
1!
1#
#7948796
0#
0!
0"
#7948804
1"
1!
1#
#7958396
0#
0!
0"
#7958404
1"
1!
1#
#7967996
0#
0!
0"
#7968004
1"
1!
1#
#7977596
0#
0!
0"
#7977604
1"
1!
1#
#7987196
0#
0!
0"
#7987204
1"
1!
1#
#7996796
0#
0!
0"
#7996804
1"
1!
1#
#8006396
0#
0!
0"
#8006404
1"
1!
1#
#8015996
0#
0!
0"
#8016004
1"
1!
1#
#8025596
0#
0!
0"
#8025604
1"
1!
1#
#8035196
0#
0!
0"
#8035204
1"
1!
1#
#8044796
0#
0!
0"
#8044804
1"
1!
1#
#8054396
0#
0!
0"
#8054404
1"
1!
1#
#8063996
0#
0!
0"
#8064004
1"
1!
1#
#8073596
0#
0!
0"
#8073604
1"
1!
1#
#8083196
0#
0!
0"
#8083204
1"
1!
1#
#8092796
0#
0!
0"
#8092804
1"
1!
1#
#8102396
0#
0!
0"
#8102404
1"
1!
1#
#8111996
0#
0!
0"
#8112004
1"
1!
1#
#8121596
0#
0!
0"
#8121604
1"
1!
1#
#8131196
0#
0!
0"
#8131204
1"
1!
1#
#8140796
0#
0!
0"
#8140804
1"
1!
1#
#8150396
0#
0!
0"
#8150404
1"
1!
1#
#8159996
0#
0!
0"
#8160004
1"
1!
1#
#8169596
0#
0!
0"
#8169604
1"
1!
1#
#8179196
0#
0!
0"
#8179204
1"
1!
1#
#8188796
0#
0!
0"
#8188804
1"
1!
1#
#8198396
0#
0!
0"
#8198404
1"
1!
1#
#8207996
0#
0!
0"
#8208004
1"
1!
1#
#8217596
0#
0!
0"
#8217604
1"
1!
1#
#8227196
0#
0!
0"
#8227204
1"
1!
1#
#8236796
0#
0!
0"
#8236804
1"
1!
1#
#8246396
0#
0!
0"
#8246404
1"
1!
1#
#8255996
0#
0!
0"
#8256004
1"
1!
1#
#8265596
0#
0!
0"
#8265604
1"
1!
1#
#8275196
0#
0!
0"
#8275204
1"
1!
1#
#8284796
0#
0!
0"
#8284804
1"
1!
1#
#8294396
0#
0!
0"
#8294404
1"
1!
1#
#8303996
0#
0!
0"
#8304004
1"
1!
1#
#8313596
0#
0!
0"
#8313604
1"
1!
1#
#8323196
0#
0!
0"
#8323204
1"
1!
1#
#8332796
0#
0!
0"
#8332804
1"
1!
1#
#8342396
0#
0!
0"
#8342404
1"
1!
1#
#8351996
0#
0!
0"
#8352004
1"
1!
1#
#8361596
0#
0!
0"
#8361604
1"
1!
1#
#8371196
0#
0!
0"
#8371204
1"
1!
1#
#8380796
0#
0!
0"
#8380804
1"
1!
1#
#8390396
0#
0!
0"
#8390404
1"
1!
1#
#8399996
0#
0!
0"
#8400004
1"
1!
1#
#8409596
0#
0!
0"
#8409604
1"
1!
1#
#8419196
0#
0!
0"
#8419204
1"
1!
1#
#8428796
0#
0!
0"
#8428804
1"
1!
1#
#8438396
0#
0!
0"
#8438404
1"
1!
1#
#8447996
0#
0!
0"
#8448004
1"
1!
1#
#8457596
0#
0!
0"
#8457604
1"
1!
1#
#8467196
0#
0!
0"
#8467204
1"
1!
1#
#8476796
0#
0!
0"
#8476804
1"
1!
1#
#8486396
0#
0!
0"
#8486404
1"
1!
1#
#8495996
0#
0!
0"
#8496004
1"
1!
1#
#8505596
0#
0!
0"
#8505604
1"
1!
1#
#8515196
0#
0!
0"
#8515204
1"
1!
1#
#8524796
0#
0!
0"
#8524804
1"
1!
1#
#8534396
0#
0!
0"
#8534404
1"
1!
1#
#8543996
0#
0!
0"
#8544004
1"
1!
1#
#8553596
0#
0!
0"
#8553604
1"
1!
1#
#8563196
0#
0!
0"
#8563204
1"
1!
1#
#8572796
0#
0!
0"
#8572804
1"
1!
1#
#8582396
0#
0!
0"
#8582404
1"
1!
1#
#8591996
0#
0!
0"
#8592004
1"
1!
1#
#8601596
0#
0!
0"
#8601604
1"
1!
1#
#8611196
0#
0!
0"
#8611204
1"
1!
1#
#8620796
0#
0!
0"
#8620804
1"
1!
1#
#8630396
0#
0!
0"
#8630404
1"
1!
1#
#8639996
0#
0!
0"
#8640004
1"
1!
1#
#8649596
0#
0!
0"
#8649604
1"
1!
1#
#8659196
0#
0!
0"
#8659204
1"
1!
1#
#8668796
0#
0!
0"
#8668804
1"
1!
1#
#8678396
0#
0!
0"
#8678404
1"
1!
1#
#8687996
0#
0!
0"
#8688004
1"
1!
1#
#8697596
0#
0!
0"
#8697604
1"
1!
1#
#8707196
0#
0!
0"
#8707204
1"
1!
1#
#8716796
0#
0!
0"
#8716804
1"
1!
1#
#8726396
0#
0!
0"
#8726404
1"
1!
1#
#8735996
0#
0!
0"
#8736004
1"
1!
1#
#8745596
0#
0!
0"
#8745604
1"
1!
1#
#8755196
0#
0!
0"
#8755204
1"
1!
1#
#8764796
0#
0!
0"
#8764804
1"
1!
1#
#8774396
0#
0!
0"
#8774404
1"
1!
1#
#8783996
0#
0!
0"
#8784004
1"
1!
1#
#8793596
0#
0!
0"
#8793604
1"
1!
1#
#8803196
0#
0!
0"
#8803204
1"
1!
1#
#8812796
0#
0!
0"
#8812804
1"
1!
1#
#8822396
0#
0!
0"
#8822404
1"
1!
1#
#8831996
0#
0!
0"
#8832004
1"
1!
1#
#8841596
0#
0!
0"
#8841604
1"
1!
1#
#8851196
0#
0!
0"
#8851204
1"
1!
1#
#8860796
0#
0!
0"
#8860804
1"
1!
1#
#8870396
0#
0!
0"
#8870404
1"
1!
1#
#8879996
0#
0!
0"
#8880004
1"
1!
1#
#8889596
0#
0!
0"
#8889604
1"
1!
1#
#8899196
0#
0!
0"
#8899204
1"
1!
1#
#8908796
0#
0!
0"
#8908804
1"
1!
1#
#8918396
0#
0!
0"
#8918404
1"
1!
1#
#8927996
0#
0!
0"
#8928004
1"
1!
1#
#8937596
0#
0!
0"
#8937604
1"
1!
1#
#8947196
0#
0!
0"
#8947204
1"
1!
1#
#8956796
0#
0!
0"
#8956804
1"
1!
1#
#8966396
0#
0!
0"
#8966404
1"
1!
1#
#8975996
0#
0!
0"
#8976004
1"
1!
1#
#8985596
0#
0!
0"
#8985604
1"
1!
1#
#8995196
0#
0!
0"
#8995204
1"
1!
1#
#9004796
0#
0!
0"
#9004804
1"
1!
1#
#9014396
0#
0!
0"
#9014404
1"
1!
1#
#9023996
0#
0!
0"
#9024004
1"
1!
1#
#9033596
0#
0!
0"
#9033604
1"
1!
1#
#9043196
0#
0!
0"
#9043204
1"
1!
1#
#9052796
0#
0!
0"
#9052804
1"
1!
1#
#9062396
0#
0!
0"
#9062404
1"
1!
1#
#9071996
0#
0!
0"
#9072004
1"
1!
1#
#9081596
0#
0!
0"
#9081604
1"
1!
1#
#9091196
0#
0!
0"
#9091204
1"
1!
1#
#9100796
0#
0!
0"
#9100804
1"
1!
1#
#9110396
0#
0!
0"
#9110404
1"
1!
1#
#9119996
0#
0!
0"
#9120004
1"
1!
1#
#9129596
0#
0!
0"
#9129604
1"
1!
1#
#9139196
0#
0!
0"
#9139204
1"
1!
1#
#9148796
0#
0!
0"
#9148804
1"
1!
1#
#9158396
0#
0!
0"
#9158404
1"
1!
1#
#9167996
0#
0!
0"
#9168004
1"
1!
1#
#9177596
0#
0!
0"
#9177604
1"
1!
1#
#9187196
0#
0!
0"
#9187204
1"
1!
1#
#9196796
0#
0!
0"
#9196804
1"
1!
1#
#9206396
0#
0!
0"
#9206404
1"
1!
1#
#9215996
0#
0!
0"
#9216004
1"
1!
1#
#9225596
0#
0!
0"
#9225604
1"
1!
1#
#9235196
0#
0!
0"
#9235204
1"
1!
1#
#9244796
0#
0!
0"
#9244804
1"
1!
1#
#9254396
0#
0!
0"
#9254404
1"
1!
1#
#9263996
0#
0!
0"
#9264004
1"
1!
1#
#9273596
0#
0!
0"
#9273604
1"
1!
1#
#9283196
0#
0!
0"
#9283204
1"
1!
1#
#9292796
0#
0!
0"
#9292804
1"
1!
1#
#9302396
0#
0!
0"
#9302404
1"
1!
1#
#9311996
0#
0!
0"
#9312004
1"
1!
1#
#9321596
0#
0!
0"
#9321604
1"
1!
1#
#9331196
0#
0!
0"
#9331204
1"
1!
1#
#9340796
0#
0!
0"
#9340804
1"
1!
1#
#9350396
0#
0!
0"
#9350404
1"
1!
1#
#9359996
0#
0!
0"
#9360004
1"
1!
1#
#9369596
0#
0!
0"
#9369604
1"
1!
1#
#9379196
0#
0!
0"
#9379204
1"
1!
1#
#9388796
0#
0!
0"
#9388804
1"
1!
1#
#9398396
0#
0!
0"
#9398404
1"
1!
1#
#9407996
0#
0!
0"
#9408004
1"
1!
1#
#9417596
0#
0!
0"
#9417604
1"
1!
1#
#9427196
0#
0!
0"
#9427204
1"
1!
1#
#9436796
0#
0!
0"
#9436804
1"
1!
1#
#9446396
0#
0!
0"
#9446404
1"
1!
1#
#9455996
0#
0!
0"
#9456004
1"
1!
1#
#9465596
0#
0!
0"
#9465604
1"
1!
1#
#9475196
0#
0!
0"
#9475204
1"
1!
1#
#9484796
0#
0!
0"
#9484804
1"
1!
1#
#9494396
0#
0!
0"
#9494404
1"
1!
1#
#9503996
0#
0!
0"
#9504004
1"
1!
1#
#9513596
0#
0!
0"
#9513604
1"
1!
1#
#9523196
0#
0!
0"
#9523204
1"
1!
1#
#9532796
0#
0!
0"
#9532804
1"
1!
1#
#9542396
0#
0!
0"
#9542404
1"
1!
1#
#9551996
0#
0!
0"
#9552004
1"
1!
1#
#9561596
0#
0!
0"
#9561604
1"
1!
1#
#9571196
0#
0!
0"
#9571204
1"
1!
1#
#9580796
0#
0!
0"
#9580804
1"
1!
1#
#9590396
0#
0!
0"
#9590404
1"
1!
1#
#9599996
0#
0!
0"
#9600004
1"
1!
1#
#9609596
0#
0!
0"
#9609604
1"
1!
1#
#9619196
0#
0!
0"
#9619204
1"
1!
1#
#9628796
0#
0!
0"
#9628804
1"
1!
1#
#9638396
0#
0!
0"
#9638404
1"
1!
1#
#9647996
0#
0!
0"
#9648004
1"
1!
1#
#9657596
0#
0!
0"
#9657604
1"
1!
1#
#9667196
0#
0!
0"
#9667204
1"
1!
1#
#9676796
0#
0!
0"
#9676804
1"
1!
1#
#9686396
0#
0!
0"
#9686404
1"
1!
1#
#9695996
0#
0!
0"
#9696004
1"
1!
1#
#9705596
0#
0!
0"
#9705604
1"
1!
1#
#9715196
0#
0!
0"
#9715204
1"
1!
1#
#9724796
0#
0!
0"
#9724804
1"
1!
1#
#9734396
0#
0!
0"
#9734404
1"
1!
1#
#9743996
0#
0!
0"
#9744004
1"
1!
1#
#9753596
0#
0!
0"
#9753604
1"
1!
1#
#9763196
0#
0!
0"
#9763204
1"
1!
1#
#9772796
0#
0!
0"
#9772804
1"
1!
1#
#9782396
0#
0!
0"
#9782404
1"
1!
1#
#9791996
0#
0!
0"
#9792004
1"
1!
1#
#9801596
0#
0!
0"
#9801604
1"
1!
1#
#9811196
0#
0!
0"
#9811204
1"
1!
1#
#9820796
0#
0!
0"
#9820804
1"
1!
1#
#9830396
0#
0!
0"
#9830404
1"
1!
1#
#9839996
0#
0!
0"
#9840004
1"
1!
1#
#9849596
0#
0!
0"
#9849604
1"
1!
1#
#9859196
0#
0!
0"
#9859204
1"
1!
1#
#9868796
0#
0!
0"
#9868804
1"
1!
1#
#9878396
0#
0!
0"
#9878404
1"
1!
1#
#9887996
0#
0!
0"
#9888004
1"
1!
1#
#9897596
0#
0!
0"
#9897604
1"
1!
1#
#9907196
0#
0!
0"
#9907204
1"
1!
1#
#9916796
0#
0!
0"
#9916804
1"
1!
1#
#9926396
0#
0!
0"
#9926404
1"
1!
1#
#9935996
0#
0!
0"
#9936004
1"
1!
1#
#9945596
0#
0!
0"
#9945604
1"
1!
1#
#9955196
0#
0!
0"
#9955204
1"
1!
1#
#9964796
0#
0!
0"
#9964804
1"
1!
1#
#9974396
0#
0!
0"
#9974404
1"
1!
1#
#9983996
0#
0!
0"
#9984004
1"
1!
1#
#9993596
0#
0!
0"
#9993604
1"
1!
1#
#10003196
0#
0!
0"
#10003204
1"
1!
1#
#10012796
0#
0!
0"
#10012804
1"
1!
1#
#10022396
0#
0!
0"
#10022404
1"
1!
1#
#10031996
0#
0!
0"
#10032004
1"
1!
1#
#10041596
0#
0!
0"
#10041604
1"
1!
1#
#10051196
0#
0!
0"
#10051204
1"
1!
1#
#10060796
0#
0!
0"
#10060804
1"
1!
1#
#10070396
0#
0!
0"
#10070404
1"
1!
1#
#10079996
0#
0!
0"
#10080004
1"
1!
1#
#10089596
0#
0!
0"
#10089604
1"
1!
1#
#10099196
0#
0!
0"
#10099204
1"
1!
1#
#10108796
0#
0!
0"
#10108804
1"
1!
1#
#10118396
0#
0!
0"
#10118404
1"
1!
1#
#10127996
0#
0!
0"
#10128004
1"
1!
1#
#10137596
0#
0!
0"
#10137604
1"
1!
1#
#10147196
0#
0!
0"
#10147204
1"
1!
1#
#10156796
0#
0!
0"
#10156804
1"
1!
1#
#10166396
0#
0!
0"
#10166404
1"
1!
1#
#10175996
0#
0!
0"
#10176004
1"
1!
1#
#10185596
0#
0!
0"
#10185604
1"
1!
1#
#10195196
0#
0!
0"
#10195204
1"
1!
1#
#10204796
0#
0!
0"
#10204804
1"
1!
1#
#10214396
0#
0!
0"
#10214404
1"
1!
1#
#10223996
0#
0!
0"
#10224004
1"
1!
1#
#10233596
0#
0!
0"
#10233604
1"
1!
1#
#10243196
0#
0!
0"
#10243204
1"
1!
1#
#10252796
0#
0!
0"
#10252804
1"
1!
1#
#10262396
0#
0!
0"
#10262404
1"
1!
1#
#10271996
0#
0!
0"
#10272004
1"
1!
1#
#10281596
0#
0!
0"
#10281604
1"
1!
1#
#10291196
0#
0!
0"
#10291204
1"
1!
1#
#10300796
0#
0!
0"
#10300804
1"
1!
1#
#10310396
0#
0!
0"
#10310404
1"
1!
1#
#10319996
0#
0!
0"
#10320004
1"
1!
1#
#10329596
0#
0!
0"
#10329604
1"
1!
1#
#10339196
0#
0!
0"
#10339204
1"
1!
1#
#10348796
0#
0!
0"
#10348804
1"
1!
1#
#10358396
0#
0!
0"
#10358404
1"
1!
1#
#10367996
0#
0!
0"
#10368004
1"
1!
1#
#10377596
0#
0!
0"
#10377604
1"
1!
1#
#10387196
0#
0!
0"
#10387204
1"
1!
1#
#10396796
0#
0!
0"
#10396804
1"
1!
1#
#10406396
0#
0!
0"
#10406404
1"
1!
1#
#10415996
0#
0!
0"
#10416004
1"
1!
1#
#10425596
0#
0!
0"
#10425604
1"
1!
1#
#10435196
0#
0!
0"
#10435204
1"
1!
1#
#10444796
0#
0!
0"
#10444804
1"
1!
1#
#10454396
0#
0!
0"
#10454404
1"
1!
1#
#10463996
0#
0!
0"
#10464004
1"
1!
1#
#10473596
0#
0!
0"
#10473604
1"
1!
1#
#10483196
0#
0!
0"
#10483204
1"
1!
1#
#10492796
0#
0!
0"
#10492804
1"
1!
1#
#10502396
0#
0!
0"
#10502404
1"
1!
1#
#10511996
0#
0!
0"
#10512004
1"
1!
1#
#10521596
0#
0!
0"
#10521604
1"
1!
1#
#10531196
0#
0!
0"
#10531204
1"
1!
1#
#10540796
0#
0!
0"
#10540804
1"
1!
1#
#10550396
0#
0!
0"
#10550404
1"
1!
1#
#10559996
0#
0!
0"
#10560004
1"
1!
1#
#10569596
0#
0!
0"
#10569604
1"
1!
1#
#10579196
0#
0!
0"
#10579204
1"
1!
1#
#10588796
0#
0!
0"
#10588804
1"
1!
1#
#10598396
0#
0!
0"
#10598404
1"
1!
1#
#10607996
0#
0!
0"
#10608004
1"
1!
1#
#10617596
0#
0!
0"
#10617604
1"
1!
1#
#10627196
0#
0!
0"
#10627204
1"
1!
1#
#10636796
0#
0!
0"
#10636804
1"
1!
1#
#10646396
0#
0!
0"
#10646404
1"
1!
1#
#10655996
0#
0!
0"
#10656004
1"
1!
1#
#10665596
0#
0!
0"
#10665604
1"
1!
1#
#10675196
0#
0!
0"
#10675204
1"
1!
1#
#10684796
0#
0!
0"
#10684804
1"
1!
1#
#10694396
0#
0!
0"
#10694404
1"
1!
1#
#10703996
0#
0!
0"
#10704004
1"
1!
1#
#10713596
0#
0!
0"
#10713604
1"
1!
1#
#10723196
0#
0!
0"
#10723204
1"
1!
1#
#10732796
0#
0!
0"
#10732804
1"
1!
1#
#10742396
0#
0!
0"
#10742404
1"
1!
1#
#10751996
0#
0!
0"
#10752004
1"
1!
1#
#10761596
0#
0!
0"
#10761604
1"
1!
1#
#10771196
0#
0!
0"
#10771204
1"
1!
1#
#10780796
0#
0!
0"
#10780804
1"
1!
1#
#10790396
0#
0!
0"
#10790404
1"
1!
1#
#10799996
0#
0!
0"
#10800004
1"
1!
1#
#10809596
0#
0!
0"
#10809604
1"
1!
1#
#10819196
0#
0!
0"
#10819204
1"
1!
1#
#10828796
0#
0!
0"
#10828804
1"
1!
1#
#10838396
0#
0!
0"
#10838404
1"
1!
1#
#10847996
0#
0!
0"
#10848004
1"
1!
1#
#10857596
0#
0!
0"
#10857604
1"
1!
1#
#10867196
0#
0!
0"
#10867204
1"
1!
1#
#10876796
0#
0!
0"
#10876804
1"
1!
1#
#10886396
0#
0!
0"
#10886404
1"
1!
1#
#10895996
0#
0!
0"
#10896004
1"
1!
1#
#10905596
0#
0!
0"
#10905604
1"
1!
1#
#10915196
0#
0!
0"
#10915204
1"
1!
1#
#10924796
0#
0!
0"
#10924804
1"
1!
1#
#10934396
0#
0!
0"
#10934404
1"
1!
1#
#10943996
0#
0!
0"
#10944004
1"
1!
1#
#10953596
0#
0!
0"
#10953604
1"
1!
1#
#10963196
0#
0!
0"
#10963204
1"
1!
1#
#10972796
0#
0!
0"
#10972804
1"
1!
1#
#10982396
0#
0!
0"
#10982404
1"
1!
1#
#10991996
0#
0!
0"
#10992004
1"
1!
1#
#11001596
0#
0!
0"
#11001604
1"
1!
1#
#11011196
0#
0!
0"
#11011204
1"
1!
1#
#11020796
0#
0!
0"
#11020804
1"
1!
1#
#11030396
0#
0!
0"
#11030404
1"
1!
1#
#11039996
0#
0!
0"
#11040004
1"
1!
1#
#11049596
0#
0!
0"
#11049604
1"
1!
1#
#11059196
0#
0!
0"
#11059204
1"
1!
1#
#11068796
0#
0!
0"
#11068804
1"
1!
1#
#11078396
0#
0!
0"
#11078404
1"
1!
1#
#11087996
0#
0!
0"
#11088004
1"
1!
1#
#11097596
0#
0!
0"
#11097604
1"
1!
1#
#11107196
0#
0!
0"
#11107204
1"
1!
1#
#11116796
0#
0!
0"
#11116804
1"
1!
1#
#11126396
0#
0!
0"
#11126404
1"
1!
1#
#11135996
0#
0!
0"
#11136004
1"
1!
1#
#11145596
0#
0!
0"
#11145604
1"
1!
1#
#11155196
0#
0!
0"
#11155204
1"
1!
1#
#11164796
0#
0!
0"
#11164804
1"
1!
1#
#11174396
0#
0!
0"
#11174404
1"
1!
1#
#11183996
0#
0!
0"
#11184004
1"
1!
1#
#11193596
0#
0!
0"
#11193604
1"
1!
1#
#11203196
0#
0!
0"
#11203204
1"
1!
1#
#11212796
0#
0!
0"
#11212804
1"
1!
1#
#11222396
0#
0!
0"
#11222404
1"
1!
1#
#11231996
0#
0!
0"
#11232004
1"
1!
1#
#11241596
0#
0!
0"
#11241604
1"
1!
1#
#11251196
0#
0!
0"
#11251204
1"
1!
1#
#11260796
0#
0!
0"
#11260804
1"
1!
1#
#11270396
0#
0!
0"
#11270404
1"
1!
1#
#11279996
0#
0!
0"
#11280004
1"
1!
1#
#11289596
0#
0!
0"
#11289604
1"
1!
1#
#11299196
0#
0!
0"
#11299204
1"
1!
1#
#11308796
0#
0!
0"
#11308804
1"
1!
1#
#11318396
0#
0!
0"
#11318404
1"
1!
1#
#11327996
0#
0!
0"
#11328004
1"
1!
1#
#11337596
0#
0!
0"
#11337604
1"
1!
1#
#11347196
0#
0!
0"
#11347204
1"
1!
1#
#11356796
0#
0!
0"
#11356804
1"
1!
1#
#11366396
0#
0!
0"
#11366404
1"
1!
1#
#11375996
0#
0!
0"
#11376004
1"
1!
1#
#11385596
0#
0!
0"
#11385604
1"
1!
1#
#11395196
0#
0!
0"
#11395204
1"
1!
1#
#11404796
0#
0!
0"
#11404804
1"
1!
1#
#11414396
0#
0!
0"
#11414404
1"
1!
1#
#11423996
0#
0!
0"
#11424004
1"
1!
1#
#11433596
0#
0!
0"
#11433604
1"
1!
1#
#11443196
0#
0!
0"
#11443204
1"
1!
1#
#11452796
0#
0!
0"
#11452804
1"
1!
1#
#11462396
0#
0!
0"
#11462404
1"
1!
1#
#11471996
0#
0!
0"
#11472004
1"
1!
1#
#11481596
0#
0!
0"
#11481604
1"
1!
1#
#11491196
0#
0!
0"
#11491204
1"
1!
1#
#11500796
0#
0!
0"
#11500804
1"
1!
1#
#11510396
0#
0!
0"
#11510404
1"
1!
1#
#11519996
0#
0!
0"
#11520004
1"
1!
1#
#11529596
0#
0!
0"
#11529604
1"
1!
1#
#11539196
0#
0!
0"
#11539204
1"
1!
1#
#11548796
0#
0!
0"
#11548804
1"
1!
1#
#11558396
0#
0!
0"
#11558404
1"
1!
1#
#11567996
0#
0!
0"
#11568004
1"
1!
1#
#11577596
0#
0!
0"
#11577604
1"
1!
1#
#11587196
0#
0!
0"
#11587204
1"
1!
1#
#11596796
0#
0!
0"
#11596804
1"
1!
1#
#11606396
0#
0!
0"
#11606404
1"
1!
1#
#11615996
0#
0!
0"
#11616004
1"
1!
1#
#11625596
0#
0!
0"
#11625604
1"
1!
1#
#11635196
0#
0!
0"
#11635204
1"
1!
1#
#11644796
0#
0!
0"
#11644804
1"
1!
1#
#11654396
0#
0!
0"
#11654404
1"
1!
1#
#11663996
0#
0!
0"
#11664004
1"
1!
1#
#11673596
0#
0!
0"
#11673604
1"
1!
1#
#11683196
0#
0!
0"
#11683204
1"
1!
1#
#11692796
0#
0!
0"
#11692804
1"
1!
1#
#11702396
0#
0!
0"
#11702404
1"
1!
1#
#11711996
0#
0!
0"
#11712004
1"
1!
1#
#11721596
0#
0!
0"
#11721604
1"
1!
1#
#11731196
0#
0!
0"
#11731204
1"
1!
1#
#11740796
0#
0!
0"
#11740804
1"
1!
1#
#11750396
0#
0!
0"
#11750404
1"
1!
1#
#11759996
0#
0!
0"
#11760004
1"
1!
1#
#11769596
0#
0!
0"
#11769604
1"
1!
1#
#11779196
0#
0!
0"
#11779204
1"
1!
1#
#11788796
0#
0!
0"
#11788804
1"
1!
1#
#11798396
0#
0!
0"
#11798404
1"
1!
1#
#11807996
0#
0!
0"
#11808004
1"
1!
1#
#11817596
0#
0!
0"
#11817604
1"
1!
1#
#11827196
0#
0!
0"
#11827204
1"
1!
1#
#11836796
0#
0!
0"
#11836804
1"
1!
1#
#11846396
0#
0!
0"
#11846404
1"
1!
1#
#11855996
0#
0!
0"
#11856004
1"
1!
1#
#11865596
0#
0!
0"
#11865604
1"
1!
1#
#11875196
0#
0!
0"
#11875204
1"
1!
1#
#11884796
0#
0!
0"
#11884804
1"
1!
1#
#11894396
0#
0!
0"
#11894404
1"
1!
1#
#11903996
0#
0!
0"
#11904004
1"
1!
1#
#11913596
0#
0!
0"
#11913604
1"
1!
1#
#11923196
0#
0!
0"
#11923204
1"
1!
1#
#11932796
0#
0!
0"
#11932804
1"
1!
1#
#11942396
0#
0!
0"
#11942404
1"
1!
1#
#11951996
0#
0!
0"
#11952004
1"
1!
1#
#11961596
0#
0!
0"
#11961604
1"
1!
1#
#11971196
0#
0!
0"
#11971204
1"
1!
1#
#11980796
0#
0!
0"
#11980804
1"
1!
1#
#11990396
0#
0!
0"
#11990404
1"
1!
1#
#11999996
0#
0!
0"
#12000004
1"
1!
1#
#12009596
0#
0!
0"
#12009604
1"
1!
1#
#12019196
0#
0!
0"
#12019204
1"
1!
1#
#12028796
0#
0!
0"
#12028804
1"
1!
1#
#12038396
0#
0!
0"
#12038404
1"
1!
1#
#12047996
0#
0!
0"
#12048004
1"
1!
1#
#12057596
0#
0!
0"
#12057604
1"
1!
1#
#12067196
0#
0!
0"
#12067204
1"
1!
1#
#12076796
0#
0!
0"
#12076804
1"
1!
1#
#12086396
0#
0!
0"
#12086404
1"
1!
1#
#12095996
0#
0!
0"
#12096004
1"
1!
1#
#12105596
0#
0!
0"
#12105604
1"
1!
1#
#12115196
0#
0!
0"
#12115204
1"
1!
1#
#12124796
0#
0!
0"
#12124804
1"
1!
1#
#12134396
0#
0!
0"
#12134404
1"
1!
1#
#12143996
0#
0!
0"
#12144004
1"
1!
1#
#12153596
0#
0!
0"
#12153604
1"
1!
1#
#12163196
0#
0!
0"
#12163204
1"
1!
1#
#12172796
0#
0!
0"
#12172804
1"
1!
1#
#12182396
0#
0!
0"
#12182404
1"
1!
1#
#12191996
0#
0!
0"
#12192004
1"
1!
1#
#12201596
0#
0!
0"
#12201604
1"
1!
1#
#12211196
0#
0!
0"
#12211204
1"
1!
1#
#12220796
0#
0!
0"
#12220804
1"
1!
1#
#12230396
0#
0!
0"
#12230404
1"
1!
1#
#12239996
0#
0!
0"
#12240004
1"
1!
1#
#12249596
0#
0!
0"
#12249604
1"
1!
1#
#12259196
0#
0!
0"
#12259204
1"
1!
1#
#12268796
0#
0!
0"
#12268804
1"
1!
1#
#12278396
0#
0!
0"
#12278404
1"
1!
1#
#12287996
0#
0!
0"
#12288004
1"
1!
1#
#12297596
0#
0!
0"
#12297604
1"
1!
1#
#12307196
0#
0!
0"
#12307204
1"
1!
1#
#12316796
0#
0!
0"
#12316804
1"
1!
1#
#12326396
0#
0!
0"
#12326404
1"
1!
1#
#12335996
0#
0!
0"
#12336004
1"
1!
1#
#12345596
0#
0!
0"
#12345604
1"
1!
1#
#12355196
0#
0!
0"
#12355204
1"
1!
1#
#12364796
0#
0!
0"
#12364804
1"
1!
1#
#12374396
0#
0!
0"
#12374404
1"
1!
1#
#12383996
0#
0!
0"
#12384004
1"
1!
1#
#12393596
0#
0!
0"
#12393604
1"
1!
1#
#12403196
0#
0!
0"
#12403204
1"
1!
1#
#12412796
0#
0!
0"
#12412804
1"
1!
1#
#12422396
0#
0!
0"
#12422404
1"
1!
1#
#12431996
0#
0!
0"
#12432004
1"
1!
1#
#12441596
0#
0!
0"
#12441604
1"
1!
1#
#12451196
0#
0!
0"
#12451204
1"
1!
1#
#12460796
0#
0!
0"
#12460804
1"
1!
1#
#12470396
0#
0!
0"
#12470404
1"
1!
1#
#12479996
0#
0!
0"
#12480004
1"
1!
1#
#12489596
0#
0!
0"
#12489604
1"
1!
1#
#12499196
0#
0!
0"
#12499204
1"
1!
1#
#12508796
0#
0!
0"
#12508804
1"
1!
1#
#12518396
0#
0!
0"
#12518404
1"
1!
1#
#12527996
0#
0!
0"
#12528004
1"
1!
1#
#12537596
0#
0!
0"
#12537604
1"
1!
1#
#12547196
0#
0!
0"
#12547204
1"
1!
1#
#12556796
0#
0!
0"
#12556804
1"
1!
1#
#12566396
0#
0!
0"
#12566404
1"
1!
1#
#12575996
0#
0!
0"
#12576004
1"
1!
1#
#12585596
0#
0!
0"
#12585604
1"
1!
1#
#12595196
0#
0!
0"
#12595204
1"
1!
1#
#12604796
0#
0!
0"
#12604804
1"
1!
1#
#12614396
0#
0!
0"
#12614404
1"
1!
1#
#12623996
0#
0!
0"
#12624004
1"
1!
1#
#12633596
0#
0!
0"
#12633604
1"
1!
1#
#12643196
0#
0!
0"
#12643204
1"
1!
1#
#12652796
0#
0!
0"
#12652804
1"
1!
1#
#12662396
0#
0!
0"
#12662404
1"
1!
1#
#12671996
0#
0!
0"
#12672004
1"
1!
1#
#12681596
0#
0!
0"
#12681604
1"
1!
1#
#12691196
0#
0!
0"
#12691204
1"
1!
1#
#12700796
0#
0!
0"
#12700804
1"
1!
1#
#12710396
0#
0!
0"
#12710404
1"
1!
1#
#12719996
0#
0!
0"
#12720004
1"
1!
1#
#12729596
0#
0!
0"
#12729604
1"
1!
1#
#12739196
0#
0!
0"
#12739204
1"
1!
1#
#12748796
0#
0!
0"
#12748804
1"
1!
1#
#12758396
0#
0!
0"
#12758404
1"
1!
1#
#12767996
0#
0!
0"
#12768004
1"
1!
1#
#12777596
0#
0!
0"
#12777604
1"
1!
1#
#12787196
0#
0!
0"
#12787204
1"
1!
1#
#12796796
0#
0!
0"
#12796804
1"
1!
1#
#12806396
0#
0!
0"
#12806404
1"
1!
1#
#12815996
0#
0!
0"
#12816004
1"
1!
1#
#12825596
0#
0!
0"
#12825604
1"
1!
1#
#12835196
0#
0!
0"
#12835204
1"
1!
1#
#12844796
0#
0!
0"
#12844804
1"
1!
1#
#12854396
0#
0!
0"
#12854404
1"
1!
1#
#12863996
0#
0!
0"
#12864004
1"
1!
1#
#12873596
0#
0!
0"
#12873604
1"
1!
1#
#12883196
0#
0!
0"
#12883204
1"
1!
1#
#12892796
0#
0!
0"
#12892804
1"
1!
1#
#12902396
0#
0!
0"
#12902404
1"
1!
1#
#12911996
0#
0!
0"
#12912004
1"
1!
1#
#12921596
0#
0!
0"
#12921604
1"
1!
1#
#12931196
0#
0!
0"
#12931204
1"
1!
1#
#12940796
0#
0!
0"
#12940804
1"
1!
1#
#12950396
0#
0!
0"
#12950404
1"
1!
1#
#12959996
0#
0!
0"
#12960004
1"
1!
1#
#12969596
0#
0!
0"
#12969604
1"
1!
1#
#12979196
0#
0!
0"
#12979204
1"
1!
1#
#12988796
0#
0!
0"
#12988804
1"
1!
1#
#12998396
0#
0!
0"
#12998404
1"
1!
1#
#13007996
0#
0!
0"
#13008004
1"
1!
1#
#13017596
0#
0!
0"
#13017604
1"
1!
1#
#13027196
0#
0!
0"
#13027204
1"
1!
1#
#13036796
0#
0!
0"
#13036804
1"
1!
1#
#13046396
0#
0!
0"
#13046404
1"
1!
1#
#13055996
0#
0!
0"
#13056004
1"
1!
1#
#13065596
0#
0!
0"
#13065604
1"
1!
1#
#13075196
0#
0!
0"
#13075204
1"
1!
1#
#13084796
0#
0!
0"
#13084804
1"
1!
1#
#13094396
0#
0!
0"
#13094404
1"
1!
1#
#13103996
0#
0!
0"
#13104004
1"
1!
1#
#13113596
0#
0!
0"
#13113604
1"
1!
1#
#13123196
0#
0!
0"
#13123204
1"
1!
1#
#13132796
0#
0!
0"
#13132804
1"
1!
1#
#13142396
0#
0!
0"
#13142404
1"
1!
1#
#13151996
0#
0!
0"
#13152004
1"
1!
1#
#13161596
0#
0!
0"
#13161604
1"
1!
1#
#13171196
0#
0!
0"
#13171204
1"
1!
1#
#13180796
0#
0!
0"
#13180804
1"
1!
1#
#13190396
0#
0!
0"
#13190404
1"
1!
1#
#13199996
0#
0!
0"
#13200004
1"
1!
1#
#13209596
0#
0!
0"
#13209604
1"
1!
1#
#13219196
0#
0!
0"
#13219204
1"
1!
1#
#13228796
0#
0!
0"
#13228804
1"
1!
1#
#13238396
0#
0!
0"
#13238404
1"
1!
1#
#13247996
0#
0!
0"
#13248004
1"
1!
1#
#13257596
0#
0!
0"
#13257604
1"
1!
1#
#13267196
0#
0!
0"
#13267204
1"
1!
1#
#13276796
0#
0!
0"
#13276804
1"
1!
1#
#13286396
0#
0!
0"
#13286404
1"
1!
1#
#13295996
0#
0!
0"
#13296004
1"
1!
1#
#13305596
0#
0!
0"
#13305604
1"
1!
1#
#13315196
0#
0!
0"
#13315204
1"
1!
1#
#13324796
0#
0!
0"
#13324804
1"
1!
1#
#13334396
0#
0!
0"
#13334404
1"
1!
1#
#13343996
0#
0!
0"
#13344004
1"
1!
1#
#13353596
0#
0!
0"
#13353604
1"
1!
1#
#13363196
0#
0!
0"
#13363204
1"
1!
1#
#13372796
0#
0!
0"
#13372804
1"
1!
1#
#13382396
0#
0!
0"
#13382404
1"
1!
1#
#13391996
0#
0!
0"
#13392004
1"
1!
1#
#13401596
0#
0!
0"
#13401604
1"
1!
1#
#13411196
0#
0!
0"
#13411204
1"
1!
1#
#13420796
0#
0!
0"
#13420804
1"
1!
1#
#13430396
0#
0!
0"
#13430404
1"
1!
1#
#13439996
0#
0!
0"
#13440004
1"
1!
1#
#13449596
0#
0!
0"
#13449604
1"
1!
1#
#13459196
0#
0!
0"
#13459204
1"
1!
1#
#13468796
0#
0!
0"
#13468804
1"
1!
1#
#13478396
0#
0!
0"
#13478404
1"
1!
1#
#13487996
0#
0!
0"
#13488004
1"
1!
1#
#13497596
0#
0!
0"
#13497604
1"
1!
1#
#13507196
0#
0!
0"
#13507204
1"
1!
1#
#13516796
0#
0!
0"
#13516804
1"
1!
1#
#13526396
0#
0!
0"
#13526404
1"
1!
1#
#13535996
0#
0!
0"
#13536004
1"
1!
1#
#13545596
0#
0!
0"
#13545604
1"
1!
1#
#13555196
0#
0!
0"
#13555204
1"
1!
1#
#13564796
0#
0!
0"
#13564804
1"
1!
1#
#13574396
0#
0!
0"
#13574404
1"
1!
1#
#13583996
0#
0!
0"
#13584004
1"
1!
1#
#13593596
0#
0!
0"
#13593604
1"
1!
1#
#13603196
0#
0!
0"
#13603204
1"
1!
1#
#13612796
0#
0!
0"
#13612804
1"
1!
1#
#13622396
0#
0!
0"
#13622404
1"
1!
1#
#13631996
0#
0!
0"
#13632004
1"
1!
1#
#13641596
0#
0!
0"
#13641604
1"
1!
1#
#13651196
0#
0!
0"
#13651204
1"
1!
1#
#13660796
0#
0!
0"
#13660804
1"
1!
1#
#13670396
0#
0!
0"
#13670404
1"
1!
1#
#13679996
0#
0!
0"
#13680004
1"
1!
1#
#13689596
0#
0!
0"
#13689604
1"
1!
1#
#13699196
0#
0!
0"
#13699204
1"
1!
1#
#13708796
0#
0!
0"
#13708804
1"
1!
1#
#13718396
0#
0!
0"
#13718404
1"
1!
1#
#13727996
0#
0!
0"
#13728004
1"
1!
1#
#13737596
0#
0!
0"
#13737604
1"
1!
1#
#13747196
0#
0!
0"
#13747204
1"
1!
1#
#13756796
0#
0!
0"
#13756804
1"
1!
1#
#13766396
0#
0!
0"
#13766404
1"
1!
1#
#13775996
0#
0!
0"
#13776004
1"
1!
1#
#13785596
0#
0!
0"
#13785604
1"
1!
1#
#13795196
0#
0!
0"
#13795204
1"
1!
1#
#13804796
0#
0!
0"
#13804804
1"
1!
1#
#13814396
0#
0!
0"
#13814404
1"
1!
1#
#13823996
0#
0!
0"
#13824004
1"
1!
1#
#13833596
0#
0!
0"
#13833604
1"
1!
1#
#13843196
0#
0!
0"
#13843204
1"
1!
1#
#13852796
0#
0!
0"
#13852804
1"
1!
1#
#13862396
0#
0!
0"
#13862404
1"
1!
1#
#13871996
0#
0!
0"
#13872004
1"
1!
1#
#13881596
0#
0!
0"
#13881604
1"
1!
1#
#13891196
0#
0!
0"
#13891204
1"
1!
1#
#13900796
0#
0!
0"
#13900804
1"
1!
1#
#13910396
0#
0!
0"
#13910404
1"
1!
1#
#13919996
0#
0!
0"
#13920004
1"
1!
1#
#13929596
0#
0!
0"
#13929604
1"
1!
1#
#13939196
0#
0!
0"
#13939204
1"
1!
1#
#13948796
0#
0!
0"
#13948804
1"
1!
1#
#13958396
0#
0!
0"
#13958404
1"
1!
1#
#13967996
0#
0!
0"
#13968004
1"
1!
1#
#13977596
0#
0!
0"
#13977604
1"
1!
1#
#13987196
0#
0!
0"
#13987204
1"
1!
1#
#13996796
0#
0!
0"
#13996804
1"
1!
1#
#14006396
0#
0!
0"
#14006404
1"
1!
1#
#14015996
0#
0!
0"
#14016004
1"
1!
1#
#14025596
0#
0!
0"
#14025604
1"
1!
1#
#14035196
0#
0!
0"
#14035204
1"
1!
1#
#14044796
0#
0!
0"
#14044804
1"
1!
1#
#14054396
0#
0!
0"
#14054404
1"
1!
1#
#14063996
0#
0!
0"
#14064004
1"
1!
1#
#14073596
0#
0!
0"
#14073604
1"
1!
1#
#14083196
0#
0!
0"
#14083204
1"
1!
1#
#14092796
0#
0!
0"
#14092804
1"
1!
1#
#14102396
0#
0!
0"
#14102404
1"
1!
1#
#14111996
0#
0!
0"
#14112004
1"
1!
1#
#14121596
0#
0!
0"
#14121604
1"
1!
1#
#14131196
0#
0!
0"
#14131204
1"
1!
1#
#14140796
0#
0!
0"
#14140804
1"
1!
1#
#14150396
0#
0!
0"
#14150404
1"
1!
1#
#14159996
0#
0!
0"
#14160004
1"
1!
1#
#14169596
0#
0!
0"
#14169604
1"
1!
1#
#14179196
0#
0!
0"
#14179204
1"
1!
1#
#14188796
0#
0!
0"
#14188804
1"
1!
1#
#14198396
0#
0!
0"
#14198404
1"
1!
1#
#14207996
0#
0!
0"
#14208004
1"
1!
1#
#14217596
0#
0!
0"
#14217604
1"
1!
1#
#14227196
0#
0!
0"
#14227204
1"
1!
1#
#14236796
0#
0!
0"
#14236804
1"
1!
1#
#14246396
0#
0!
0"
#14246404
1"
1!
1#
#14255996
0#
0!
0"
#14256004
1"
1!
1#
#14265596
0#
0!
0"
#14265604
1"
1!
1#
#14275196
0#
0!
0"
#14275204
1"
1!
1#
#14284796
0#
0!
0"
#14284804
1"
1!
1#
#14294396
0#
0!
0"
#14294404
1"
1!
1#
#14303996
0#
0!
0"
#14304004
1"
1!
1#
#14313596
0#
0!
0"
#14313604
1"
1!
1#
#14323196
0#
0!
0"
#14323204
1"
1!
1#
#14332796
0#
0!
0"
#14332804
1"
1!
1#
#14342396
0#
0!
0"
#14342404
1"
1!
1#
#14351996
0#
0!
0"
#14352004
1"
1!
1#
#14361596
0#
0!
0"
#14361604
1"
1!
1#
#14371196
0#
0!
0"
#14371204
1"
1!
1#
#14380796
0#
0!
0"
#14380804
1"
1!
1#
#14390396
0#
0!
0"
#14390404
1"
1!
1#
#14399996
0#
0!
0"
#14400004
1"
1!
1#
#14409596
0#
0!
0"
#14409604
1"
1!
1#
#14419196
0#
0!
0"
#14419204
1"
1!
1#
#14428796
0#
0!
0"
#14428804
1"
1!
1#
#14438396
0#
0!
0"
#14438404
1"
1!
1#
#14447996
0#
0!
0"
#14448004
1"
1!
1#
#14457596
0#
0!
0"
#14457604
1"
1!
1#
#14467196
0#
0!
0"
#14467204
1"
1!
1#
#14476796
0#
0!
0"
#14476804
1"
1!
1#
#14486396
0#
0!
0"
#14486404
1"
1!
1#
#14495996
0#
0!
0"
#14496004
1"
1!
1#
#14505596
0#
0!
0"
#14505604
1"
1!
1#
#14515196
0#
0!
0"
#14515204
1"
1!
1#
#14524796
0#
0!
0"
#14524804
1"
1!
1#
#14534396
0#
0!
0"
#14534404
1"
1!
1#
#14543996
0#
0!
0"
#14544004
1"
1!
1#
#14553596
0#
0!
0"
#14553604
1"
1!
1#
#14563196
0#
0!
0"
#14563204
1"
1!
1#
#14572796
0#
0!
0"
#14572804
1"
1!
1#
#14582396
0#
0!
0"
#14582404
1"
1!
1#
#14591996
0#
0!
0"
#14592004
1"
1!
1#
#14601596
0#
0!
0"
#14601604
1"
1!
1#
#14611196
0#
0!
0"
#14611204
1"
1!
1#
#14620796
0#
0!
0"
#14620804
1"
1!
1#
#14630396
0#
0!
0"
#14630404
1"
1!
1#
#14639996
0#
0!
0"
#14640004
1"
1!
1#
#14649596
0#
0!
0"
#14649604
1"
1!
1#
#14659196
0#
0!
0"
#14659204
1"
1!
1#
#14668796
0#
0!
0"
#14668804
1"
1!
1#
#14678396
0#
0!
0"
#14678404
1"
1!
1#
#14687996
0#
0!
0"
#14688004
1"
1!
1#
#14697596
0#
0!
0"
#14697604
1"
1!
1#
#14707196
0#
0!
0"
#14707204
1"
1!
1#
#14716796
0#
0!
0"
#14716804
1"
1!
1#
#14726396
0#
0!
0"
#14726404
1"
1!
1#
#14735996
0#
0!
0"
#14736004
1"
1!
1#
#14745596
0#
0!
0"
#14745604
1"
1!
1#
#14755196
0#
0!
0"
#14755204
1"
1!
1#
#14764796
0#
0!
0"
#14764804
1"
1!
1#
#14774396
0#
0!
0"
#14774404
1"
1!
1#
#14783996
0#
0!
0"
#14784004
1"
1!
1#
#14793596
0#
0!
0"
#14793604
1"
1!
1#
#14803196
0#
0!
0"
#14803204
1"
1!
1#
#14812796
0#
0!
0"
#14812804
1"
1!
1#
#14822396
0#
0!
0"
#14822404
1"
1!
1#
#14831996
0#
0!
0"
#14832004
1"
1!
1#
#14841596
0#
0!
0"
#14841604
1"
1!
1#
#14851196
0#
0!
0"
#14851204
1"
1!
1#
#14860796
0#
0!
0"
#14860804
1"
1!
1#
#14870396
0#
0!
0"
#14870404
1"
1!
1#
#14879996
0#
0!
0"
#14880004
1"
1!
1#
#14889596
0#
0!
0"
#14889604
1"
1!
1#
#14899196
0#
0!
0"
#14899204
1"
1!
1#
#14908796
0#
0!
0"
#14908804
1"
1!
1#
#14918396
0#
0!
0"
#14918404
1"
1!
1#
#14927996
0#
0!
0"
#14928004
1"
1!
1#
#14937596
0#
0!
0"
#14937604
1"
1!
1#
#14947196
0#
0!
0"
#14947204
1"
1!
1#
#14956796
0#
0!
0"
#14956804
1"
1!
1#
#14966396
0#
0!
0"
#14966404
1"
1!
1#
#14975996
0#
0!
0"
#14976004
1"
1!
1#
#14985596
0#
0!
0"
#14985604
1"
1!
1#
#14995196
0#
0!
0"
#14995204
1"
1!
1#
#15004796
0#
0!
0"
#15004804
1"
1!
1#
#15014396
0#
0!
0"
#15014404
1"
1!
1#
#15023996
0#
0!
0"
#15024004
1"
1!
1#
#15033596
0#
0!
0"
#15033604
1"
1!
1#
#15043196
0#
0!
0"
#15043204
1"
1!
1#
#15052796
0#
0!
0"
#15052804
1"
1!
1#
#15062396
0#
0!
0"
#15062404
1"
1!
1#
#15071996
0#
0!
0"
#15072004
1"
1!
1#
#15081596
0#
0!
0"
#15081604
1"
1!
1#
#15091196
0#
0!
0"
#15091204
1"
1!
1#
#15100796
0#
0!
0"
#15100804
1"
1!
1#
#15110396
0#
0!
0"
#15110404
1"
1!
1#
#15119996
0#
0!
0"
#15120004
1"
1!
1#
#15129596
0#
0!
0"
#15129604
1"
1!
1#
#15139196
0#
0!
0"
#15139204
1"
1!
1#
#15148796
0#
0!
0"
#15148804
1"
1!
1#
#15158396
0#
0!
0"
#15158404
1"
1!
1#
#15167996
0#
0!
0"
#15168004
1"
1!
1#
#15177596
0#
0!
0"
#15177604
1"
1!
1#
#15187196
0#
0!
0"
#15187204
1"
1!
1#
#15196796
0#
0!
0"
#15196804
1"
1!
1#
#15206396
0#
0!
0"
#15206404
1"
1!
1#
#15215996
0#
0!
0"
#15216004
1"
1!
1#
#15225596
0#
0!
0"
#15225604
1"
1!
1#
#15235196
0#
0!
0"
#15235204
1"
1!
1#
#15244796
0#
0!
0"
#15244804
1"
1!
1#
#15254396
0#
0!
0"
#15254404
1"
1!
1#
#15263996
0#
0!
0"
#15264004
1"
1!
1#
#15273596
0#
0!
0"
#15273604
1"
1!
1#
#15283196
0#
0!
0"
#15283204
1"
1!
1#
#15292796
0#
0!
0"
#15292804
1"
1!
1#
#15302396
0#
0!
0"
#15302404
1"
1!
1#
#15311996
0#
0!
0"
#15312004
1"
1!
1#
#15321596
0#
0!
0"
#15321604
1"
1!
1#
#15331196
0#
0!
0"
#15331204
1"
1!
1#
#15340796
0#
0!
0"
#15340804
1"
1!
1#
#15350396
0#
0!
0"
#15350404
1"
1!
1#
#15359996
0#
0!
0"
#15360004
1"
1!
1#
#15369596
0#
0!
0"
#15369604
1"
1!
1#
#15379196
0#
0!
0"
#15379204
1"
1!
1#
#15388796
0#
0!
0"
#15388804
1"
1!
1#
#15398396
0#
0!
0"
#15398404
1"
1!
1#
#15407996
0#
0!
0"
#15408004
1"
1!
1#
#15417596
0#
0!
0"
#15417604
1"
1!
1#
#15427196
0#
0!
0"
#15427204
1"
1!
1#
#15436796
0#
0!
0"
#15436804
1"
1!
1#
#15446396
0#
0!
0"
#15446404
1"
1!
1#
#15455996
0#
0!
0"
#15456004
1"
1!
1#
#15465596
0#
0!
0"
#15465604
1"
1!
1#
#15475196
0#
0!
0"
#15475204
1"
1!
1#
#15484796
0#
0!
0"
#15484804
1"
1!
1#
#15494396
0#
0!
0"
#15494404
1"
1!
1#
#15503996
0#
0!
0"
#15504004
1"
1!
1#
#15513596
0#
0!
0"
#15513604
1"
1!
1#
#15523196
0#
0!
0"
#15523204
1"
1!
1#
#15532796
0#
0!
0"
#15532804
1"
1!
1#
#15542396
0#
0!
0"
#15542404
1"
1!
1#
#15551996
0#
0!
0"
#15552004
1"
1!
1#
#15561596
0#
0!
0"
#15561604
1"
1!
1#
#15571196
0#
0!
0"
#15571204
1"
1!
1#
#15580796
0#
0!
0"
#15580804
1"
1!
1#
#15590396
0#
0!
0"
#15590404
1"
1!
1#
#15599996
0#
0!
0"
#15600004
1"
1!
1#
#15609596
0#
0!
0"
#15609604
1"
1!
1#
#15619196
0#
0!
0"
#15619204
1"
1!
1#
#15628796
0#
0!
0"
#15628804
1"
1!
1#
#15638396
0#
0!
0"
#15638404
1"
1!
1#
#15647996
0#
0!
0"
#15648004
1"
1!
1#
#15657596
0#
0!
0"
#15657604
1"
1!
1#
#15667196
0#
0!
0"
#15667204
1"
1!
1#
#15676796
0#
0!
0"
#15676804
1"
1!
1#
#15686396
0#
0!
0"
#15686404
1"
1!
1#
#15695996
0#
0!
0"
#15696004
1"
1!
1#
#15705596
0#
0!
0"
#15705604
1"
1!
1#
#15715196
0#
0!
0"
#15715204
1"
1!
1#
#15724796
0#
0!
0"
#15724804
1"
1!
1#
#15734396
0#
0!
0"
#15734404
1"
1!
1#
#15743996
0#
0!
0"
#15744004
1"
1!
1#
#15753596
0#
0!
0"
#15753604
1"
1!
1#
#15763196
0#
0!
0"
#15763204
1"
1!
1#
#15772796
0#
0!
0"
#15772804
1"
1!
1#
#15782396
0#
0!
0"
#15782404
1"
1!
1#
#15791996
0#
0!
0"
#15792004
1"
1!
1#
#15801596
0#
0!
0"
#15801604
1"
1!
1#
#15811196
0#
0!
0"
#15811204
1"
1!
1#
#15820796
0#
0!
0"
#15820804
1"
1!
1#
#15830396
0#
0!
0"
#15830404
1"
1!
1#
#15839996
0#
0!
0"
#15840004
1"
1!
1#
#15849596
0#
0!
0"
#15849604
1"
1!
1#
#15859196
0#
0!
0"
#15859204
1"
1!
1#
#15868796
0#
0!
0"
#15868804
1"
1!
1#
#15878396
0#
0!
0"
#15878404
1"
1!
1#
#15887996
0#
0!
0"
#15888004
1"
1!
1#
#15897596
0#
0!
0"
#15897604
1"
1!
1#
#15907196
0#
0!
0"
#15907204
1"
1!
1#
#15916796
0#
0!
0"
#15916804
1"
1!
1#
#15926396
0#
0!
0"
#15926404
1"
1!
1#
#15935996
0#
0!
0"
#15936004
1"
1!
1#
#15945596
0#
0!
0"
#15945604
1"
1!
1#
#15955196
0#
0!
0"
#15955204
1"
1!
1#
#15964796
0#
0!
0"
#15964804
1"
1!
1#
#15974396
0#
0!
0"
#15974404
1"
1!
1#
#15983996
0#
0!
0"
#15984004
1"
1!
1#
#15993596
0#
0!
0"
#15993604
1"
1!
1#
#16003196
0#
0!
0"
#16003204
1"
1!
1#
#16012796
0#
0!
0"
#16012804
1"
1!
1#
#16022396
0#
0!
0"
#16022404
1"
1!
1#
#16031996
0#
0!
0"
#16032004
1"
1!
1#
#16041596
0#
0!
0"
#16041604
1"
1!
1#
#16051196
0#
0!
0"
#16051204
1"
1!
1#
#16060796
0#
0!
0"
#16060804
1"
1!
1#
#16070396
0#
0!
0"
#16070404
1"
1!
1#
#16079996
0#
0!
0"
#16080004
1"
1!
1#
#16089596
0#
0!
0"
#16089604
1"
1!
1#
#16099196
0#
0!
0"
#16099204
1"
1!
1#
#16108796
0#
0!
0"
#16108804
1"
1!
1#
#16118396
0#
0!
0"
#16118404
1"
1!
1#
#16127996
0#
0!
0"
#16128004
1"
1!
1#
#16137596
0#
0!
0"
#16137604
1"
1!
1#
#16147196
0#
0!
0"
#16147204
1"
1!
1#
#16156796
0#
0!
0"
#16156804
1"
1!
1#
#16166396
0#
0!
0"
#16166404
1"
1!
1#
#16175996
0#
0!
0"
#16176004
1"
1!
1#
#16185596
0#
0!
0"
#16185604
1"
1!
1#
#16195196
0#
0!
0"
#16195204
1"
1!
1#
#16204796
0#
0!
0"
#16204804
1"
1!
1#
#16214396
0#
0!
0"
#16214404
1"
1!
1#
#16223996
0#
0!
0"
#16224004
1"
1!
1#
#16233596
0#
0!
0"
#16233604
1"
1!
1#
#16243196
0#
0!
0"
#16243204
1"
1!
1#
#16252796
0#
0!
0"
#16252804
1"
1!
1#
#16262396
0#
0!
0"
#16262404
1"
1!
1#
#16271996
0#
0!
0"
#16272004
1"
1!
1#
#16281596
0#
0!
0"
#16281604
1"
1!
1#
#16291196
0#
0!
0"
#16291204
1"
1!
1#
#16300796
0#
0!
0"
#16300804
1"
1!
1#
#16310396
0#
0!
0"
#16310404
1"
1!
1#
#16319996
0#
0!
0"
#16320004
1"
1!
1#
#16329596
0#
0!
0"
#16329604
1"
1!
1#
#16339196
0#
0!
0"
#16339204
1"
1!
1#
#16348796
0#
0!
0"
#16348804
1"
1!
1#
#16358396
0#
0!
0"
#16358404
1"
1!
1#
#16367996
0#
0!
0"
#16368004
1"
1!
1#
#16377596
0#
0!
0"
#16377604
1"
1!
1#
#16387196
0#
0!
0"
#16387204
1"
1!
1#
#16396796
0#
0!
0"
#16396804
1"
1!
1#
#16406396
0#
0!
0"
#16406404
1"
1!
1#
#16415996
0#
0!
0"
#16416004
1"
1!
1#
#16425596
0#
0!
0"
#16425604
1"
1!
1#
#16435196
0#
0!
0"
#16435204
1"
1!
1#
#16444796
0#
0!
0"
#16444804
1"
1!
1#
#16454396
0#
0!
0"
#16454404
1"
1!
1#
#16463996
0#
0!
0"
#16464004
1"
1!
1#
#16473596
0#
0!
0"
#16473604
1"
1!
1#
#16483196
0#
0!
0"
#16483204
1"
1!
1#
#16492796
0#
0!
0"
#16492804
1"
1!
1#
#16502396
0#
0!
0"
#16502404
1"
1!
1#
#16511996
0#
0!
0"
#16512004
1"
1!
1#
#16521596
0#
0!
0"
#16521604
1"
1!
1#
#16531196
0#
0!
0"
#16531204
1"
1!
1#
#16540796
0#
0!
0"
#16540804
1"
1!
1#
#16550396
0#
0!
0"
#16550404
1"
1!
1#
#16559996
0#
0!
0"
#16560004
1"
1!
1#
#16569596
0#
0!
0"
#16569604
1"
1!
1#
#16579196
0#
0!
0"
#16579204
1"
1!
1#
#16588796
0#
0!
0"
#16588804
1"
1!
1#
#16598396
0#
0!
0"
#16598404
1"
1!
1#
#16607996
0#
0!
0"
#16608004
1"
1!
1#
#16617596
0#
0!
0"
#16617604
1"
1!
1#
#16627196
0#
0!
0"
#16627204
1"
1!
1#
#16636796
0#
0!
0"
#16636804
1"
1!
1#
#16646396
0#
0!
0"
#16646404
1"
1!
1#
#16655996
0#
0!
0"
#16656004
1"
1!
1#
#16665596
0#
0!
0"
#16665604
1"
1!
1#
#16675196
0#
0!
0"
#16675204
1"
1!
1#
#16684796
0#
0!
0"
#16684804
1"
1!
1#
#16694396
0#
0!
0"
#16694404
1"
1!
1#
#16703996
0#
0!
0"
#16704004
1"
1!
1#
#16713596
0#
0!
0"
#16713604
1"
1!
1#
#16723196
0#
0!
0"
#16723204
1"
1!
1#
#16732796
0#
0!
0"
#16732804
1"
1!
1#
#16742396
0#
0!
0"
#16742404
1"
1!
1#
#16751996
0#
0!
0"
#16752004
1"
1!
1#
#16761596
0#
0!
0"
#16761604
1"
1!
1#
#16771196
0#
0!
0"
#16771204
1"
1!
1#
#16780796
0#
0!
0"
#16780804
1"
1!
1#
#16790396
0#
0!
0"
#16790404
1"
1!
1#
#16799996
0#
0!
0"
#16800004
1"
1!
1#
#16809596
0#
0!
0"
#16809604
1"
1!
1#
#16819196
0#
0!
0"
#16819204
1"
1!
1#
#16828796
0#
0!
0"
#16828804
1"
1!
1#
#16838396
0#
0!
0"
#16838404
1"
1!
1#
#16847996
0#
0!
0"
#16848004
1"
1!
1#
#16857596
0#
0!
0"
#16857604
1"
1!
1#
#16867196
0#
0!
0"
#16867204
1"
1!
1#
#16876796
0#
0!
0"
#16876804
1"
1!
1#
#16886396
0#
0!
0"
#16886404
1"
1!
1#
#16895996
0#
0!
0"
#16896004
1"
1!
1#
#16905596
0#
0!
0"
#16905604
1"
1!
1#
#16915196
0#
0!
0"
#16915204
1"
1!
1#
#16924796
0#
0!
0"
#16924804
1"
1!
1#
#16934396
0#
0!
0"
#16934404
1"
1!
1#
#16943996
0#
0!
0"
#16944004
1"
1!
1#
#16953596
0#
0!
0"
#16953604
1"
1!
1#
#16963196
0#
0!
0"
#16963204
1"
1!
1#
#16972796
0#
0!
0"
#16972804
1"
1!
1#
#16982396
0#
0!
0"
#16982404
1"
1!
1#
#16991996
0#
0!
0"
#16992004
1"
1!
1#
#17001596
0#
0!
0"
#17001604
1"
1!
1#
#17011196
0#
0!
0"
#17011204
1"
1!
1#
#17020796
0#
0!
0"
#17020804
1"
1!
1#
#17030396
0#
0!
0"
#17030404
1"
1!
1#
#17039996
0#
0!
0"
#17040004
1"
1!
1#
#17049596
0#
0!
0"
#17049604
1"
1!
1#
#17059196
0#
0!
0"
#17059204
1"
1!
1#
#17068796
0#
0!
0"
#17068804
1"
1!
1#
#17078396
0#
0!
0"
#17078404
1"
1!
1#
#17087996
0#
0!
0"
#17088004
1"
1!
1#
#17097596
0#
0!
0"
#17097604
1"
1!
1#
#17107196
0#
0!
0"
#17107204
1"
1!
1#
#17116796
0#
0!
0"
#17116804
1"
1!
1#
#17126396
0#
0!
0"
#17126404
1"
1!
1#
#17135996
0#
0!
0"
#17136004
1"
1!
1#
#17145596
0#
0!
0"
#17145604
1"
1!
1#
#17155196
0#
0!
0"
#17155204
1"
1!
1#
#17164796
0#
0!
0"
#17164804
1"
1!
1#
#17174396
0#
0!
0"
#17174404
1"
1!
1#
#17183996
0#
0!
0"
#17184004
1"
1!
1#
#17193596
0#
0!
0"
#17193604
1"
1!
1#
#17203196
0#
0!
0"
#17203204
1"
1!
1#
#17212796
0#
0!
0"
#17212804
1"
1!
1#
#17222396
0#
0!
0"
#17222404
1"
1!
1#
#17231996
0#
0!
0"
#17232004
1"
1!
1#
#17241596
0#
0!
0"
#17241604
1"
1!
1#
#17251196
0#
0!
0"
#17251204
1"
1!
1#
#17260796
0#
0!
0"
#17260804
1"
1!
1#
#17270396
0#
0!
0"
#17270404
1"
1!
1#
#17279996
0#
0!
0"
#17280004
1"
1!
1#
#17289596
0#
0!
0"
#17289604
1"
1!
1#
#17299196
0#
0!
0"
#17299204
1"
1!
1#
#17308796
0#
0!
0"
#17308804
1"
1!
1#
#17318396
0#
0!
0"
#17318404
1"
1!
1#
#17327996
0#
0!
0"
#17328004
1"
1!
1#
#17337596
0#
0!
0"
#17337604
1"
1!
1#
#17347196
0#
0!
0"
#17347204
1"
1!
1#
#17356796
0#
0!
0"
#17356804
1"
1!
1#
#17366396
0#
0!
0"
#17366404
1"
1!
1#
#17375996
0#
0!
0"
#17376004
1"
1!
1#
#17385596
0#
0!
0"
#17385604
1"
1!
1#
#17395196
0#
0!
0"
#17395204
1"
1!
1#
#17404796
0#
0!
0"
#17404804
1"
1!
1#
#17414396
0#
0!
0"
#17414404
1"
1!
1#
#17423996
0#
0!
0"
#17424004
1"
1!
1#
#17433596
0#
0!
0"
#17433604
1"
1!
1#
#17443196
0#
0!
0"
#17443204
1"
1!
1#
#17452796
0#
0!
0"
#17452804
1"
1!
1#
#17462396
0#
0!
0"
#17462404
1"
1!
1#
#17471996
0#
0!
0"
#17472004
1"
1!
1#
#17481596
0#
0!
0"
#17481604
1"
1!
1#
#17491196
0#
0!
0"
#17491204
1"
1!
1#
#17500796
0#
0!
0"
#17500804
1"
1!
1#
#17510396
0#
0!
0"
#17510404
1"
1!
1#
#17519996
0#
0!
0"
#17520004
1"
1!
1#
#17529596
0#
0!
0"
#17529604
1"
1!
1#
#17539196
0#
0!
0"
#17539204
1"
1!
1#
#17548796
0#
0!
0"
#17548804
1"
1!
1#
#17558396
0#
0!
0"
#17558404
1"
1!
1#
#17567996
0#
0!
0"
#17568004
1"
1!
1#
#17577596
0#
0!
0"
#17577604
1"
1!
1#
#17587196
0#
0!
0"
#17587204
1"
1!
1#
#17596796
0#
0!
0"
#17596804
1"
1!
1#
#17606396
0#
0!
0"
#17606404
1"
1!
1#
#17615996
0#
0!
0"
#17616004
1"
1!
1#
#17625596
0#
0!
0"
#17625604
1"
1!
1#
#17635196
0#
0!
0"
#17635204
1"
1!
1#
#17644796
0#
0!
0"
#17644804
1"
1!
1#
#17654396
0#
0!
0"
#17654404
1"
1!
1#
#17663996
0#
0!
0"
#17664004
1"
1!
1#
#17673596
0#
0!
0"
#17673604
1"
1!
1#
#17683196
0#
0!
0"
#17683204
1"
1!
1#
#17692796
0#
0!
0"
#17692804
1"
1!
1#
#17702396
0#
0!
0"
#17702404
1"
1!
1#
#17711996
0#
0!
0"
#17712004
1"
1!
1#
#17721596
0#
0!
0"
#17721604
1"
1!
1#
#17731196
0#
0!
0"
#17731204
1"
1!
1#
#17740796
0#
0!
0"
#17740804
1"
1!
1#
#17750396
0#
0!
0"
#17750404
1"
1!
1#
#17759996
0#
0!
0"
#17760004
1"
1!
1#
#17769596
0#
0!
0"
#17769604
1"
1!
1#
#17779196
0#
0!
0"
#17779204
1"
1!
1#
#17788796
0#
0!
0"
#17788804
1"
1!
1#
#17798396
0#
0!
0"
#17798404
1"
1!
1#
#17807996
0#
0!
0"
#17808004
1"
1!
1#
#17817596
0#
0!
0"
#17817604
1"
1!
1#
#17827196
0#
0!
0"
#17827204
1"
1!
1#
#17836796
0#
0!
0"
#17836804
1"
1!
1#
#17846396
0#
0!
0"
#17846404
1"
1!
1#
#17855996
0#
0!
0"
#17856004
1"
1!
1#
#17865596
0#
0!
0"
#17865604
1"
1!
1#
#17875196
0#
0!
0"
#17875204
1"
1!
1#
#17884796
0#
0!
0"
#17884804
1"
1!
1#
#17894396
0#
0!
0"
#17894404
1"
1!
1#
#17903996
0#
0!
0"
#17904004
1"
1!
1#
#17913596
0#
0!
0"
#17913604
1"
1!
1#
#17923196
0#
0!
0"
#17923204
1"
1!
1#
#17932796
0#
0!
0"
#17932804
1"
1!
1#
#17942396
0#
0!
0"
#17942404
1"
1!
1#
#17951996
0#
0!
0"
#17952004
1"
1!
1#
#17961596
0#
0!
0"
#17961604
1"
1!
1#
#17971196
0#
0!
0"
#17971204
1"
1!
1#
#17980796
0#
0!
0"
#17980804
1"
1!
1#
#17990396
0#
0!
0"
#17990404
1"
1!
1#
#17999996
0#
0!
0"
#18000004
1"
1!
1#
#18009596
0#
0!
0"
#18009604
1"
1!
1#
#18019196
0#
0!
0"
#18019204
1"
1!
1#
#18028796
0#
0!
0"
#18028804
1"
1!
1#
#18038396
0#
0!
0"
#18038404
1"
1!
1#
#18047996
0#
0!
0"
#18048004
1"
1!
1#
#18057596
0#
0!
0"
#18057604
1"
1!
1#
#18067196
0#
0!
0"
#18067204
1"
1!
1#
#18076796
0#
0!
0"
#18076804
1"
1!
1#
#18086396
0#
0!
0"
#18086404
1"
1!
1#
#18095996
0#
0!
0"
#18096004
1"
1!
1#
#18105596
0#
0!
0"
#18105604
1"
1!
1#
#18115196
0#
0!
0"
#18115204
1"
1!
1#
#18124796
0#
0!
0"
#18124804
1"
1!
1#
#18134396
0#
0!
0"
#18134404
1"
1!
1#
#18143996
0#
0!
0"
#18144004
1"
1!
1#
#18153596
0#
0!
0"
#18153604
1"
1!
1#
#18163196
0#
0!
0"
#18163204
1"
1!
1#
#18172796
0#
0!
0"
#18172804
1"
1!
1#
#18182396
0#
0!
0"
#18182404
1"
1!
1#
#18191996
0#
0!
0"
#18192004
1"
1!
1#
#18201596
0#
0!
0"
#18201604
1"
1!
1#
#18211196
0#
0!
0"
#18211204
1"
1!
1#
#18220796
0#
0!
0"
#18220804
1"
1!
1#
#18230396
0#
0!
0"
#18230404
1"
1!
1#
#18239996
0#
0!
0"
#18240004
1"
1!
1#
#18249596
0#
0!
0"
#18249604
1"
1!
1#
#18259196
0#
0!
0"
#18259204
1"
1!
1#
#18268796
0#
0!
0"
#18268804
1"
1!
1#
#18278396
0#
0!
0"
#18278404
1"
1!
1#
#18287996
0#
0!
0"
#18288004
1"
1!
1#
#18297596
0#
0!
0"
#18297604
1"
1!
1#
#18307196
0#
0!
0"
#18307204
1"
1!
1#
#18316796
0#
0!
0"
#18316804
1"
1!
1#
#18326396
0#
0!
0"
#18326404
1"
1!
1#
#18335996
0#
0!
0"
#18336004
1"
1!
1#
#18345596
0#
0!
0"
#18345604
1"
1!
1#
#18355196
0#
0!
0"
#18355204
1"
1!
1#
#18364796
0#
0!
0"
#18364804
1"
1!
1#
#18374396
0#
0!
0"
#18374404
1"
1!
1#
#18383996
0#
0!
0"
#18384004
1"
1!
1#
#18393596
0#
0!
0"
#18393604
1"
1!
1#
#18403196
0#
0!
0"
#18403204
1"
1!
1#
#18412796
0#
0!
0"
#18412804
1"
1!
1#
#18422396
0#
0!
0"
#18422404
1"
1!
1#
#18431996
0#
0!
0"
#18432004
1"
1!
1#
#18441596
0#
0!
0"
#18441604
1"
1!
1#
#18451196
0#
0!
0"
#18451204
1"
1!
1#
#18460796
0#
0!
0"
#18460804
1"
1!
1#
#18470396
0#
0!
0"
#18470404
1"
1!
1#
#18479996
0#
0!
0"
#18480004
1"
1!
1#
#18489596
0#
0!
0"
#18489604
1"
1!
1#
#18499196
0#
0!
0"
#18499204
1"
1!
1#
#18508796
0#
0!
0"
#18508804
1"
1!
1#
#18518396
0#
0!
0"
#18518404
1"
1!
1#
#18527996
0#
0!
0"
#18528004
1"
1!
1#
#18537596
0#
0!
0"
#18537604
1"
1!
1#
#18547196
0#
0!
0"
#18547204
1"
1!
1#
#18556796
0#
0!
0"
#18556804
1"
1!
1#
#18566396
0#
0!
0"
#18566404
1"
1!
1#
#18575996
0#
0!
0"
#18576004
1"
1!
1#
#18585596
0#
0!
0"
#18585604
1"
1!
1#
#18595196
0#
0!
0"
#18595204
1"
1!
1#
#18604796
0#
0!
0"
#18604804
1"
1!
1#
#18614396
0#
0!
0"
#18614404
1"
1!
1#
#18623996
0#
0!
0"
#18624004
1"
1!
1#
#18633596
0#
0!
0"
#18633604
1"
1!
1#
#18643196
0#
0!
0"
#18643204
1"
1!
1#
#18652796
0#
0!
0"
#18652804
1"
1!
1#
#18662396
0#
0!
0"
#18662404
1"
1!
1#
#18671996
0#
0!
0"
#18672004
1"
1!
1#
#18681596
0#
0!
0"
#18681604
1"
1!
1#
#18691196
0#
0!
0"
#18691204
1"
1!
1#
#18700796
0#
0!
0"
#18700804
1"
1!
1#
#18710396
0#
0!
0"
#18710404
1"
1!
1#
#18719996
0#
0!
0"
#18720004
1"
1!
1#
#18729596
0#
0!
0"
#18729604
1"
1!
1#
#18739196
0#
0!
0"
#18739204
1"
1!
1#
#18748796
0#
0!
0"
#18748804
1"
1!
1#
#18758396
0#
0!
0"
#18758404
1"
1!
1#
#18767996
0#
0!
0"
#18768004
1"
1!
1#
#18777596
0#
0!
0"
#18777604
1"
1!
1#
#18787196
0#
0!
0"
#18787204
1"
1!
1#
#18796796
0#
0!
0"
#18796804
1"
1!
1#
#18806396
0#
0!
0"
#18806404
1"
1!
1#
#18815996
0#
0!
0"
#18816004
1"
1!
1#
#18825596
0#
0!
0"
#18825604
1"
1!
1#
#18835196
0#
0!
0"
#18835204
1"
1!
1#
#18844796
0#
0!
0"
#18844804
1"
1!
1#
#18854396
0#
0!
0"
#18854404
1"
1!
1#
#18863996
0#
0!
0"
#18864004
1"
1!
1#
#18873596
0#
0!
0"
#18873604
1"
1!
1#
#18883196
0#
0!
0"
#18883204
1"
1!
1#
#18892796
0#
0!
0"
#18892804
1"
1!
1#
#18902396
0#
0!
0"
#18902404
1"
1!
1#
#18911996
0#
0!
0"
#18912004
1"
1!
1#
#18921596
0#
0!
0"
#18921604
1"
1!
1#
#18931196
0#
0!
0"
#18931204
1"
1!
1#
#18940796
0#
0!
0"
#18940804
1"
1!
1#
#18950396
0#
0!
0"
#18950404
1"
1!
1#
#18959996
0#
0!
0"
#18960004
1"
1!
1#
#18969596
0#
0!
0"
#18969604
1"
1!
1#
#18979196
0#
0!
0"
#18979204
1"
1!
1#
#18988796
0#
0!
0"
#18988804
1"
1!
1#
#18998396
0#
0!
0"
#18998404
1"
1!
1#
#19007996
0#
0!
0"
#19008004
1"
1!
1#
#19017596
0#
0!
0"
#19017604
1"
1!
1#
#19027196
0#
0!
0"
#19027204
1"
1!
1#
#19036796
0#
0!
0"
#19036804
1"
1!
1#
#19046396
0#
0!
0"
#19046404
1"
1!
1#
#19055996
0#
0!
0"
#19056004
1"
1!
1#
#19065596
0#
0!
0"
#19065604
1"
1!
1#
#19075196
0#
0!
0"
#19075204
1"
1!
1#
#19084796
0#
0!
0"
#19084804
1"
1!
1#
#19094396
0#
0!
0"
#19094404
1"
1!
1#
#19103996
0#
0!
0"
#19104004
1"
1!
1#
#19113596
0#
0!
0"
#19113604
1"
1!
1#
#19123196
0#
0!
0"
#19123204
1"
1!
1#
#19132796
0#
0!
0"
#19132804
1"
1!
1#
#19142396
0#
0!
0"
#19142404
1"
1!
1#
#19151996
0#
0!
0"
#19152004
1"
1!
1#
#19161596
0#
0!
0"
#19161604
1"
1!
1#
#19171196
0#
0!
0"
#19171204
1"
1!
1#
#19180796
0#
0!
0"
#19180804
1"
1!
1#
#19190396
0#
0!
0"
#19190404
1"
1!
1#
#19199996
0#
0!
0"
#19200004
1"
1!
1#
#19209596
0#
0!
0"
#19209604
1"
1!
1#
#19219196
0#
0!
0"
#19219204
1"
1!
1#
#19228796
0#
0!
0"
#19228804
1"
1!
1#
#19238396
0#
0!
0"
#19238404
1"
1!
1#
#19247996
0#
0!
0"
#19248004
1"
1!
1#
#19257596
0#
0!
0"
#19257604
1"
1!
1#
#19267196
0#
0!
0"
#19267204
1"
1!
1#
#19276796
0#
0!
0"
#19276804
1"
1!
1#
#19286396
0#
0!
0"
#19286404
1"
1!
1#
#19295996
0#
0!
0"
#19296004
1"
1!
1#
#19305596
0#
0!
0"
#19305604
1"
1!
1#
#19315196
0#
0!
0"
#19315204
1"
1!
1#
#19324796
0#
0!
0"
#19324804
1"
1!
1#
#19334396
0#
0!
0"
#19334404
1"
1!
1#
#19343996
0#
0!
0"
#19344004
1"
1!
1#
#19353596
0#
0!
0"
#19353604
1"
1!
1#
#19363196
0#
0!
0"
#19363204
1"
1!
1#
#19372796
0#
0!
0"
#19372804
1"
1!
1#
#19382396
0#
0!
0"
#19382404
1"
1!
1#
#19391996
0#
0!
0"
#19392004
1"
1!
1#
#19401596
0#
0!
0"
#19401604
1"
1!
1#
#19411196
0#
0!
0"
#19411204
1"
1!
1#
#19420796
0#
0!
0"
#19420804
1"
1!
1#
#19430396
0#
0!
0"
#19430404
1"
1!
1#
#19439996
0#
0!
0"
#19440004
1"
1!
1#
#19449596
0#
0!
0"
#19449604
1"
1!
1#
#19459196
0#
0!
0"
#19459204
1"
1!
1#
#19468796
0#
0!
0"
#19468804
1"
1!
1#
#19478396
0#
0!
0"
#19478404
1"
1!
1#
#19487996
0#
0!
0"
#19488004
1"
1!
1#
#19497596
0#
0!
0"
#19497604
1"
1!
1#
#19507196
0#
0!
0"
#19507204
1"
1!
1#
#19516796
0#
0!
0"
#19516804
1"
1!
1#
#19526396
0#
0!
0"
#19526404
1"
1!
1#
#19535996
0#
0!
0"
#19536004
1"
1!
1#
#19545596
0#
0!
0"
#19545604
1"
1!
1#
#19555196
0#
0!
0"
#19555204
1"
1!
1#
#19564796
0#
0!
0"
#19564804
1"
1!
1#
#19574396
0#
0!
0"
#19574404
1"
1!
1#
#19583996
0#
0!
0"
#19584004
1"
1!
1#
#19593596
0#
0!
0"
#19593604
1"
1!
1#
#19603196
0#
0!
0"
#19603204
1"
1!
1#
#19612796
0#
0!
0"
#19612804
1"
1!
1#
#19622396
0#
0!
0"
#19622404
1"
1!
1#
#19631996
0#
0!
0"
#19632004
1"
1!
1#
#19641596
0#
0!
0"
#19641604
1"
1!
1#
#19651196
0#
0!
0"
#19651204
1"
1!
1#
#19660796
0#
0!
0"
#19660804
1"
1!
1#
#19670396
0#
0!
0"
#19670404
1"
1!
1#
#19679996
0#
0!
0"
#19680004
1"
1!
1#
#19689596
0#
0!
0"
#19689604
1"
1!
1#
#19699196
0#
0!
0"
#19699204
1"
1!
1#
#19708796
0#
0!
0"
#19708804
1"
1!
1#
#19718396
0#
0!
0"
#19718404
1"
1!
1#
#19727996
0#
0!
0"
#19728004
1"
1!
1#
#19737596
0#
0!
0"
#19737604
1"
1!
1#
#19747196
0#
0!
0"
#19747204
1"
1!
1#
#19756796
0#
0!
0"
#19756804
1"
1!
1#
#19766396
0#
0!
0"
#19766404
1"
1!
1#
#19775996
0#
0!
0"
#19776004
1"
1!
1#
#19785596
0#
0!
0"
#19785604
1"
1!
1#
#19795196
0#
0!
0"
#19795204
1"
1!
1#
#19804796
0#
0!
0"
#19804804
1"
1!
1#
#19814396
0#
0!
0"
#19814404
1"
1!
1#
#19823996
0#
0!
0"
#19824004
1"
1!
1#
#19833596
0#
0!
0"
#19833604
1"
1!
1#
#19843196
0#
0!
0"
#19843204
1"
1!
1#
#19852796
0#
0!
0"
#19852804
1"
1!
1#
#19862396
0#
0!
0"
#19862404
1"
1!
1#
#19871996
0#
0!
0"
#19872004
1"
1!
1#
#19881596
0#
0!
0"
#19881604
1"
1!
1#
#19891196
0#
0!
0"
#19891204
1"
1!
1#
#19900796
0#
0!
0"
#19900804
1"
1!
1#
#19910396
0#
0!
0"
#19910404
1"
1!
1#
#19919996
0#
0!
0"
#19920004
1"
1!
1#
#19929596
0#
0!
0"
#19929604
1"
1!
1#
#19939196
0#
0!
0"
#19939204
1"
1!
1#
#19948796
0#
0!
0"
#19948804
1"
1!
1#
#19958396
0#
0!
0"
#19958404
1"
1!
1#
#19967996
0#
0!
0"
#19968004
1"
1!
1#
#19977596
0#
0!
0"
#19977604
1"
1!
1#
#19987196
0#
0!
0"
#19987204
1"
1!
1#
#19996796
0#
0!
0"
#19996804
1"
1!
1#
#20006396
0#
0!
0"
#20006404
1"
1!
1#
#20015996
0#
0!
0"
#20016004
1"
1!
1#
#20025596
0#
0!
0"
#20025604
1"
1!
1#
#20035196
0#
0!
0"
#20035204
1"
1!
1#
#20044796
0#
0!
0"
#20044804
1"
1!
1#
#20054396
0#
0!
0"
#20054404
1"
1!
1#
#20063996
0#
0!
0"
#20064004
1"
1!
1#
#20073596
0#
0!
0"
#20073604
1"
1!
1#
#20083196
0#
0!
0"
#20083204
1"
1!
1#
#20092796
0#
0!
0"
#20092804
1"
1!
1#
#20102396
0#
0!
0"
#20102404
1"
1!
1#
#20111996
0#
0!
0"
#20112004
1"
1!
1#
#20121596
0#
0!
0"
#20121604
1"
1!
1#
#20131196
0#
0!
0"
#20131204
1"
1!
1#
#20140796
0#
0!
0"
#20140804
1"
1!
1#
#20150396
0#
0!
0"
#20150404
1"
1!
1#
#20159996
0#
0!
0"
#20160004
1"
1!
1#
#20169596
0#
0!
0"
#20169604
1"
1!
1#
#20179196
0#
0!
0"
#20179204
1"
1!
1#
#20188796
0#
0!
0"
#20188804
1"
1!
1#
#20198396
0#
0!
0"
#20198404
1"
1!
1#
#20207996
0#
0!
0"
#20208004
1"
1!
1#
#20217596
0#
0!
0"
#20217604
1"
1!
1#
#20227196
0#
0!
0"
#20227204
1"
1!
1#
#20236796
0#
0!
0"
#20236804
1"
1!
1#
#20246396
0#
0!
0"
#20246404
1"
1!
1#
#20255996
0#
0!
0"
#20256004
1"
1!
1#
#20265596
0#
0!
0"
#20265604
1"
1!
1#
#20275196
0#
0!
0"
#20275204
1"
1!
1#
#20284796
0#
0!
0"
#20284804
1"
1!
1#
#20294396
0#
0!
0"
#20294404
1"
1!
1#
#20303996
0#
0!
0"
#20304004
1"
1!
1#
#20313596
0#
0!
0"
#20313604
1"
1!
1#
#20323196
0#
0!
0"
#20323204
1"
1!
1#
#20332796
0#
0!
0"
#20332804
1"
1!
1#
#20342396
0#
0!
0"
#20342404
1"
1!
1#
#20351996
0#
0!
0"
#20352004
1"
1!
1#
#20361596
0#
0!
0"
#20361604
1"
1!
1#
#20371196
0#
0!
0"
#20371204
1"
1!
1#
#20380796
0#
0!
0"
#20380804
1"
1!
1#
#20390396
0#
0!
0"
#20390404
1"
1!
1#
#20399996
0#
0!
0"
#20400004
1"
1!
1#
#20409596
0#
0!
0"
#20409604
1"
1!
1#
#20419196
0#
0!
0"
#20419204
1"
1!
1#
#20428796
0#
0!
0"
#20428804
1"
1!
1#
#20438396
0#
0!
0"
#20438404
1"
1!
1#
#20447996
0#
0!
0"
#20448004
1"
1!
1#
#20457596
0#
0!
0"
#20457604
1"
1!
1#
#20467196
0#
0!
0"
#20467204
1"
1!
1#
#20476796
0#
0!
0"
#20476804
1"
1!
1#
#20486396
0#
0!
0"
#20486404
1"
1!
1#
#20495996
0#
0!
0"
#20496004
1"
1!
1#
#20505596
0#
0!
0"
#20505604
1"
1!
1#
#20515196
0#
0!
0"
#20515204
1"
1!
1#
#20524796
0#
0!
0"
#20524804
1"
1!
1#
#20534396
0#
0!
0"
#20534404
1"
1!
1#
#20543996
0#
0!
0"
#20544004
1"
1!
1#
#20553596
0#
0!
0"
#20553604
1"
1!
1#
#20563196
0#
0!
0"
#20563204
1"
1!
1#
#20572796
0#
0!
0"
#20572804
1"
1!
1#
#20582396
0#
0!
0"
#20582404
1"
1!
1#
#20591996
0#
0!
0"
#20592004
1"
1!
1#
#20601596
0#
0!
0"
#20601604
1"
1!
1#
#20611196
0#
0!
0"
#20611204
1"
1!
1#
#20620796
0#
0!
0"
#20620804
1"
1!
1#
#20630396
0#
0!
0"
#20630404
1"
1!
1#
#20639996
0#
0!
0"
#20640004
1"
1!
1#
#20649596
0#
0!
0"
#20649604
1"
1!
1#
#20659196
0#
0!
0"
#20659204
1"
1!
1#
#20668796
0#
0!
0"
#20668804
1"
1!
1#
#20678396
0#
0!
0"
#20678404
1"
1!
1#
#20687996
0#
0!
0"
#20688004
1"
1!
1#
#20697596
0#
0!
0"
#20697604
1"
1!
1#
#20707196
0#
0!
0"
#20707204
1"
1!
1#
#20716796
0#
0!
0"
#20716804
1"
1!
1#
#20726396
0#
0!
0"
#20726404
1"
1!
1#
#20735996
0#
0!
0"
#20736004
1"
1!
1#
#20745596
0#
0!
0"
#20745604
1"
1!
1#
#20755196
0#
0!
0"
#20755204
1"
1!
1#
#20764796
0#
0!
0"
#20764804
1"
1!
1#
#20774396
0#
0!
0"
#20774404
1"
1!
1#
#20783996
0#
0!
0"
#20784004
1"
1!
1#
#20793596
0#
0!
0"
#20793604
1"
1!
1#
#20803196
0#
0!
0"
#20803204
1"
1!
1#
#20812796
0#
0!
0"
#20812804
1"
1!
1#
#20822396
0#
0!
0"
#20822404
1"
1!
1#
#20831996
0#
0!
0"
#20832004
1"
1!
1#
#20841596
0#
0!
0"
#20841604
1"
1!
1#
#20851196
0#
0!
0"
#20851204
1"
1!
1#
#20860796
0#
0!
0"
#20860804
1"
1!
1#
#20870396
0#
0!
0"
#20870404
1"
1!
1#
#20879996
0#
0!
0"
#20880004
1"
1!
1#
#20889596
0#
0!
0"
#20889604
1"
1!
1#
#20899196
0#
0!
0"
#20899204
1"
1!
1#
#20908796
0#
0!
0"
#20908804
1"
1!
1#
#20918396
0#
0!
0"
#20918404
1"
1!
1#
#20927996
0#
0!
0"
#20928004
1"
1!
1#
#20937596
0#
0!
0"
#20937604
1"
1!
1#
#20947196
0#
0!
0"
#20947204
1"
1!
1#
#20956796
0#
0!
0"
#20956804
1"
1!
1#
#20966396
0#
0!
0"
#20966404
1"
1!
1#
#20975996
0#
0!
0"
#20976004
1"
1!
1#
#20985596
0#
0!
0"
#20985604
1"
1!
1#
#20995196
0#
0!
0"
#20995204
1"
1!
1#
#21004796
0#
0!
0"
#21004804
1"
1!
1#
#21014396
0#
0!
0"
#21014404
1"
1!
1#
#21023996
0#
0!
0"
#21024004
1"
1!
1#
#21033596
0#
0!
0"
#21033604
1"
1!
1#
#21043196
0#
0!
0"
#21043204
1"
1!
1#
#21052796
0#
0!
0"
#21052804
1"
1!
1#
#21062396
0#
0!
0"
#21062404
1"
1!
1#
#21071996
0#
0!
0"
#21072004
1"
1!
1#
#21081596
0#
0!
0"
#21081604
1"
1!
1#
#21091196
0#
0!
0"
#21091204
1"
1!
1#
#21100796
0#
0!
0"
#21100804
1"
1!
1#
#21110396
0#
0!
0"
#21110404
1"
1!
1#
#21119996
0#
0!
0"
#21120004
1"
1!
1#
#21129596
0#
0!
0"
#21129604
1"
1!
1#
#21139196
0#
0!
0"
#21139204
1"
1!
1#
#21148796
0#
0!
0"
#21148804
1"
1!
1#
#21158396
0#
0!
0"
#21158404
1"
1!
1#
#21167996
0#
0!
0"
#21168004
1"
1!
1#
#21177596
0#
0!
0"
#21177604
1"
1!
1#
#21187196
0#
0!
0"
#21187204
1"
1!
1#
#21196796
0#
0!
0"
#21196804
1"
1!
1#
#21206396
0#
0!
0"
#21206404
1"
1!
1#
#21215996
0#
0!
0"
#21216004
1"
1!
1#
#21225596
0#
0!
0"
#21225604
1"
1!
1#
#21235196
0#
0!
0"
#21235204
1"
1!
1#
#21244796
0#
0!
0"
#21244804
1"
1!
1#
#21254396
0#
0!
0"
#21254404
1"
1!
1#
#21263996
0#
0!
0"
#21264004
1"
1!
1#
#21273596
0#
0!
0"
#21273604
1"
1!
1#
#21283196
0#
0!
0"
#21283204
1"
1!
1#
#21292796
0#
0!
0"
#21292804
1"
1!
1#
#21302396
0#
0!
0"
#21302404
1"
1!
1#
#21311996
0#
0!
0"
#21312004
1"
1!
1#
#21321596
0#
0!
0"
#21321604
1"
1!
1#
#21331196
0#
0!
0"
#21331204
1"
1!
1#
#21340796
0#
0!
0"
#21340804
1"
1!
1#
#21350396
0#
0!
0"
#21350404
1"
1!
1#
#21359996
0#
0!
0"
#21360004
1"
1!
1#
#21369596
0#
0!
0"
#21369604
1"
1!
1#
#21379196
0#
0!
0"
#21379204
1"
1!
1#
#21388796
0#
0!
0"
#21388804
1"
1!
1#
#21398396
0#
0!
0"
#21398404
1"
1!
1#
#21407996
0#
0!
0"
#21408004
1"
1!
1#
#21417596
0#
0!
0"
#21417604
1"
1!
1#
#21427196
0#
0!
0"
#21427204
1"
1!
1#
#21436796
0#
0!
0"
#21436804
1"
1!
1#
#21446396
0#
0!
0"
#21446404
1"
1!
1#
#21455996
0#
0!
0"
#21456004
1"
1!
1#
#21465596
0#
0!
0"
#21465604
1"
1!
1#
#21475196
0#
0!
0"
#21475204
1"
1!
1#
#21484796
0#
0!
0"
#21484804
1"
1!
1#
#21494396
0#
0!
0"
#21494404
1"
1!
1#
#21503996
0#
0!
0"
#21504004
1"
1!
1#
#21513596
0#
0!
0"
#21513604
1"
1!
1#
#21523196
0#
0!
0"
#21523204
1"
1!
1#
#21532796
0#
0!
0"
#21532804
1"
1!
1#
#21542396
0#
0!
0"
#21542404
1"
1!
1#
#21551996
0#
0!
0"
#21552004
1"
1!
1#
#21561596
0#
0!
0"
#21561604
1"
1!
1#
#21571196
0#
0!
0"
#21571204
1"
1!
1#
#21580796
0#
0!
0"
#21580804
1"
1!
1#
#21590396
0#
0!
0"
#21590404
1"
1!
1#
#21599996
0#
0!
0"
#21600004
1"
1!
1#
#21609596
0#
0!
0"
#21609604
1"
1!
1#
#21619196
0#
0!
0"
#21619204
1"
1!
1#
#21628796
0#
0!
0"
#21628804
1"
1!
1#
#21638396
0#
0!
0"
#21638404
1"
1!
1#
#21647996
0#
0!
0"
#21648004
1"
1!
1#
#21657596
0#
0!
0"
#21657604
1"
1!
1#
#21667196
0#
0!
0"
#21667204
1"
1!
1#
#21676796
0#
0!
0"
#21676804
1"
1!
1#
#21686396
0#
0!
0"
#21686404
1"
1!
1#
#21695996
0#
0!
0"
#21696004
1"
1!
1#
#21705596
0#
0!
0"
#21705604
1"
1!
1#
#21715196
0#
0!
0"
#21715204
1"
1!
1#
#21724796
0#
0!
0"
#21724804
1"
1!
1#
#21734396
0#
0!
0"
#21734404
1"
1!
1#
#21743996
0#
0!
0"
#21744004
1"
1!
1#
#21753596
0#
0!
0"
#21753604
1"
1!
1#
#21763196
0#
0!
0"
#21763204
1"
1!
1#
#21772796
0#
0!
0"
#21772804
1"
1!
1#
#21782396
0#
0!
0"
#21782404
1"
1!
1#
#21791996
0#
0!
0"
#21792004
1"
1!
1#
#21801596
0#
0!
0"
#21801604
1"
1!
1#
#21811196
0#
0!
0"
#21811204
1"
1!
1#
#21820796
0#
0!
0"
#21820804
1"
1!
1#
#21830396
0#
0!
0"
#21830404
1"
1!
1#
#21839996
0#
0!
0"
#21840004
1"
1!
1#
#21849596
0#
0!
0"
#21849604
1"
1!
1#
#21859196
0#
0!
0"
#21859204
1"
1!
1#
#21868796
0#
0!
0"
#21868804
1"
1!
1#
#21878396
0#
0!
0"
#21878404
1"
1!
1#
#21887996
0#
0!
0"
#21888004
1"
1!
1#
#21897596
0#
0!
0"
#21897604
1"
1!
1#
#21907196
0#
0!
0"
#21907204
1"
1!
1#
#21916796
0#
0!
0"
#21916804
1"
1!
1#
#21926396
0#
0!
0"
#21926404
1"
1!
1#
#21935996
0#
0!
0"
#21936004
1"
1!
1#
#21945596
0#
0!
0"
#21945604
1"
1!
1#
#21955196
0#
0!
0"
#21955204
1"
1!
1#
#21964796
0#
0!
0"
#21964804
1"
1!
1#
#21974396
0#
0!
0"
#21974404
1"
1!
1#
#21983996
0#
0!
0"
#21984004
1"
1!
1#
#21993596
0#
0!
0"
#21993604
1"
1!
1#
#22003196
0#
0!
0"
#22003204
1"
1!
1#
#22012796
0#
0!
0"
#22012804
1"
1!
1#
#22022396
0#
0!
0"
#22022404
1"
1!
1#
#22031996
0#
0!
0"
#22032004
1"
1!
1#
#22041596
0#
0!
0"
#22041604
1"
1!
1#
#22051196
0#
0!
0"
#22051204
1"
1!
1#
#22060796
0#
0!
0"
#22060804
1"
1!
1#
#22070396
0#
0!
0"
#22070404
1"
1!
1#
#22079996
0#
0!
0"
#22080004
1"
1!
1#
#22089596
0#
0!
0"
#22089604
1"
1!
1#
#22099196
0#
0!
0"
#22099204
1"
1!
1#
#22108796
0#
0!
0"
#22108804
1"
1!
1#
#22118396
0#
0!
0"
#22118404
1"
1!
1#
#22127996
0#
0!
0"
#22128004
1"
1!
1#
#22137596
0#
0!
0"
#22137604
1"
1!
1#
#22147196
0#
0!
0"
#22147204
1"
1!
1#
#22156796
0#
0!
0"
#22156804
1"
1!
1#
#22166396
0#
0!
0"
#22166404
1"
1!
1#
#22175996
0#
0!
0"
#22176004
1"
1!
1#
#22185596
0#
0!
0"
#22185604
1"
1!
1#
#22195196
0#
0!
0"
#22195204
1"
1!
1#
#22204796
0#
0!
0"
#22204804
1"
1!
1#
#22214396
0#
0!
0"
#22214404
1"
1!
1#
#22223996
0#
0!
0"
#22224004
1"
1!
1#
#22233596
0#
0!
0"
#22233604
1"
1!
1#
#22243196
0#
0!
0"
#22243204
1"
1!
1#
#22252796
0#
0!
0"
#22252804
1"
1!
1#
#22262396
0#
0!
0"
#22262404
1"
1!
1#
#22271996
0#
0!
0"
#22272004
1"
1!
1#
#22281596
0#
0!
0"
#22281604
1"
1!
1#
#22291196
0#
0!
0"
#22291204
1"
1!
1#
#22300796
0#
0!
0"
#22300804
1"
1!
1#
#22310396
0#
0!
0"
#22310404
1"
1!
1#
#22319996
0#
0!
0"
#22320004
1"
1!
1#
#22329596
0#
0!
0"
#22329604
1"
1!
1#
#22339196
0#
0!
0"
#22339204
1"
1!
1#
#22348796
0#
0!
0"
#22348804
1"
1!
1#
#22358396
0#
0!
0"
#22358404
1"
1!
1#
#22367996
0#
0!
0"
#22368004
1"
1!
1#
#22377596
0#
0!
0"
#22377604
1"
1!
1#
#22387196
0#
0!
0"
#22387204
1"
1!
1#
#22396796
0#
0!
0"
#22396804
1"
1!
1#
#22406396
0#
0!
0"
#22406404
1"
1!
1#
#22415996
0#
0!
0"
#22416004
1"
1!
1#
#22425596
0#
0!
0"
#22425604
1"
1!
1#
#22435196
0#
0!
0"
#22435204
1"
1!
1#
#22444796
0#
0!
0"
#22444804
1"
1!
1#
#22454396
0#
0!
0"
#22454404
1"
1!
1#
#22463996
0#
0!
0"
#22464004
1"
1!
1#
#22473596
0#
0!
0"
#22473604
1"
1!
1#
#22483196
0#
0!
0"
#22483204
1"
1!
1#
#22492796
0#
0!
0"
#22492804
1"
1!
1#
#22502396
0#
0!
0"
#22502404
1"
1!
1#
#22511996
0#
0!
0"
#22512004
1"
1!
1#
#22521596
0#
0!
0"
#22521604
1"
1!
1#
#22531196
0#
0!
0"
#22531204
1"
1!
1#
#22540796
0#
0!
0"
#22540804
1"
1!
1#
#22550396
0#
0!
0"
#22550404
1"
1!
1#
#22559996
0#
0!
0"
#22560004
1"
1!
1#
#22569596
0#
0!
0"
#22569604
1"
1!
1#
#22579196
0#
0!
0"
#22579204
1"
1!
1#
#22588796
0#
0!
0"
#22588804
1"
1!
1#
#22598396
0#
0!
0"
#22598404
1"
1!
1#
#22607996
0#
0!
0"
#22608004
1"
1!
1#
#22617596
0#
0!
0"
#22617604
1"
1!
1#
#22627196
0#
0!
0"
#22627204
1"
1!
1#
#22636796
0#
0!
0"
#22636804
1"
1!
1#
#22646396
0#
0!
0"
#22646404
1"
1!
1#
#22655996
0#
0!
0"
#22656004
1"
1!
1#
#22665596
0#
0!
0"
#22665604
1"
1!
1#
#22675196
0#
0!
0"
#22675204
1"
1!
1#
#22684796
0#
0!
0"
#22684804
1"
1!
1#
#22694396
0#
0!
0"
#22694404
1"
1!
1#
#22703996
0#
0!
0"
#22704004
1"
1!
1#
#22713596
0#
0!
0"
#22713604
1"
1!
1#
#22723196
0#
0!
0"
#22723204
1"
1!
1#
#22732796
0#
0!
0"
#22732804
1"
1!
1#
#22742396
0#
0!
0"
#22742404
1"
1!
1#
#22751996
0#
0!
0"
#22752004
1"
1!
1#
#22761596
0#
0!
0"
#22761604
1"
1!
1#
#22771196
0#
0!
0"
#22771204
1"
1!
1#
#22780796
0#
0!
0"
#22780804
1"
1!
1#
#22790396
0#
0!
0"
#22790404
1"
1!
1#
#22799996
0#
0!
0"
#22800004
1"
1!
1#
#22809596
0#
0!
0"
#22809604
1"
1!
1#
#22819196
0#
0!
0"
#22819204
1"
1!
1#
#22828796
0#
0!
0"
#22828804
1"
1!
1#
#22838396
0#
0!
0"
#22838404
1"
1!
1#
#22847996
0#
0!
0"
#22848004
1"
1!
1#
#22857596
0#
0!
0"
#22857604
1"
1!
1#
#22867196
0#
0!
0"
#22867204
1"
1!
1#
#22876796
0#
0!
0"
#22876804
1"
1!
1#
#22886396
0#
0!
0"
#22886404
1"
1!
1#
#22895996
0#
0!
0"
#22896004
1"
1!
1#
#22905596
0#
0!
0"
#22905604
1"
1!
1#
#22915196
0#
0!
0"
#22915204
1"
1!
1#
#22924796
0#
0!
0"
#22924804
1"
1!
1#
#22934396
0#
0!
0"
#22934404
1"
1!
1#
#22943996
0#
0!
0"
#22944004
1"
1!
1#
#22953596
0#
0!
0"
#22953604
1"
1!
1#
#22963196
0#
0!
0"
#22963204
1"
1!
1#
#22972796
0#
0!
0"
#22972804
1"
1!
1#
#22982396
0#
0!
0"
#22982404
1"
1!
1#
#22991996
0#
0!
0"
#22992004
1"
1!
1#
#23001596
0#
0!
0"
#23001604
1"
1!
1#
#23011196
0#
0!
0"
#23011204
1"
1!
1#
#23020796
0#
0!
0"
#23020804
1"
1!
1#
#23030396
0#
0!
0"
#23030404
1"
1!
1#
#23039996
0#
0!
0"
#23040004
1"
1!
1#
#23049596
0#
0!
0"
#23049604
1"
1!
1#
#23059196
0#
0!
0"
#23059204
1"
1!
1#
#23068796
0#
0!
0"
#23068804
1"
1!
1#
#23078396
0#
0!
0"
#23078404
1"
1!
1#
#23087996
0#
0!
0"
#23088004
1"
1!
1#
#23097596
0#
0!
0"
#23097604
1"
1!
1#
#23107196
0#
0!
0"
#23107204
1"
1!
1#
#23116796
0#
0!
0"
#23116804
1"
1!
1#
#23126396
0#
0!
0"
#23126404
1"
1!
1#
#23135996
0#
0!
0"
#23136004
1"
1!
1#
#23145596
0#
0!
0"
#23145604
1"
1!
1#
#23155196
0#
0!
0"
#23155204
1"
1!
1#
#23164796
0#
0!
0"
#23164804
1"
1!
1#
#23174396
0#
0!
0"
#23174404
1"
1!
1#
#23183996
0#
0!
0"
#23184004
1"
1!
1#
#23193596
0#
0!
0"
#23193604
1"
1!
1#
#23203196
0#
0!
0"
#23203204
1"
1!
1#
#23212796
0#
0!
0"
#23212804
1"
1!
1#
#23222396
0#
0!
0"
#23222404
1"
1!
1#
#23231996
0#
0!
0"
#23232004
1"
1!
1#
#23241596
0#
0!
0"
#23241604
1"
1!
1#
#23251196
0#
0!
0"
#23251204
1"
1!
1#
#23260796
0#
0!
0"
#23260804
1"
1!
1#
#23270396
0#
0!
0"
#23270404
1"
1!
1#
#23279996
0#
0!
0"
#23280004
1"
1!
1#
#23289596
0#
0!
0"
#23289604
1"
1!
1#
#23299196
0#
0!
0"
#23299204
1"
1!
1#
#23308796
0#
0!
0"
#23308804
1"
1!
1#
#23318396
0#
0!
0"
#23318404
1"
1!
1#
#23327996
0#
0!
0"
#23328004
1"
1!
1#
#23337596
0#
0!
0"
#23337604
1"
1!
1#
#23347196
0#
0!
0"
#23347204
1"
1!
1#
#23356796
0#
0!
0"
#23356804
1"
1!
1#
#23366396
0#
0!
0"
#23366404
1"
1!
1#
#23375996
0#
0!
0"
#23376004
1"
1!
1#
#23385596
0#
0!
0"
#23385604
1"
1!
1#
#23395196
0#
0!
0"
#23395204
1"
1!
1#
#23404796
0#
0!
0"
#23404804
1"
1!
1#
#23414396
0#
0!
0"
#23414404
1"
1!
1#
#23423996
0#
0!
0"
#23424004
1"
1!
1#
#23433596
0#
0!
0"
#23433604
1"
1!
1#
#23443196
0#
0!
0"
#23443204
1"
1!
1#
#23452796
0#
0!
0"
#23452804
1"
1!
1#
#23462396
0#
0!
0"
#23462404
1"
1!
1#
#23471996
0#
0!
0"
#23472004
1"
1!
1#
#23481596
0#
0!
0"
#23481604
1"
1!
1#
#23491196
0#
0!
0"
#23491204
1"
1!
1#
#23500796
0#
0!
0"
#23500804
1"
1!
1#
#23510396
0#
0!
0"
#23510404
1"
1!
1#
#23519996
0#
0!
0"
#23520004
1"
1!
1#
#23529596
0#
0!
0"
#23529604
1"
1!
1#
#23539196
0#
0!
0"
#23539204
1"
1!
1#
#23548796
0#
0!
0"
#23548804
1"
1!
1#
#23558396
0#
0!
0"
#23558404
1"
1!
1#
#23567996
0#
0!
0"
#23568004
1"
1!
1#
#23577596
0#
0!
0"
#23577604
1"
1!
1#
#23587196
0#
0!
0"
#23587204
1"
1!
1#
#23596796
0#
0!
0"
#23596804
1"
1!
1#
#23606396
0#
0!
0"
#23606404
1"
1!
1#
#23615996
0#
0!
0"
#23616004
1"
1!
1#
#23625596
0#
0!
0"
#23625604
1"
1!
1#
#23635196
0#
0!
0"
#23635204
1"
1!
1#
#23644796
0#
0!
0"
#23644804
1"
1!
1#
#23654396
0#
0!
0"
#23654404
1"
1!
1#
#23663996
0#
0!
0"
#23664004
1"
1!
1#
#23673596
0#
0!
0"
#23673604
1"
1!
1#
#23683196
0#
0!
0"
#23683204
1"
1!
1#
#23692796
0#
0!
0"
#23692804
1"
1!
1#
#23702396
0#
0!
0"
#23702404
1"
1!
1#
#23711996
0#
0!
0"
#23712004
1"
1!
1#
#23721596
0#
0!
0"
#23721604
1"
1!
1#
#23731196
0#
0!
0"
#23731204
1"
1!
1#
#23740796
0#
0!
0"
#23740804
1"
1!
1#
#23750396
0#
0!
0"
#23750404
1"
1!
1#
#23759996
0#
0!
0"
#23760004
1"
1!
1#
#23769596
0#
0!
0"
#23769604
1"
1!
1#
#23779196
0#
0!
0"
#23779204
1"
1!
1#
#23788796
0#
0!
0"
#23788804
1"
1!
1#
#23798396
0#
0!
0"
#23798404
1"
1!
1#
#23807996
0#
0!
0"
#23808004
1"
1!
1#
#23817596
0#
0!
0"
#23817604
1"
1!
1#
#23827196
0#
0!
0"
#23827204
1"
1!
1#
#23836796
0#
0!
0"
#23836804
1"
1!
1#
#23846396
0#
0!
0"
#23846404
1"
1!
1#
#23855996
0#
0!
0"
#23856004
1"
1!
1#
#23865596
0#
0!
0"
#23865604
1"
1!
1#
#23875196
0#
0!
0"
#23875204
1"
1!
1#
#23884796
0#
0!
0"
#23884804
1"
1!
1#
#23894396
0#
0!
0"
#23894404
1"
1!
1#
#23903996
0#
0!
0"
#23904004
1"
1!
1#
#23913596
0#
0!
0"
#23913604
1"
1!
1#
#23923196
0#
0!
0"
#23923204
1"
1!
1#
#23932796
0#
0!
0"
#23932804
1"
1!
1#
#23942396
0#
0!
0"
#23942404
1"
1!
1#
#23951996
0#
0!
0"
#23952004
1"
1!
1#
#23961596
0#
0!
0"
#23961604
1"
1!
1#
#23971196
0#
0!
0"
#23971204
1"
1!
1#
#23980796
0#
0!
0"
#23980804
1"
1!
1#
#23990396
0#
0!
0"
#23990404
1"
1!
1#
#23999996
0#
0!
0"
#24000004
1"
1!
1#
#24009596
0#
0!
0"
#24009604
1"
1!
1#
#24019196
0#
0!
0"
#24019204
1"
1!
1#
#24028796
0#
0!
0"
#24028804
1"
1!
1#
#24038396
0#
0!
0"
#24038404
1"
1!
1#
#24047996
0#
0!
0"
#24048004
1"
1!
1#
#24057596
0#
0!
0"
#24057604
1"
1!
1#
#24067196
0#
0!
0"
#24067204
1"
1!
1#
#24076796
0#
0!
0"
#24076804
1"
1!
1#
#24086396
0#
0!
0"
#24086404
1"
1!
1#
#24095996
0#
0!
0"
#24096004
1"
1!
1#
#24105596
0#
0!
0"
#24105604
1"
1!
1#
#24115196
0#
0!
0"
#24115204
1"
1!
1#
#24124796
0#
0!
0"
#24124804
1"
1!
1#
#24134396
0#
0!
0"
#24134404
1"
1!
1#
#24143996
0#
0!
0"
#24144004
1"
1!
1#
#24153596
0#
0!
0"
#24153604
1"
1!
1#
#24163196
0#
0!
0"
#24163204
1"
1!
1#
#24172796
0#
0!
0"
#24172804
1"
1!
1#
#24182396
0#
0!
0"
#24182404
1"
1!
1#
#24191996
0#
0!
0"
#24192004
1"
1!
1#
#24201596
0#
0!
0"
#24201604
1"
1!
1#
#24211196
0#
0!
0"
#24211204
1"
1!
1#
#24220796
0#
0!
0"
#24220804
1"
1!
1#
#24230396
0#
0!
0"
#24230404
1"
1!
1#
#24239996
0#
0!
0"
#24240004
1"
1!
1#
#24249596
0#
0!
0"
#24249604
1"
1!
1#
#24259196
0#
0!
0"
#24259204
1"
1!
1#
#24268796
0#
0!
0"
#24268804
1"
1!
1#
#24278396
0#
0!
0"
#24278404
1"
1!
1#
#24287996
0#
0!
0"
#24288004
1"
1!
1#
#24297596
0#
0!
0"
#24297604
1"
1!
1#
#24307196
0#
0!
0"
#24307204
1"
1!
1#
#24316796
0#
0!
0"
#24316804
1"
1!
1#
#24326396
0#
0!
0"
#24326404
1"
1!
1#
#24335996
0#
0!
0"
#24336004
1"
1!
1#
#24345596
0#
0!
0"
#24345604
1"
1!
1#
#24355196
0#
0!
0"
#24355204
1"
1!
1#
#24364796
0#
0!
0"
#24364804
1"
1!
1#
#24374396
0#
0!
0"
#24374404
1"
1!
1#
#24383996
0#
0!
0"
#24384004
1"
1!
1#
#24393596
0#
0!
0"
#24393604
1"
1!
1#
#24403196
0#
0!
0"
#24403204
1"
1!
1#
#24412796
0#
0!
0"
#24412804
1"
1!
1#
#24422396
0#
0!
0"
#24422404
1"
1!
1#
#24431996
0#
0!
0"
#24432004
1"
1!
1#
#24441596
0#
0!
0"
#24441604
1"
1!
1#
#24451196
0#
0!
0"
#24451204
1"
1!
1#
#24460796
0#
0!
0"
#24460804
1"
1!
1#
#24470396
0#
0!
0"
#24470404
1"
1!
1#
#24479996
0#
0!
0"
#24480004
1"
1!
1#
#24489596
0#
0!
0"
#24489604
1"
1!
1#
#24499196
0#
0!
0"
#24499204
1"
1!
1#
#24508796
0#
0!
0"
#24508804
1"
1!
1#
#24518396
0#
0!
0"
#24518404
1"
1!
1#
#24527996
0#
0!
0"
#24528004
1"
1!
1#
#24537596
0#
0!
0"
#24537604
1"
1!
1#
#24547196
0#
0!
0"
#24547204
1"
1!
1#
#24556796
0#
0!
0"
#24556804
1"
1!
1#
#24566396
0#
0!
0"
#24566404
1"
1!
1#
#24575996
0#
0!
0"
#24576004
1"
1!
1#
#24585596
0#
0!
0"
#24585604
1"
1!
1#
#24595196
0#
0!
0"
#24595204
1"
1!
1#
#24604796
0#
0!
0"
#24604804
1"
1!
1#
#24614396
0#
0!
0"
#24614404
1"
1!
1#
#24623996
0#
0!
0"
#24624004
1"
1!
1#
#24633596
0#
0!
0"
#24633604
1"
1!
1#
#24643196
0#
0!
0"
#24643204
1"
1!
1#
#24652796
0#
0!
0"
#24652804
1"
1!
1#
#24662396
0#
0!
0"
#24662404
1"
1!
1#
#24671996
0#
0!
0"
#24672004
1"
1!
1#
#24681596
0#
0!
0"
#24681604
1"
1!
1#
#24691196
0#
0!
0"
#24691204
1"
1!
1#
#24700796
0#
0!
0"
#24700804
1"
1!
1#
#24710396
0#
0!
0"
#24710404
1"
1!
1#
#24719996
0#
0!
0"
#24720004
1"
1!
1#
#24729596
0#
0!
0"
#24729604
1"
1!
1#
#24739196
0#
0!
0"
#24739204
1"
1!
1#
#24748796
0#
0!
0"
#24748804
1"
1!
1#
#24758396
0#
0!
0"
#24758404
1"
1!
1#
#24767996
0#
0!
0"
#24768004
1"
1!
1#
#24777596
0#
0!
0"
#24777604
1"
1!
1#
#24787196
0#
0!
0"
#24787204
1"
1!
1#
#24796796
0#
0!
0"
#24796804
1"
1!
1#
#24806396
0#
0!
0"
#24806404
1"
1!
1#
#24815996
0#
0!
0"
#24816004
1"
1!
1#
#24825596
0#
0!
0"
#24825604
1"
1!
1#
#24835196
0#
0!
0"
#24835204
1"
1!
1#
#24844796
0#
0!
0"
#24844804
1"
1!
1#
#24854396
0#
0!
0"
#24854404
1"
1!
1#
#24863996
0#
0!
0"
#24864004
1"
1!
1#
#24873596
0#
0!
0"
#24873604
1"
1!
1#
#24883196
0#
0!
0"
#24883204
1"
1!
1#
#24892796
0#
0!
0"
#24892804
1"
1!
1#
#24902396
0#
0!
0"
#24902404
1"
1!
1#
#24911996
0#
0!
0"
#24912004
1"
1!
1#
#24921596
0#
0!
0"
#24921604
1"
1!
1#
#24931196
0#
0!
0"
#24931204
1"
1!
1#
#24940796
0#
0!
0"
#24940804
1"
1!
1#
#24950396
0#
0!
0"
#24950404
1"
1!
1#
#24959996
0#
0!
0"
#24960004
1"
1!
1#
#24969596
0#
0!
0"
#24969604
1"
1!
1#
#24979196
0#
0!
0"
#24979204
1"
1!
1#
#24988796
0#
0!
0"
#24988804
1"
1!
1#
#24998396
0#
0!
0"
#24998404
1"
1!
1#
#25007996
0#
0!
0"
#25008004
1"
1!
1#
#25017596
0#
0!
0"
#25017604
1"
1!
1#
#25027196
0#
0!
0"
#25027204
1"
1!
1#
#25036796
0#
0!
0"
#25036804
1"
1!
1#
#25046396
0#
0!
0"
#25046404
1"
1!
1#
#25055996
0#
0!
0"
#25056004
1"
1!
1#
#25065596
0#
0!
0"
#25065604
1"
1!
1#
#25075196
0#
0!
0"
#25075204
1"
1!
1#
#25084796
0#
0!
0"
#25084804
1"
1!
1#
#25094396
0#
0!
0"
#25094404
1"
1!
1#
#25103996
0#
0!
0"
#25104004
1"
1!
1#
#25113596
0#
0!
0"
#25113604
1"
1!
1#
#25123196
0#
0!
0"
#25123204
1"
1!
1#
#25132796
0#
0!
0"
#25132804
1"
1!
1#
#25142396
0#
0!
0"
#25142404
1"
1!
1#
#25151996
0#
0!
0"
#25152004
1"
1!
1#
#25161596
0#
0!
0"
#25161604
1"
1!
1#
#25171196
0#
0!
0"
#25171204
1"
1!
1#
#25180796
0#
0!
0"
#25180804
1"
1!
1#
#25190396
0#
0!
0"
#25190404
1"
1!
1#
#25199996
0#
0!
0"
#25200004
1"
1!
1#
#25209596
0#
0!
0"
#25209604
1"
1!
1#
#25219196
0#
0!
0"
#25219204
1"
1!
1#
#25228796
0#
0!
0"
#25228804
1"
1!
1#
#25238396
0#
0!
0"
#25238404
1"
1!
1#
#25247996
0#
0!
0"
#25248004
1"
1!
1#
#25257596
0#
0!
0"
#25257604
1"
1!
1#
#25267196
0#
0!
0"
#25267204
1"
1!
1#
#25276796
0#
0!
0"
#25276804
1"
1!
1#
#25286396
0#
0!
0"
#25286404
1"
1!
1#
#25295996
0#
0!
0"
#25296004
1"
1!
1#
#25305596
0#
0!
0"
#25305604
1"
1!
1#
#25315196
0#
0!
0"
#25315204
1"
1!
1#
#25324796
0#
0!
0"
#25324804
1"
1!
1#
#25334396
0#
0!
0"
#25334404
1"
1!
1#
#25343996
0#
0!
0"
#25344004
1"
1!
1#
#25353596
0#
0!
0"
#25353604
1"
1!
1#
#25363196
0#
0!
0"
#25363204
1"
1!
1#
#25372796
0#
0!
0"
#25372804
1"
1!
1#
#25382396
0#
0!
0"
#25382404
1"
1!
1#
#25391996
0#
0!
0"
#25392004
1"
1!
1#
#25401596
0#
0!
0"
#25401604
1"
1!
1#
#25411196
0#
0!
0"
#25411204
1"
1!
1#
#25420796
0#
0!
0"
#25420804
1"
1!
1#
#25430396
0#
0!
0"
#25430404
1"
1!
1#
#25439996
0#
0!
0"
#25440004
1"
1!
1#
#25449596
0#
0!
0"
#25449604
1"
1!
1#
#25459196
0#
0!
0"
#25459204
1"
1!
1#
#25468796
0#
0!
0"
#25468804
1"
1!
1#
#25478396
0#
0!
0"
#25478404
1"
1!
1#
#25487996
0#
0!
0"
#25488004
1"
1!
1#
#25497596
0#
0!
0"
#25497604
1"
1!
1#
#25507196
0#
0!
0"
#25507204
1"
1!
1#
#25516796
0#
0!
0"
#25516804
1"
1!
1#
#25526396
0#
0!
0"
#25526404
1"
1!
1#
#25535996
0#
0!
0"
#25536004
1"
1!
1#
#25545596
0#
0!
0"
#25545604
1"
1!
1#
#25555196
0#
0!
0"
#25555204
1"
1!
1#
#25564796
0#
0!
0"
#25564804
1"
1!
1#
#25574396
0#
0!
0"
#25574404
1"
1!
1#
#25583996
0#
0!
0"
#25584004
1"
1!
1#
#25593596
0#
0!
0"
#25593604
1"
1!
1#
#25603196
0#
0!
0"
#25603204
1"
1!
1#
#25612796
0#
0!
0"
#25612804
1"
1!
1#
#25622396
0#
0!
0"
#25622404
1"
1!
1#
#25631996
0#
0!
0"
#25632004
1"
1!
1#
#25641596
0#
0!
0"
#25641604
1"
1!
1#
#25651196
0#
0!
0"
#25651204
1"
1!
1#
#25660796
0#
0!
0"
#25660804
1"
1!
1#
#25670396
0#
0!
0"
#25670404
1"
1!
1#
#25679996
0#
0!
0"
#25680004
1"
1!
1#
#25689596
0#
0!
0"
#25689604
1"
1!
1#
#25699196
0#
0!
0"
#25699204
1"
1!
1#
#25708796
0#
0!
0"
#25708804
1"
1!
1#
#25718396
0#
0!
0"
#25718404
1"
1!
1#
#25727996
0#
0!
0"
#25728004
1"
1!
1#
#25737596
0#
0!
0"
#25737604
1"
1!
1#
#25747196
0#
0!
0"
#25747204
1"
1!
1#
#25756796
0#
0!
0"
#25756804
1"
1!
1#
#25766396
0#
0!
0"
#25766404
1"
1!
1#
#25775996
0#
0!
0"
#25776004
1"
1!
1#
#25785596
0#
0!
0"
#25785604
1"
1!
1#
#25795196
0#
0!
0"
#25795204
1"
1!
1#
#25804796
0#
0!
0"
#25804804
1"
1!
1#
#25814396
0#
0!
0"
#25814404
1"
1!
1#
#25823996
0#
0!
0"
#25824004
1"
1!
1#
#25833596
0#
0!
0"
#25833604
1"
1!
1#
#25843196
0#
0!
0"
#25843204
1"
1!
1#
#25852796
0#
0!
0"
#25852804
1"
1!
1#
#25862396
0#
0!
0"
#25862404
1"
1!
1#
#25871996
0#
0!
0"
#25872004
1"
1!
1#
#25881596
0#
0!
0"
#25881604
1"
1!
1#
#25891196
0#
0!
0"
#25891204
1"
1!
1#
#25900796
0#
0!
0"
#25900804
1"
1!
1#
#25910396
0#
0!
0"
#25910404
1"
1!
1#
#25919996
0#
0!
0"
#25920004
1"
1!
1#
#25929596
0#
0!
0"
#25929604
1"
1!
1#
#25939196
0#
0!
0"
#25939204
1"
1!
1#
#25948796
0#
0!
0"
#25948804
1"
1!
1#
#25958396
0#
0!
0"
#25958404
1"
1!
1#
#25967996
0#
0!
0"
#25968004
1"
1!
1#
#25977596
0#
0!
0"
#25977604
1"
1!
1#
#25987196
0#
0!
0"
#25987204
1"
1!
1#
#25996796
0#
0!
0"
#25996804
1"
1!
1#
#26006396
0#
0!
0"
#26006404
1"
1!
1#
#26015996
0#
0!
0"
#26016004
1"
1!
1#
#26025596
0#
0!
0"
#26025604
1"
1!
1#
#26035196
0#
0!
0"
#26035204
1"
1!
1#
#26044796
0#
0!
0"
#26044804
1"
1!
1#
#26054396
0#
0!
0"
#26054404
1"
1!
1#
#26063996
0#
0!
0"
#26064004
1"
1!
1#
#26073596
0#
0!
0"
#26073604
1"
1!
1#
#26083196
0#
0!
0"
#26083204
1"
1!
1#
#26092796
0#
0!
0"
#26092804
1"
1!
1#
#26102396
0#
0!
0"
#26102404
1"
1!
1#
#26111996
0#
0!
0"
#26112004
1"
1!
1#
#26121596
0#
0!
0"
#26121604
1"
1!
1#
#26131196
0#
0!
0"
#26131204
1"
1!
1#
#26140796
0#
0!
0"
#26140804
1"
1!
1#
#26150396
0#
0!
0"
#26150404
1"
1!
1#
#26159996
0#
0!
0"
#26160004
1"
1!
1#
#26169596
0#
0!
0"
#26169604
1"
1!
1#
#26179196
0#
0!
0"
#26179204
1"
1!
1#
#26188796
0#
0!
0"
#26188804
1"
1!
1#
#26198396
0#
0!
0"
#26198404
1"
1!
1#
#26207996
0#
0!
0"
#26208004
1"
1!
1#
#26217596
0#
0!
0"
#26217604
1"
1!
1#
#26227196
0#
0!
0"
#26227204
1"
1!
1#
#26236796
0#
0!
0"
#26236804
1"
1!
1#
#26246396
0#
0!
0"
#26246404
1"
1!
1#
#26255996
0#
0!
0"
#26256004
1"
1!
1#
#26265596
0#
0!
0"
#26265604
1"
1!
1#
#26275196
0#
0!
0"
#26275204
1"
1!
1#
#26284796
0#
0!
0"
#26284804
1"
1!
1#
#26294396
0#
0!
0"
#26294404
1"
1!
1#
#26303996
0#
0!
0"
#26304004
1"
1!
1#
#26313596
0#
0!
0"
#26313604
1"
1!
1#
#26323196
0#
0!
0"
#26323204
1"
1!
1#
#26332796
0#
0!
0"
#26332804
1"
1!
1#
#26342396
0#
0!
0"
#26342404
1"
1!
1#
#26351996
0#
0!
0"
#26352004
1"
1!
1#
#26361596
0#
0!
0"
#26361604
1"
1!
1#
#26371196
0#
0!
0"
#26371204
1"
1!
1#
#26380796
0#
0!
0"
#26380804
1"
1!
1#
#26390396
0#
0!
0"
#26390404
1"
1!
1#
#26399996
0#
0!
0"
#26400004
1"
1!
1#
#26409596
0#
0!
0"
#26409604
1"
1!
1#
#26419196
0#
0!
0"
#26419204
1"
1!
1#
#26428796
0#
0!
0"
#26428804
1"
1!
1#
#26438396
0#
0!
0"
#26438404
1"
1!
1#
#26447996
0#
0!
0"
#26448004
1"
1!
1#
#26457596
0#
0!
0"
#26457604
1"
1!
1#
#26467196
0#
0!
0"
#26467204
1"
1!
1#
#26476796
0#
0!
0"
#26476804
1"
1!
1#
#26486396
0#
0!
0"
#26486404
1"
1!
1#
#26495996
0#
0!
0"
#26496004
1"
1!
1#
#26505596
0#
0!
0"
#26505604
1"
1!
1#
#26515196
0#
0!
0"
#26515204
1"
1!
1#
#26524796
0#
0!
0"
#26524804
1"
1!
1#
#26534396
0#
0!
0"
#26534404
1"
1!
1#
#26543996
0#
0!
0"
#26544004
1"
1!
1#
#26553596
0#
0!
0"
#26553604
1"
1!
1#
#26563196
0#
0!
0"
#26563204
1"
1!
1#
#26572796
0#
0!
0"
#26572804
1"
1!
1#
#26582396
0#
0!
0"
#26582404
1"
1!
1#
#26591996
0#
0!
0"
#26592004
1"
1!
1#
#26601596
0#
0!
0"
#26601604
1"
1!
1#
#26611196
0#
0!
0"
#26611204
1"
1!
1#
#26620796
0#
0!
0"
#26620804
1"
1!
1#
#26630396
0#
0!
0"
#26630404
1"
1!
1#
#26639996
0#
0!
0"
#26640004
1"
1!
1#
#26649596
0#
0!
0"
#26649604
1"
1!
1#
#26659196
0#
0!
0"
#26659204
1"
1!
1#
#26668796
0#
0!
0"
#26668804
1"
1!
1#
#26678396
0#
0!
0"
#26678404
1"
1!
1#
#26687996
0#
0!
0"
#26688004
1"
1!
1#
#26697596
0#
0!
0"
#26697604
1"
1!
1#
#26707196
0#
0!
0"
#26707204
1"
1!
1#
#26716796
0#
0!
0"
#26716804
1"
1!
1#
#26726396
0#
0!
0"
#26726404
1"
1!
1#
#26735996
0#
0!
0"
#26736004
1"
1!
1#
#26745596
0#
0!
0"
#26745604
1"
1!
1#
#26755196
0#
0!
0"
#26755204
1"
1!
1#
#26764796
0#
0!
0"
#26764804
1"
1!
1#
#26774396
0#
0!
0"
#26774404
1"
1!
1#
#26783996
0#
0!
0"
#26784004
1"
1!
1#
#26793596
0#
0!
0"
#26793604
1"
1!
1#
#26803196
0#
0!
0"
#26803204
1"
1!
1#
#26812796
0#
0!
0"
#26812804
1"
1!
1#
#26822396
0#
0!
0"
#26822404
1"
1!
1#
#26831996
0#
0!
0"
#26832004
1"
1!
1#
#26841596
0#
0!
0"
#26841604
1"
1!
1#
#26851196
0#
0!
0"
#26851204
1"
1!
1#
#26860796
0#
0!
0"
#26860804
1"
1!
1#
#26870396
0#
0!
0"
#26870404
1"
1!
1#
#26879996
0#
0!
0"
#26880004
1"
1!
1#
#26889596
0#
0!
0"
#26889604
1"
1!
1#
#26899196
0#
0!
0"
#26899204
1"
1!
1#
#26908796
0#
0!
0"
#26908804
1"
1!
1#
#26918396
0#
0!
0"
#26918404
1"
1!
1#
#26927996
0#
0!
0"
#26928004
1"
1!
1#
#26937596
0#
0!
0"
#26937604
1"
1!
1#
#26947196
0#
0!
0"
#26947204
1"
1!
1#
#26956796
0#
0!
0"
#26956804
1"
1!
1#
#26966396
0#
0!
0"
#26966404
1"
1!
1#
#26975996
0#
0!
0"
#26976004
1"
1!
1#
#26985596
0#
0!
0"
#26985604
1"
1!
1#
#26995196
0#
0!
0"
#26995204
1"
1!
1#
#27004796
0#
0!
0"
#27004804
1"
1!
1#
#27014396
0#
0!
0"
#27014404
1"
1!
1#
#27023996
0#
0!
0"
#27024004
1"
1!
1#
#27033596
0#
0!
0"
#27033604
1"
1!
1#
#27043196
0#
0!
0"
#27043204
1"
1!
1#
#27052796
0#
0!
0"
#27052804
1"
1!
1#
#27062396
0#
0!
0"
#27062404
1"
1!
1#
#27071996
0#
0!
0"
#27072004
1"
1!
1#
#27081596
0#
0!
0"
#27081604
1"
1!
1#
#27091196
0#
0!
0"
#27091204
1"
1!
1#
#27100796
0#
0!
0"
#27100804
1"
1!
1#
#27110396
0#
0!
0"
#27110404
1"
1!
1#
#27119996
0#
0!
0"
#27120004
1"
1!
1#
#27129596
0#
0!
0"
#27129604
1"
1!
1#
#27139196
0#
0!
0"
#27139204
1"
1!
1#
#27148796
0#
0!
0"
#27148804
1"
1!
1#
#27158396
0#
0!
0"
#27158404
1"
1!
1#
#27167996
0#
0!
0"
#27168004
1"
1!
1#
#27177596
0#
0!
0"
#27177604
1"
1!
1#
#27187196
0#
0!
0"
#27187204
1"
1!
1#
#27196796
0#
0!
0"
#27196804
1"
1!
1#
#27206396
0#
0!
0"
#27206404
1"
1!
1#
#27215996
0#
0!
0"
#27216004
1"
1!
1#
#27225596
0#
0!
0"
#27225604
1"
1!
1#
#27235196
0#
0!
0"
#27235204
1"
1!
1#
#27244796
0#
0!
0"
#27244804
1"
1!
1#
#27254396
0#
0!
0"
#27254404
1"
1!
1#
#27263996
0#
0!
0"
#27264004
1"
1!
1#
#27273596
0#
0!
0"
#27273604
1"
1!
1#
#27283196
0#
0!
0"
#27283204
1"
1!
1#
#27292796
0#
0!
0"
#27292804
1"
1!
1#
#27302396
0#
0!
0"
#27302404
1"
1!
1#
#27311996
0#
0!
0"
#27312004
1"
1!
1#
#27321596
0#
0!
0"
#27321604
1"
1!
1#
#27331196
0#
0!
0"
#27331204
1"
1!
1#
#27340796
0#
0!
0"
#27340804
1"
1!
1#
#27350396
0#
0!
0"
#27350404
1"
1!
1#
#27359996
0#
0!
0"
#27360004
1"
1!
1#
#27369596
0#
0!
0"
#27369604
1"
1!
1#
#27379196
0#
0!
0"
#27379204
1"
1!
1#
#27388796
0#
0!
0"
#27388804
1"
1!
1#
#27398396
0#
0!
0"
#27398404
1"
1!
1#
#27407996
0#
0!
0"
#27408004
1"
1!
1#
#27417596
0#
0!
0"
#27417604
1"
1!
1#
#27427196
0#
0!
0"
#27427204
1"
1!
1#
#27436796
0#
0!
0"
#27436804
1"
1!
1#
#27446396
0#
0!
0"
#27446404
1"
1!
1#
#27455996
0#
0!
0"
#27456004
1"
1!
1#
#27465596
0#
0!
0"
#27465604
1"
1!
1#
#27475196
0#
0!
0"
#27475204
1"
1!
1#
#27484796
0#
0!
0"
#27484804
1"
1!
1#
#27494396
0#
0!
0"
#27494404
1"
1!
1#
#27503996
0#
0!
0"
#27504004
1"
1!
1#
#27513596
0#
0!
0"
#27513604
1"
1!
1#
#27523196
0#
0!
0"
#27523204
1"
1!
1#
#27532796
0#
0!
0"
#27532804
1"
1!
1#
#27542396
0#
0!
0"
#27542404
1"
1!
1#
#27551996
0#
0!
0"
#27552004
1"
1!
1#
#27561596
0#
0!
0"
#27561604
1"
1!
1#
#27571196
0#
0!
0"
#27571204
1"
1!
1#
#27580796
0#
0!
0"
#27580804
1"
1!
1#
#27590396
0#
0!
0"
#27590404
1"
1!
1#
#27599996
0#
0!
0"
#27600004
1"
1!
1#
#27609596
0#
0!
0"
#27609604
1"
1!
1#
#27619196
0#
0!
0"
#27619204
1"
1!
1#
#27628796
0#
0!
0"
#27628804
1"
1!
1#
#27638396
0#
0!
0"
#27638404
1"
1!
1#
#27647996
0#
0!
0"
#27648004
1"
1!
1#
#27657596
0#
0!
0"
#27657604
1"
1!
1#
#27667196
0#
0!
0"
#27667204
1"
1!
1#
#27676796
0#
0!
0"
#27676804
1"
1!
1#
#27686396
0#
0!
0"
#27686404
1"
1!
1#
#27695996
0#
0!
0"
#27696004
1"
1!
1#
#27705596
0#
0!
0"
#27705604
1"
1!
1#
#27715196
0#
0!
0"
#27715204
1"
1!
1#
#27724796
0#
0!
0"
#27724804
1"
1!
1#
#27734396
0#
0!
0"
#27734404
1"
1!
1#
#27743996
0#
0!
0"
#27744004
1"
1!
1#
#27753596
0#
0!
0"
#27753604
1"
1!
1#
#27763196
0#
0!
0"
#27763204
1"
1!
1#
#27772796
0#
0!
0"
#27772804
1"
1!
1#
#27782396
0#
0!
0"
#27782404
1"
1!
1#
#27791996
0#
0!
0"
#27792004
1"
1!
1#
#27801596
0#
0!
0"
#27801604
1"
1!
1#
#27811196
0#
0!
0"
#27811204
1"
1!
1#
#27820796
0#
0!
0"
#27820804
1"
1!
1#
#27830396
0#
0!
0"
#27830404
1"
1!
1#
#27839996
0#
0!
0"
#27840004
1"
1!
1#
#27849596
0#
0!
0"
#27849604
1"
1!
1#
#27859196
0#
0!
0"
#27859204
1"
1!
1#
#27868796
0#
0!
0"
#27868804
1"
1!
1#
#27878396
0#
0!
0"
#27878404
1"
1!
1#
#27887996
0#
0!
0"
#27888004
1"
1!
1#
#27897596
0#
0!
0"
#27897604
1"
1!
1#
#27907196
0#
0!
0"
#27907204
1"
1!
1#
#27916796
0#
0!
0"
#27916804
1"
1!
1#
#27926396
0#
0!
0"
#27926404
1"
1!
1#
#27935996
0#
0!
0"
#27936004
1"
1!
1#
#27945596
0#
0!
0"
#27945604
1"
1!
1#
#27955196
0#
0!
0"
#27955204
1"
1!
1#
#27964796
0#
0!
0"
#27964804
1"
1!
1#
#27974396
0#
0!
0"
#27974404
1"
1!
1#
#27983996
0#
0!
0"
#27984004
1"
1!
1#
#27993596
0#
0!
0"
#27993604
1"
1!
1#
#28003196
0#
0!
0"
#28003204
1"
1!
1#
#28012796
0#
0!
0"
#28012804
1"
1!
1#
#28022396
0#
0!
0"
#28022404
1"
1!
1#
#28031996
0#
0!
0"
#28032004
1"
1!
1#
#28041596
0#
0!
0"
#28041604
1"
1!
1#
#28051196
0#
0!
0"
#28051204
1"
1!
1#
#28060796
0#
0!
0"
#28060804
1"
1!
1#
#28070396
0#
0!
0"
#28070404
1"
1!
1#
#28079996
0#
0!
0"
#28080004
1"
1!
1#
#28089596
0#
0!
0"
#28089604
1"
1!
1#
#28099196
0#
0!
0"
#28099204
1"
1!
1#
#28108796
0#
0!
0"
#28108804
1"
1!
1#
#28118396
0#
0!
0"
#28118404
1"
1!
1#
#28127996
0#
0!
0"
#28128004
1"
1!
1#
#28137596
0#
0!
0"
#28137604
1"
1!
1#
#28147196
0#
0!
0"
#28147204
1"
1!
1#
#28156796
0#
0!
0"
#28156804
1"
1!
1#
#28166396
0#
0!
0"
#28166404
1"
1!
1#
#28175996
0#
0!
0"
#28176004
1"
1!
1#
#28185596
0#
0!
0"
#28185604
1"
1!
1#
#28195196
0#
0!
0"
#28195204
1"
1!
1#
#28204796
0#
0!
0"
#28204804
1"
1!
1#
#28214396
0#
0!
0"
#28214404
1"
1!
1#
#28223996
0#
0!
0"
#28224004
1"
1!
1#
#28233596
0#
0!
0"
#28233604
1"
1!
1#
#28243196
0#
0!
0"
#28243204
1"
1!
1#
#28252796
0#
0!
0"
#28252804
1"
1!
1#
#28262396
0#
0!
0"
#28262404
1"
1!
1#
#28271996
0#
0!
0"
#28272004
1"
1!
1#
#28281596
0#
0!
0"
#28281604
1"
1!
1#
#28291196
0#
0!
0"
#28291204
1"
1!
1#
#28300796
0#
0!
0"
#28300804
1"
1!
1#
#28310396
0#
0!
0"
#28310404
1"
1!
1#
#28319996
0#
0!
0"
#28320004
1"
1!
1#
#28329596
0#
0!
0"
#28329604
1"
1!
1#
#28339196
0#
0!
0"
#28339204
1"
1!
1#
#28348796
0#
0!
0"
#28348804
1"
1!
1#
#28358396
0#
0!
0"
#28358404
1"
1!
1#
#28367996
0#
0!
0"
#28368004
1"
1!
1#
#28377596
0#
0!
0"
#28377604
1"
1!
1#
#28387196
0#
0!
0"
#28387204
1"
1!
1#
#28396796
0#
0!
0"
#28396804
1"
1!
1#
#28406396
0#
0!
0"
#28406404
1"
1!
1#
#28415996
0#
0!
0"
#28416004
1"
1!
1#
#28425596
0#
0!
0"
#28425604
1"
1!
1#
#28435196
0#
0!
0"
#28435204
1"
1!
1#
#28444796
0#
0!
0"
#28444804
1"
1!
1#
#28454396
0#
0!
0"
#28454404
1"
1!
1#
#28463996
0#
0!
0"
#28464004
1"
1!
1#
#28473596
0#
0!
0"
#28473604
1"
1!
1#
#28483196
0#
0!
0"
#28483204
1"
1!
1#
#28492796
0#
0!
0"
#28492804
1"
1!
1#
#28502396
0#
0!
0"
#28502404
1"
1!
1#
#28511996
0#
0!
0"
#28512004
1"
1!
1#
#28521596
0#
0!
0"
#28521604
1"
1!
1#
#28531196
0#
0!
0"
#28531204
1"
1!
1#
#28540796
0#
0!
0"
#28540804
1"
1!
1#
#28550396
0#
0!
0"
#28550404
1"
1!
1#
#28559996
0#
0!
0"
#28560004
1"
1!
1#
#28569596
0#
0!
0"
#28569604
1"
1!
1#
#28579196
0#
0!
0"
#28579204
1"
1!
1#
#28588796
0#
0!
0"
#28588804
1"
1!
1#
#28598396
0#
0!
0"
#28598404
1"
1!
1#
#28607996
0#
0!
0"
#28608004
1"
1!
1#
#28617596
0#
0!
0"
#28617604
1"
1!
1#
#28627196
0#
0!
0"
#28627204
1"
1!
1#
#28636796
0#
0!
0"
#28636804
1"
1!
1#
#28646396
0#
0!
0"
#28646404
1"
1!
1#
#28655996
0#
0!
0"
#28656004
1"
1!
1#
#28665596
0#
0!
0"
#28665604
1"
1!
1#
#28675196
0#
0!
0"
#28675204
1"
1!
1#
#28684796
0#
0!
0"
#28684804
1"
1!
1#
#28694396
0#
0!
0"
#28694404
1"
1!
1#
#28703996
0#
0!
0"
#28704004
1"
1!
1#
#28713596
0#
0!
0"
#28713604
1"
1!
1#
#28723196
0#
0!
0"
#28723204
1"
1!
1#
#28732796
0#
0!
0"
#28732804
1"
1!
1#
#28742396
0#
0!
0"
#28742404
1"
1!
1#
#28751996
0#
0!
0"
#28752004
1"
1!
1#
#28761596
0#
0!
0"
#28761604
1"
1!
1#
#28771196
0#
0!
0"
#28771204
1"
1!
1#
#28780796
0#
0!
0"
#28780804
1"
1!
1#
#28790396
0#
0!
0"
#28790404
1"
1!
1#
#28799996
0#
0!
0"
#28800004
1"
1!
1#
#28809596
0#
0!
0"
#28809604
1"
1!
1#
#28819196
0#
0!
0"
#28819204
1"
1!
1#
#28828796
0#
0!
0"
#28828804
1"
1!
1#
#28838396
0#
0!
0"
#28838404
1"
1!
1#
#28847996
0#
0!
0"
#28848004
1"
1!
1#
#28857596
0#
0!
0"
#28857604
1"
1!
1#
#28867196
0#
0!
0"
#28867204
1"
1!
1#
#28876796
0#
0!
0"
#28876804
1"
1!
1#
#28886396
0#
0!
0"
#28886404
1"
1!
1#
#28895996
0#
0!
0"
#28896004
1"
1!
1#
#28905596
0#
0!
0"
#28905604
1"
1!
1#
#28915196
0#
0!
0"
#28915204
1"
1!
1#
#28924796
0#
0!
0"
#28924804
1"
1!
1#
#28934396
0#
0!
0"
#28934404
1"
1!
1#
#28943996
0#
0!
0"
#28944004
1"
1!
1#
#28953596
0#
0!
0"
#28953604
1"
1!
1#
#28963196
0#
0!
0"
#28963204
1"
1!
1#
#28972796
0#
0!
0"
#28972804
1"
1!
1#
#28982396
0#
0!
0"
#28982404
1"
1!
1#
#28991996
0#
0!
0"
#28992004
1"
1!
1#
#29001596
0#
0!
0"
#29001604
1"
1!
1#
#29011196
0#
0!
0"
#29011204
1"
1!
1#
#29020796
0#
0!
0"
#29020804
1"
1!
1#
#29030396
0#
0!
0"
#29030404
1"
1!
1#
#29039996
0#
0!
0"
#29040004
1"
1!
1#
#29049596
0#
0!
0"
#29049604
1"
1!
1#
#29059196
0#
0!
0"
#29059204
1"
1!
1#
#29068796
0#
0!
0"
#29068804
1"
1!
1#
#29078396
0#
0!
0"
#29078404
1"
1!
1#
#29087996
0#
0!
0"
#29088004
1"
1!
1#
#29097596
0#
0!
0"
#29097604
1"
1!
1#
#29107196
0#
0!
0"
#29107204
1"
1!
1#
#29116796
0#
0!
0"
#29116804
1"
1!
1#
#29126396
0#
0!
0"
#29126404
1"
1!
1#
#29135996
0#
0!
0"
#29136004
1"
1!
1#
#29145596
0#
0!
0"
#29145604
1"
1!
1#
#29155196
0#
0!
0"
#29155204
1"
1!
1#
#29164796
0#
0!
0"
#29164804
1"
1!
1#
#29174396
0#
0!
0"
#29174404
1"
1!
1#
#29183996
0#
0!
0"
#29184004
1"
1!
1#
#29193596
0#
0!
0"
#29193604
1"
1!
1#
#29203196
0#
0!
0"
#29203204
1"
1!
1#
#29212796
0#
0!
0"
#29212804
1"
1!
1#
#29222396
0#
0!
0"
#29222404
1"
1!
1#
#29231996
0#
0!
0"
#29232004
1"
1!
1#
#29241596
0#
0!
0"
#29241604
1"
1!
1#
#29251196
0#
0!
0"
#29251204
1"
1!
1#
#29260796
0#
0!
0"
#29260804
1"
1!
1#
#29270396
0#
0!
0"
#29270404
1"
1!
1#
#29279996
0#
0!
0"
#29280004
1"
1!
1#
#29289596
0#
0!
0"
#29289604
1"
1!
1#
#29299196
0#
0!
0"
#29299204
1"
1!
1#
#29308796
0#
0!
0"
#29308804
1"
1!
1#
#29318396
0#
0!
0"
#29318404
1"
1!
1#
#29327996
0#
0!
0"
#29328004
1"
1!
1#
#29337596
0#
0!
0"
#29337604
1"
1!
1#
#29347196
0#
0!
0"
#29347204
1"
1!
1#
#29356796
0#
0!
0"
#29356804
1"
1!
1#
#29366396
0#
0!
0"
#29366404
1"
1!
1#
#29375996
0#
0!
0"
#29376004
1"
1!
1#
#29385596
0#
0!
0"
#29385604
1"
1!
1#
#29395196
0#
0!
0"
#29395204
1"
1!
1#
#29404796
0#
0!
0"
#29404804
1"
1!
1#
#29414396
0#
0!
0"
#29414404
1"
1!
1#
#29423996
0#
0!
0"
#29424004
1"
1!
1#
#29433596
0#
0!
0"
#29433604
1"
1!
1#
#29443196
0#
0!
0"
#29443204
1"
1!
1#
#29452796
0#
0!
0"
#29452804
1"
1!
1#
#29462396
0#
0!
0"
#29462404
1"
1!
1#
#29471996
0#
0!
0"
#29472004
1"
1!
1#
#29481596
0#
0!
0"
#29481604
1"
1!
1#
#29491196
0#
0!
0"
#29491204
1"
1!
1#
#29500796
0#
0!
0"
#29500804
1"
1!
1#
#29510396
0#
0!
0"
#29510404
1"
1!
1#
#29519996
0#
0!
0"
#29520004
1"
1!
1#
#29529596
0#
0!
0"
#29529604
1"
1!
1#
#29539196
0#
0!
0"
#29539204
1"
1!
1#
#29548796
0#
0!
0"
#29548804
1"
1!
1#
#29558396
0#
0!
0"
#29558404
1"
1!
1#
#29567996
0#
0!
0"
#29568004
1"
1!
1#
#29577596
0#
0!
0"
#29577604
1"
1!
1#
#29587196
0#
0!
0"
#29587204
1"
1!
1#
#29596796
0#
0!
0"
#29596804
1"
1!
1#
#29606396
0#
0!
0"
#29606404
1"
1!
1#
#29615996
0#
0!
0"
#29616004
1"
1!
1#
#29625596
0#
0!
0"
#29625604
1"
1!
1#
#29635196
0#
0!
0"
#29635204
1"
1!
1#
#29644796
0#
0!
0"
#29644804
1"
1!
1#
#29654396
0#
0!
0"
#29654404
1"
1!
1#
#29663996
0#
0!
0"
#29664004
1"
1!
1#
#29673596
0#
0!
0"
#29673604
1"
1!
1#
#29683196
0#
0!
0"
#29683204
1"
1!
1#
#29692796
0#
0!
0"
#29692804
1"
1!
1#
#29702396
0#
0!
0"
#29702404
1"
1!
1#
#29711996
0#
0!
0"
#29712004
1"
1!
1#
#29721596
0#
0!
0"
#29721604
1"
1!
1#
#29731196
0#
0!
0"
#29731204
1"
1!
1#
#29740796
0#
0!
0"
#29740804
1"
1!
1#
#29750396
0#
0!
0"
#29750404
1"
1!
1#
#29759996
0#
0!
0"
#29760004
1"
1!
1#
#29769596
0#
0!
0"
#29769604
1"
1!
1#
#29779196
0#
0!
0"
#29779204
1"
1!
1#
#29788796
0#
0!
0"
#29788804
1"
1!
1#
#29798396
0#
0!
0"
#29798404
1"
1!
1#
#29807996
0#
0!
0"
#29808004
1"
1!
1#
#29817596
0#
0!
0"
#29817604
1"
1!
1#
#29827196
0#
0!
0"
#29827204
1"
1!
1#
#29836796
0#
0!
0"
#29836804
1"
1!
1#
#29846396
0#
0!
0"
#29846404
1"
1!
1#
#29855996
0#
0!
0"
#29856004
1"
1!
1#
#29865596
0#
0!
0"
#29865604
1"
1!
1#
#29875196
0#
0!
0"
#29875204
1"
1!
1#
#29884796
0#
0!
0"
#29884804
1"
1!
1#
#29894396
0#
0!
0"
#29894404
1"
1!
1#
#29903996
0#
0!
0"
#29904004
1"
1!
1#
#29913596
0#
0!
0"
#29913604
1"
1!
1#
#29923196
0#
0!
0"
#29923204
1"
1!
1#
#29932796
0#
0!
0"
#29932804
1"
1!
1#
#29942396
0#
0!
0"
#29942404
1"
1!
1#
#29951996
0#
0!
0"
#29952004
1"
1!
1#
#29961596
0#
0!
0"
#29961604
1"
1!
1#
#29971196
0#
0!
0"
#29971204
1"
1!
1#
#29980796
0#
0!
0"
#29980804
1"
1!
1#
#29990396
0#
0!
0"
#29990404
1"
1!
1#
#29999996
0#
0!
0"
#30000004
1"
1!
1#
#30009596
0#
0!
0"
#30009604
1"
1!
1#
#30019196
0#
0!
0"
#30019204
1"
1!
1#
#30028796
0#
0!
0"
#30028804
1"
1!
1#
#30038396
0#
0!
0"
#30038404
1"
1!
1#
#30047996
0#
0!
0"
#30048004
1"
1!
1#
#30057596
0#
0!
0"
#30057604
1"
1!
1#
#30067196
0#
0!
0"
#30067204
1"
1!
1#
#30076796
0#
0!
0"
#30076804
1"
1!
1#
#30086396
0#
0!
0"
#30086404
1"
1!
1#
#30095996
0#
0!
0"
#30096004
1"
1!
1#
#30105596
0#
0!
0"
#30105604
1"
1!
1#
#30115196
0#
0!
0"
#30115204
1"
1!
1#
#30124796
0#
0!
0"
#30124804
1"
1!
1#
#30134396
0#
0!
0"
#30134404
1"
1!
1#
#30143996
0#
0!
0"
#30144004
1"
1!
1#
#30153596
0#
0!
0"
#30153604
1"
1!
1#
#30163196
0#
0!
0"
#30163204
1"
1!
1#
#30172796
0#
0!
0"
#30172804
1"
1!
1#
#30182396
0#
0!
0"
#30182404
1"
1!
1#
#30191996
0#
0!
0"
#30192004
1"
1!
1#
#30201596
0#
0!
0"
#30201604
1"
1!
1#
#30211196
0#
0!
0"
#30211204
1"
1!
1#
#30220796
0#
0!
0"
#30220804
1"
1!
1#
#30230396
0#
0!
0"
#30230404
1"
1!
1#
#30239996
0#
0!
0"
#30240004
1"
1!
1#
#30249596
0#
0!
0"
#30249604
1"
1!
1#
#30259196
0#
0!
0"
#30259204
1"
1!
1#
#30268796
0#
0!
0"
#30268804
1"
1!
1#
#30278396
0#
0!
0"
#30278404
1"
1!
1#
#30287996
0#
0!
0"
#30288004
1"
1!
1#
#30297596
0#
0!
0"
#30297604
1"
1!
1#
#30307196
0#
0!
0"
#30307204
1"
1!
1#
#30316796
0#
0!
0"
#30316804
1"
1!
1#
#30326396
0#
0!
0"
#30326404
1"
1!
1#
#30335996
0#
0!
0"
#30336004
1"
1!
1#
#30345596
0#
0!
0"
#30345604
1"
1!
1#
#30355196
0#
0!
0"
#30355204
1"
1!
1#
#30364796
0#
0!
0"
#30364804
1"
1!
1#
#30374396
0#
0!
0"
#30374404
1"
1!
1#
#30383996
0#
0!
0"
#30384004
1"
1!
1#
#30393596
0#
0!
0"
#30393604
1"
1!
1#
#30403196
0#
0!
0"
#30403204
1"
1!
1#
#30412796
0#
0!
0"
#30412804
1"
1!
1#
#30422396
0#
0!
0"
#30422404
1"
1!
1#
#30431996
0#
0!
0"
#30432004
1"
1!
1#
#30441596
0#
0!
0"
#30441604
1"
1!
1#
#30451196
0#
0!
0"
#30451204
1"
1!
1#
#30460796
0#
0!
0"
#30460804
1"
1!
1#
#30470396
0#
0!
0"
#30470404
1"
1!
1#
#30479996
0#
0!
0"
#30480004
1"
1!
1#
#30489596
0#
0!
0"
#30489604
1"
1!
1#
#30499196
0#
0!
0"
#30499204
1"
1!
1#
#30508796
0#
0!
0"
#30508804
1"
1!
1#
#30518396
0#
0!
0"
#30518404
1"
1!
1#
#30527996
0#
0!
0"
#30528004
1"
1!
1#
#30537596
0#
0!
0"
#30537604
1"
1!
1#
#30547196
0#
0!
0"
#30547204
1"
1!
1#
#30556796
0#
0!
0"
#30556804
1"
1!
1#
#30566396
0#
0!
0"
#30566404
1"
1!
1#
#30575996
0#
0!
0"
#30576004
1"
1!
1#
#30585596
0#
0!
0"
#30585604
1"
1!
1#
#30595196
0#
0!
0"
#30595204
1"
1!
1#
#30604796
0#
0!
0"
#30604804
1"
1!
1#
#30614396
0#
0!
0"
#30614404
1"
1!
1#
#30623996
0#
0!
0"
#30624004
1"
1!
1#
#30633596
0#
0!
0"
#30633604
1"
1!
1#
#30643196
0#
0!
0"
#30643204
1"
1!
1#
#30652796
0#
0!
0"
#30652804
1"
1!
1#
#30662396
0#
0!
0"
#30662404
1"
1!
1#
#30671996
0#
0!
0"
#30672004
1"
1!
1#
#30681596
0#
0!
0"
#30681604
1"
1!
1#
#30691196
0#
0!
0"
#30691204
1"
1!
1#
#30700796
0#
0!
0"
#30700804
1"
1!
1#
#30710396
0#
0!
0"
#30710404
1"
1!
1#
#30719996
0#
0!
0"
#30720004
1"
1!
1#
#30729596
0#
0!
0"
#30729604
1"
1!
1#
#30739196
0#
0!
0"
#30739204
1"
1!
1#
#30748796
0#
0!
0"
#30748804
1"
1!
1#
#30758396
0#
0!
0"
#30758404
1"
1!
1#
#30767996
0#
0!
0"
#30768004
1"
1!
1#
#30777596
0#
0!
0"
#30777604
1"
1!
1#
#30787196
0#
0!
0"
#30787204
1"
1!
1#
#30796796
0#
0!
0"
#30796804
1"
1!
1#
#30806396
0#
0!
0"
#30806404
1"
1!
1#
#30815996
0#
0!
0"
#30816004
1"
1!
1#
#30825596
0#
0!
0"
#30825604
1"
1!
1#
#30835196
0#
0!
0"
#30835204
1"
1!
1#
#30844796
0#
0!
0"
#30844804
1"
1!
1#
#30854396
0#
0!
0"
#30854404
1"
1!
1#
#30863996
0#
0!
0"
#30864004
1"
1!
1#
#30873596
0#
0!
0"
#30873604
1"
1!
1#
#30883196
0#
0!
0"
#30883204
1"
1!
1#
#30892796
0#
0!
0"
#30892804
1"
1!
1#
#30902396
0#
0!
0"
#30902404
1"
1!
1#
#30911996
0#
0!
0"
#30912004
1"
1!
1#
#30921596
0#
0!
0"
#30921604
1"
1!
1#
#30931196
0#
0!
0"
#30931204
1"
1!
1#
#30940796
0#
0!
0"
#30940804
1"
1!
1#
#30950396
0#
0!
0"
#30950404
1"
1!
1#
#30959996
0#
0!
0"
#30960004
1"
1!
1#
#30969596
0#
0!
0"
#30969604
1"
1!
1#
#30979196
0#
0!
0"
#30979204
1"
1!
1#
#30988796
0#
0!
0"
#30988804
1"
1!
1#
#30998396
0#
0!
0"
#30998404
1"
1!
1#
#31007996
0#
0!
0"
#31008004
1"
1!
1#
#31017596
0#
0!
0"
#31017604
1"
1!
1#
#31027196
0#
0!
0"
#31027204
1"
1!
1#
#31036796
0#
0!
0"
#31036804
1"
1!
1#
#31046396
0#
0!
0"
#31046404
1"
1!
1#
#31055996
0#
0!
0"
#31056004
1"
1!
1#
#31065596
0#
0!
0"
#31065604
1"
1!
1#
#31075196
0#
0!
0"
#31075204
1"
1!
1#
#31084796
0#
0!
0"
#31084804
1"
1!
1#
#31094396
0#
0!
0"
#31094404
1"
1!
1#
#31103996
0#
0!
0"
#31104004
1"
1!
1#
#31113596
0#
0!
0"
#31113604
1"
1!
1#
#31123196
0#
0!
0"
#31123204
1"
1!
1#
#31132796
0#
0!
0"
#31132804
1"
1!
1#
#31142396
0#
0!
0"
#31142404
1"
1!
1#
#31151996
0#
0!
0"
#31152004
1"
1!
1#
#31161596
0#
0!
0"
#31161604
1"
1!
1#
#31171196
0#
0!
0"
#31171204
1"
1!
1#
#31180796
0#
0!
0"
#31180804
1"
1!
1#
#31190396
0#
0!
0"
#31190404
1"
1!
1#
#31199996
0#
0!
0"
#31200004
1"
1!
1#
#31209596
0#
0!
0"
#31209604
1"
1!
1#
#31219196
0#
0!
0"
#31219204
1"
1!
1#
#31228796
0#
0!
0"
#31228804
1"
1!
1#
#31238396
0#
0!
0"
#31238404
1"
1!
1#
#31247996
0#
0!
0"
#31248004
1"
1!
1#
#31257596
0#
0!
0"
#31257604
1"
1!
1#
#31267196
0#
0!
0"
#31267204
1"
1!
1#
#31276796
0#
0!
0"
#31276804
1"
1!
1#
#31286396
0#
0!
0"
#31286404
1"
1!
1#
#31295996
0#
0!
0"
#31296004
1"
1!
1#
#31305596
0#
0!
0"
#31305604
1"
1!
1#
#31315196
0#
0!
0"
#31315204
1"
1!
1#
#31324796
0#
0!
0"
#31324804
1"
1!
1#
#31334396
0#
0!
0"
#31334404
1"
1!
1#
#31343996
0#
0!
0"
#31344004
1"
1!
1#
#31353596
0#
0!
0"
#31353604
1"
1!
1#
#31363196
0#
0!
0"
#31363204
1"
1!
1#
#31372796
0#
0!
0"
#31372804
1"
1!
1#
#31382396
0#
0!
0"
#31382404
1"
1!
1#
#31391996
0#
0!
0"
#31392004
1"
1!
1#
#31401596
0#
0!
0"
#31401604
1"
1!
1#
#31411196
0#
0!
0"
#31411204
1"
1!
1#
#31420796
0#
0!
0"
#31420804
1"
1!
1#
#31430396
0#
0!
0"
#31430404
1"
1!
1#
#31439996
0#
0!
0"
#31440004
1"
1!
1#
#31449596
0#
0!
0"
#31449604
1"
1!
1#
#31459196
0#
0!
0"
#31459204
1"
1!
1#
#31468796
0#
0!
0"
#31468804
1"
1!
1#
#31478396
0#
0!
0"
#31478404
1"
1!
1#
#31487996
0#
0!
0"
#31488004
1"
1!
1#
#31497596
0#
0!
0"
#31497604
1"
1!
1#
#31507196
0#
0!
0"
#31507204
1"
1!
1#
#31516796
0#
0!
0"
#31516804
1"
1!
1#
#31526396
0#
0!
0"
#31526404
1"
1!
1#
#31535996
0#
0!
0"
#31536004
1"
1!
1#
#31545596
0#
0!
0"
#31545604
1"
1!
1#
#31555196
0#
0!
0"
#31555204
1"
1!
1#
#31564796
0#
0!
0"
#31564804
1"
1!
1#
#31574396
0#
0!
0"
#31574404
1"
1!
1#
#31583996
0#
0!
0"
#31584004
1"
1!
1#
#31593596
0#
0!
0"
#31593604
1"
1!
1#
#31603196
0#
0!
0"
#31603204
1"
1!
1#
#31612796
0#
0!
0"
#31612804
1"
1!
1#
#31622396
0#
0!
0"
#31622404
1"
1!
1#
#31631996
0#
0!
0"
#31632004
1"
1!
1#
#31641596
0#
0!
0"
#31641604
1"
1!
1#
#31651196
0#
0!
0"
#31651204
1"
1!
1#
#31660796
0#
0!
0"
#31660804
1"
1!
1#
#31670396
0#
0!
0"
#31670404
1"
1!
1#
#31679996
0#
0!
0"
#31680004
1"
1!
1#
#31689596
0#
0!
0"
#31689604
1"
1!
1#
#31699196
0#
0!
0"
#31699204
1"
1!
1#
#31708796
0#
0!
0"
#31708804
1"
1!
1#
#31718396
0#
0!
0"
#31718404
1"
1!
1#
#31727996
0#
0!
0"
#31728004
1"
1!
1#
#31737596
0#
0!
0"
#31737604
1"
1!
1#
#31747196
0#
0!
0"
#31747204
1"
1!
1#
#31756796
0#
0!
0"
#31756804
1"
1!
1#
#31766396
0#
0!
0"
#31766404
1"
1!
1#
#31775996
0#
0!
0"
#31776004
1"
1!
1#
#31785596
0#
0!
0"
#31785604
1"
1!
1#
#31795196
0#
0!
0"
#31795204
1"
1!
1#
#31804796
0#
0!
0"
#31804804
1"
1!
1#
#31814396
0#
0!
0"
#31814404
1"
1!
1#
#31823996
0#
0!
0"
#31824004
1"
1!
1#
#31833596
0#
0!
0"
#31833604
1"
1!
1#
#31843196
0#
0!
0"
#31843204
1"
1!
1#
#31852796
0#
0!
0"
#31852804
1"
1!
1#
#31862396
0#
0!
0"
#31862404
1"
1!
1#
#31871996
0#
0!
0"
#31872004
1"
1!
1#
#31881596
0#
0!
0"
#31881604
1"
1!
1#
#31891196
0#
0!
0"
#31891204
1"
1!
1#
#31900796
0#
0!
0"
#31900804
1"
1!
1#
#31910396
0#
0!
0"
#31910404
1"
1!
1#
#31919996
0#
0!
0"
#31920004
1"
1!
1#
#31929596
0#
0!
0"
#31929604
1"
1!
1#
#31939196
0#
0!
0"
#31939204
1"
1!
1#
#31948796
0#
0!
0"
#31948804
1"
1!
1#
#31958396
0#
0!
0"
#31958404
1"
1!
1#
#31967996
0#
0!
0"
#31968004
1"
1!
1#
#31977596
0#
0!
0"
#31977604
1"
1!
1#
#31987196
0#
0!
0"
#31987204
1"
1!
1#
#31996796
0#
0!
0"
#31996804
1"
1!
1#
#32006396
0#
0!
0"
#32006404
1"
1!
1#
#32015996
0#
0!
0"
#32016004
1"
1!
1#
#32025596
0#
0!
0"
#32025604
1"
1!
1#
#32035196
0#
0!
0"
#32035204
1"
1!
1#
#32044796
0#
0!
0"
#32044804
1"
1!
1#
#32054396
0#
0!
0"
#32054404
1"
1!
1#
#32063996
0#
0!
0"
#32064004
1"
1!
1#
#32073596
0#
0!
0"
#32073604
1"
1!
1#
#32083196
0#
0!
0"
#32083204
1"
1!
1#
#32092796
0#
0!
0"
#32092804
1"
1!
1#
#32102396
0#
0!
0"
#32102404
1"
1!
1#
#32111996
0#
0!
0"
#32112004
1"
1!
1#
#32121596
0#
0!
0"
#32121604
1"
1!
1#
#32131196
0#
0!
0"
#32131204
1"
1!
1#
#32140796
0#
0!
0"
#32140804
1"
1!
1#
#32150396
0#
0!
0"
#32150404
1"
1!
1#
#32159996
0#
0!
0"
#32160004
b111 %
0"
1!
1#
#32160060
1"
#32169596
0#
0!
0"
#32169604
1!
1#
#32169660
1"
#32179196
0#
0!
0"
#32179204
1!
1#
#32179260
1"
#32188796
0#
0!
0"
#32188804
1!
1#
#32188860
1"
#32198396
0#
0!
0"
#32198404
1!
1#
#32198460
1"
#32207996
0#
0!
0"
#32208004
1!
1#
#32208060
1"
#32217596
0#
0!
0"
#32217604
1!
1#
#32217660
1"
#32227196
0#
0!
0"
#32227204
1!
1#
#32227260
1"
#32236796
0#
0!
0"
#32236804
1!
1#
#32236860
1"
#32246396
0#
0!
0"
#32246404
1!
1#
#32246460
1"
#32255996
0#
0!
0"
#32256004
b1110 %
1!
1#
#32256116
1"
#32265596
0#
0!
0"
#32265604
1!
1#
#32265716
1"
#32275196
0#
0!
0"
#32275204
1!
1#
#32275316
1"
#32284796
0#
0!
0"
#32284804
1!
1#
#32284916
1"
#32294396
0#
0!
0"
#32294404
1!
1#
#32294516
1"
#32303996
0#
0!
0"
#32304004
1!
1#
#32304116
1"
#32313596
0#
0!
0"
#32313604
1!
1#
#32313716
1"
#32323196
0#
0!
0"
#32323204
1!
1#
#32323316
1"
#32332796
0#
0!
0"
#32332804
1!
1#
#32332916
1"
#32342396
0#
0!
0"
#32342404
1!
1#
#32342516
1"
#32351996
0#
0!
0"
#32352004
b10101 %
1!
1#
#32352172
1"
#32361596
0#
0!
0"
#32361604
1!
1#
#32361772
1"
#32371196
0#
0!
0"
#32371204
1!
1#
#32371372
1"
#32380796
0#
0!
0"
#32380804
1!
1#
#32380972
1"
#32390396
0#
0!
0"
#32390404
1!
1#
#32390572
1"
#32399996
0#
0!
0"
#32400004
1!
1#
#32400172
1"
#32409596
0#
0!
0"
#32409604
1!
1#
#32409772
1"
#32419196
0#
0!
0"
#32419204
1!
1#
#32419372
1"
#32428796
0#
0!
0"
#32428804
1!
1#
#32428972
1"
#32438396
0#
0!
0"
#32438404
1!
1#
#32438572
1"
#32447996
0#
0!
0"
#32448004
b11100 %
1!
1#
#32448228
1"
#32457596
0#
0!
0"
#32457604
1!
1#
#32457828
1"
#32467196
0#
0!
0"
#32467204
1!
1#
#32467428
1"
#32476796
0#
0!
0"
#32476804
1!
1#
#32477028
1"
#32486396
0#
0!
0"
#32486404
1!
1#
#32486628
1"
#32495996
0#
0!
0"
#32496004
1!
1#
#32496228
1"
#32505596
0#
0!
0"
#32505604
1!
1#
#32505828
1"
#32515196
0#
0!
0"
#32515204
1!
1#
#32515428
1"
#32524796
0#
0!
0"
#32524804
1!
1#
#32525028
1"
#32534396
0#
0!
0"
#32534404
1!
1#
#32534628
1"
#32543996
0#
0!
0"
#32544004
b100011 %
1!
1#
#32544284
1"
#32553596
0#
0!
0"
#32553604
1!
1#
#32553884
1"
#32563196
0#
0!
0"
#32563204
1!
1#
#32563484
1"
#32572796
0#
0!
0"
#32572804
1!
1#
#32573084
1"
#32582396
0#
0!
0"
#32582404
1!
1#
#32582684
1"
#32591996
0#
0!
0"
#32592004
1!
1#
#32592284
1"
#32601596
0#
0!
0"
#32601604
1!
1#
#32601884
1"
#32611196
0#
0!
0"
#32611204
1!
1#
#32611484
1"
#32620796
0#
0!
0"
#32620804
1!
1#
#32621084
1"
#32630396
0#
0!
0"
#32630404
1!
1#
#32630684
1"
#32639996
0#
0!
0"
#32640004
b101010 %
1!
1#
#32640340
1"
#32649596
0#
0!
0"
#32649604
1!
1#
#32649940
1"
#32659196
0#
0!
0"
#32659204
1!
1#
#32659540
1"
#32668796
0#
0!
0"
#32668804
1!
1#
#32669140
1"
#32678396
0#
0!
0"
#32678404
1!
1#
#32678740
1"
#32687996
0#
0!
0"
#32688004
1!
1#
#32688340
1"
#32697596
0#
0!
0"
#32697604
1!
1#
#32697940
1"
#32707196
0#
0!
0"
#32707204
1!
1#
#32707540
1"
#32716796
0#
0!
0"
#32716804
1!
1#
#32717140
1"
#32726396
0#
0!
0"
#32726404
1!
1#
#32726740
1"
#32735996
0#
0!
0"
#32736004
b110001 %
1!
1#
#32736396
1"
#32745596
0#
0!
0"
#32745604
1!
1#
#32745996
1"
#32755196
0#
0!
0"
#32755204
1!
1#
#32755596
1"
#32764796
0#
0!
0"
#32764804
1!
1#
#32765196
1"
#32774396
0#
0!
0"
#32774404
1!
1#
#32774796
1"
#32783996
0#
0!
0"
#32784004
1!
1#
#32784396
1"
#32793596
0#
0!
0"
#32793604
1!
1#
#32793996
1"
#32803196
0#
0!
0"
#32803204
1!
1#
#32803596
1"
#32812796
0#
0!
0"
#32812804
1!
1#
#32813196
1"
#32822396
0#
0!
0"
#32822404
1!
1#
#32822796
1"
#32831996
0#
0!
0"
#32832004
b111000 %
1!
1#
#32832452
1"
#32841596
0#
0!
0"
#32841604
1!
1#
#32842052
1"
#32851196
0#
0!
0"
#32851204
1!
1#
#32851652
1"
#32860796
0#
0!
0"
#32860804
1!
1#
#32861252
1"
#32870396
0#
0!
0"
#32870404
1!
1#
#32870852
1"
#32879996
0#
0!
0"
#32880004
1!
1#
#32880452
1"
#32889596
0#
0!
0"
#32889604
1!
1#
#32890052
1"
#32899196
0#
0!
0"
#32899204
1!
1#
#32899652
1"
#32908796
0#
0!
0"
#32908804
1!
1#
#32909252
1"
#32918396
0#
0!
0"
#32918404
1!
1#
#32918852
1"
#32927996
0#
0!
0"
#32928004
b111111 %
1!
1#
#32928508
1"
#32937596
0#
0!
0"
#32937604
1!
1#
#32938108
1"
#32947196
0#
0!
0"
#32947204
1!
1#
#32947708
1"
#32956796
0#
0!
0"
#32956804
1!
1#
#32957308
1"
#32966396
0#
0!
0"
#32966404
1!
1#
#32966908
1"
#32975996
0#
0!
0"
#32976004
1!
1#
#32976508
1"
#32985596
0#
0!
0"
#32985604
1!
1#
#32986108
1"
#32995196
0#
0!
0"
#32995204
1!
1#
#32995708
1"
#33004796
0#
0!
0"
#33004804
1!
1#
#33005308
1"
#33014396
0#
0!
0"
#33014404
1!
1#
#33014908
1"
#33023996
0#
0!
0"
#33024004
b1000110 %
1!
1#
#33024564
1"
#33033596
0#
0!
0"
#33033604
1!
1#
#33034164
1"
#33043196
0#
0!
0"
#33043204
1!
1#
#33043764
1"
#33052796
0#
0!
0"
#33052804
1!
1#
#33053364
1"
#33062396
0#
0!
0"
#33062404
1!
1#
#33062964
1"
#33071996
0#
0!
0"
#33072004
1!
1#
#33072564
1"
#33081596
0#
0!
0"
#33081604
1!
1#
#33082164
1"
#33091196
0#
0!
0"
#33091204
1!
1#
#33091764
1"
#33100796
0#
0!
0"
#33100804
1!
1#
#33101364
1"
#33110396
0#
0!
0"
#33110404
1!
1#
#33110964
1"
#33119996
0#
0!
0"
#33120004
b1001101 %
1!
1#
#33120620
1"
#33129596
0#
0!
0"
#33129604
1!
1#
#33130220
1"
#33139196
0#
0!
0"
#33139204
1!
1#
#33139820
1"
#33148796
0#
0!
0"
#33148804
1!
1#
#33149420
1"
#33158396
0#
0!
0"
#33158404
1!
1#
#33159020
1"
#33167996
0#
0!
0"
#33168004
1!
1#
#33168620
1"
#33177596
0#
0!
0"
#33177604
1!
1#
#33178220
1"
#33187196
0#
0!
0"
#33187204
1!
1#
#33187820
1"
#33196796
0#
0!
0"
#33196804
1!
1#
#33197420
1"
#33206396
0#
0!
0"
#33206404
1!
1#
#33207020
1"
#33215996
0#
0!
0"
#33216004
b1010100 %
1!
1#
#33216676
1"
#33225596
0#
0!
0"
#33225604
1!
1#
#33226276
1"
#33235196
0#
0!
0"
#33235204
1!
1#
#33235876
1"
#33244796
0#
0!
0"
#33244804
1!
1#
#33245476
1"
#33254396
0#
0!
0"
#33254404
1!
1#
#33255076
1"
#33263996
0#
0!
0"
#33264004
1!
1#
#33264676
1"
#33273596
0#
0!
0"
#33273604
1!
1#
#33274276
1"
#33283196
0#
0!
0"
#33283204
1!
1#
#33283876
1"
#33292796
0#
0!
0"
#33292804
1!
1#
#33293476
1"
#33302396
0#
0!
0"
#33302404
1!
1#
#33303076
1"
#33311996
0#
0!
0"
#33312004
b1011011 %
1!
1#
#33312732
1"
#33321596
0#
0!
0"
#33321604
1!
1#
#33322332
1"
#33331196
0#
0!
0"
#33331204
1!
1#
#33331932
1"
#33340796
0#
0!
0"
#33340804
1!
1#
#33341532
1"
#33350396
0#
0!
0"
#33350404
1!
1#
#33351132
1"
#33359996
0#
0!
0"
#33360004
1!
1#
#33360732
1"
#33369596
0#
0!
0"
#33369604
1!
1#
#33370332
1"
#33379196
0#
0!
0"
#33379204
1!
1#
#33379932
1"
#33388796
0#
0!
0"
#33388804
1!
1#
#33389532
1"
#33398396
0#
0!
0"
#33398404
1!
1#
#33399132
1"
#33407996
0#
0!
0"
#33408004
b1100010 %
1!
1#
#33408788
1"
#33417596
0#
0!
0"
#33417604
1!
1#
#33418388
1"
#33427196
0#
0!
0"
#33427204
1!
1#
#33427988
1"
#33436796
0#
0!
0"
#33436804
1!
1#
#33437588
1"
#33446396
0#
0!
0"
#33446404
1!
1#
#33447188
1"
#33455996
0#
0!
0"
#33456004
1!
1#
#33456788
1"
#33465596
0#
0!
0"
#33465604
1!
1#
#33466388
1"
#33475196
0#
0!
0"
#33475204
1!
1#
#33475988
1"
#33484796
0#
0!
0"
#33484804
1!
1#
#33485588
1"
#33494396
0#
0!
0"
#33494404
1!
1#
#33495188
1"
#33503996
0#
0!
0"
#33504004
b1101001 %
1!
1#
#33504844
1"
#33513596
0#
0!
0"
#33513604
1!
1#
#33514444
1"
#33523196
0#
0!
0"
#33523204
1!
1#
#33524044
1"
#33532796
0#
0!
0"
#33532804
1!
1#
#33533644
1"
#33542396
0#
0!
0"
#33542404
1!
1#
#33543244
1"
#33551996
0#
0!
0"
#33552004
1!
1#
#33552844
1"
#33561596
0#
0!
0"
#33561604
1!
1#
#33562444
1"
#33571196
0#
0!
0"
#33571204
1!
1#
#33572044
1"
#33580796
0#
0!
0"
#33580804
1!
1#
#33581644
1"
#33590396
0#
0!
0"
#33590404
1!
1#
#33591244
1"
#33599996
0#
0!
0"
#33600004
b1110000 %
1!
1#
#33600900
1"
#33609596
0#
0!
0"
#33609604
1!
1#
#33610500
1"
#33619196
0#
0!
0"
#33619204
1!
1#
#33620100
1"
#33628796
0#
0!
0"
#33628804
1!
1#
#33629700
1"
#33638396
0#
0!
0"
#33638404
1!
1#
#33639300
1"
#33647996
0#
0!
0"
#33648004
1!
1#
#33648900
1"
#33657596
0#
0!
0"
#33657604
1!
1#
#33658500
1"
#33667196
0#
0!
0"
#33667204
1!
1#
#33668100
1"
#33676796
0#
0!
0"
#33676804
1!
1#
#33677700
1"
#33686396
0#
0!
0"
#33686404
1!
1#
#33687300
1"
#33695996
0#
0!
0"
#33696004
b1110111 %
1!
1#
#33696956
1"
#33705596
0#
0!
0"
#33705604
1!
1#
#33706556
1"
#33715196
0#
0!
0"
#33715204
1!
1#
#33716156
1"
#33724796
0#
0!
0"
#33724804
1!
1#
#33725756
1"
#33734396
0#
0!
0"
#33734404
1!
1#
#33735356
1"
#33743996
0#
0!
0"
#33744004
1!
1#
#33744956
1"
#33753596
0#
0!
0"
#33753604
1!
1#
#33754556
1"
#33763196
0#
0!
0"
#33763204
1!
1#
#33764156
1"
#33772796
0#
0!
0"
#33772804
1!
1#
#33773756
1"
#33782396
0#
0!
0"
#33782404
1!
1#
#33783356
1"
#33791996
0#
0!
0"
#33792004
b1111110 %
1!
1#
#33793012
1"
#33801596
0#
0!
0"
#33801604
1!
1#
#33802612
1"
#33811196
0#
0!
0"
#33811204
1!
1#
#33812212
1"
#33820796
0#
0!
0"
#33820804
1!
1#
#33821812
1"
#33830396
0#
0!
0"
#33830404
1!
1#
#33831412
1"
#33839996
0#
0!
0"
#33840004
1!
1#
#33841012
1"
#33849596
0#
0!
0"
#33849604
1!
1#
#33850612
1"
#33859196
0#
0!
0"
#33859204
1!
1#
#33860212
1"
#33868796
0#
0!
0"
#33868804
1!
1#
#33869812
1"
#33878396
0#
0!
0"
#33878404
1!
1#
#33879412
1"
#33887996
0#
0!
0"
#33888004
b10000101 %
1!
1#
#33889068
1"
#33897596
0#
0!
0"
#33897604
1!
1#
#33898668
1"
#33907196
0#
0!
0"
#33907204
1!
1#
#33908268
1"
#33916796
0#
0!
0"
#33916804
1!
1#
#33917868
1"
#33926396
0#
0!
0"
#33926404
1!
1#
#33927468
1"
#33935996
0#
0!
0"
#33936004
1!
1#
#33937068
1"
#33945596
0#
0!
0"
#33945604
1!
1#
#33946668
1"
#33955196
0#
0!
0"
#33955204
1!
1#
#33956268
1"
#33964796
0#
0!
0"
#33964804
1!
1#
#33965868
1"
#33974396
0#
0!
0"
#33974404
1!
1#
#33975468
1"
#33983996
0#
0!
0"
#33984004
b10001100 %
1!
1#
#33985124
1"
#33993596
0#
0!
0"
#33993604
1!
1#
#33994724
1"
#34003196
0#
0!
0"
#34003204
1!
1#
#34004324
1"
#34012796
0#
0!
0"
#34012804
1!
1#
#34013924
1"
#34022396
0#
0!
0"
#34022404
1!
1#
#34023524
1"
#34031996
0#
0!
0"
#34032004
1!
1#
#34033124
1"
#34041596
0#
0!
0"
#34041604
1!
1#
#34042724
1"
#34051196
0#
0!
0"
#34051204
1!
1#
#34052324
1"
#34060796
0#
0!
0"
#34060804
1!
1#
#34061924
1"
#34070396
0#
0!
0"
#34070404
1!
1#
#34071524
1"
#34079996
0#
0!
0"
#34080004
b10010011 %
1!
1#
#34081180
1"
#34089596
0#
0!
0"
#34089604
1!
1#
#34090780
1"
#34099196
0#
0!
0"
#34099204
1!
1#
#34100380
1"
#34108796
0#
0!
0"
#34108804
1!
1#
#34109980
1"
#34118396
0#
0!
0"
#34118404
1!
1#
#34119580
1"
#34127996
0#
0!
0"
#34128004
1!
1#
#34129180
1"
#34137596
0#
0!
0"
#34137604
1!
1#
#34138780
1"
#34147196
0#
0!
0"
#34147204
1!
1#
#34148380
1"
#34156796
0#
0!
0"
#34156804
1!
1#
#34157980
1"
#34166396
0#
0!
0"
#34166404
1!
1#
#34167580
1"
#34175996
0#
0!
0"
#34176004
b10011010 %
1!
1#
#34177236
1"
#34185596
0#
0!
0"
#34185604
1!
1#
#34186836
1"
#34195196
0#
0!
0"
#34195204
1!
1#
#34196436
1"
#34204796
0#
0!
0"
#34204804
1!
1#
#34206036
1"
#34214396
0#
0!
0"
#34214404
1!
1#
#34215636
1"
#34223996
0#
0!
0"
#34224004
1!
1#
#34225236
1"
#34233596
0#
0!
0"
#34233604
1!
1#
#34234836
1"
#34243196
0#
0!
0"
#34243204
1!
1#
#34244436
1"
#34252796
0#
0!
0"
#34252804
1!
1#
#34254036
1"
#34262396
0#
0!
0"
#34262404
1!
1#
#34263636
1"
#34271996
0#
0!
0"
#34272004
b10100001 %
1!
1#
#34273292
1"
#34281596
0#
0!
0"
#34281604
1!
1#
#34282892
1"
#34291196
0#
0!
0"
#34291204
1!
1#
#34292492
1"
#34300796
0#
0!
0"
#34300804
1!
1#
#34302092
1"
#34310396
0#
0!
0"
#34310404
1!
1#
#34311692
1"
#34319996
0#
0!
0"
#34320004
1!
1#
#34321292
1"
#34329596
0#
0!
0"
#34329604
1!
1#
#34330892
1"
#34339196
0#
0!
0"
#34339204
1!
1#
#34340492
1"
#34348796
0#
0!
0"
#34348804
1!
1#
#34350092
1"
#34358396
0#
0!
0"
#34358404
1!
1#
#34359692
1"
#34367996
0#
0!
0"
#34368004
b10101000 %
1!
1#
#34369348
1"
#34377596
0#
0!
0"
#34377604
1!
1#
#34378948
1"
#34387196
0#
0!
0"
#34387204
1!
1#
#34388548
1"
#34396796
0#
0!
0"
#34396804
1!
1#
#34398148
1"
#34406396
0#
0!
0"
#34406404
1!
1#
#34407748
1"
#34415996
0#
0!
0"
#34416004
1!
1#
#34417348
1"
#34425596
0#
0!
0"
#34425604
1!
1#
#34426948
1"
#34435196
0#
0!
0"
#34435204
1!
1#
#34436548
1"
#34444796
0#
0!
0"
#34444804
1!
1#
#34446148
1"
#34454396
0#
0!
0"
#34454404
1!
1#
#34455748
1"
#34463996
0#
0!
0"
#34464004
b10101111 %
1!
1#
#34465404
1"
#34473596
0#
0!
0"
#34473604
1!
1#
#34475004
1"
#34483196
0#
0!
0"
#34483204
1!
1#
#34484604
1"
#34492796
0#
0!
0"
#34492804
1!
1#
#34494204
1"
#34502396
0#
0!
0"
#34502404
1!
1#
#34503804
1"
#34511996
0#
0!
0"
#34512004
1!
1#
#34513404
1"
#34521596
0#
0!
0"
#34521604
1!
1#
#34523004
1"
#34531196
0#
0!
0"
#34531204
1!
1#
#34532604
1"
#34540796
0#
0!
0"
#34540804
1!
1#
#34542204
1"
#34550396
0#
0!
0"
#34550404
1!
1#
#34551804
1"
#34559996
0#
0!
0"
#34560004
b10110110 %
1!
1#
#34561460
1"
#34569596
0#
0!
0"
#34569604
1!
1#
#34571060
1"
#34579196
0#
0!
0"
#34579204
1!
1#
#34580660
1"
#34588796
0#
0!
0"
#34588804
1!
1#
#34590260
1"
#34598396
0#
0!
0"
#34598404
1!
1#
#34599860
1"
#34607996
0#
0!
0"
#34608004
1!
1#
#34609460
1"
#34617596
0#
0!
0"
#34617604
1!
1#
#34619060
1"
#34627196
0#
0!
0"
#34627204
1!
1#
#34628660
1"
#34636796
0#
0!
0"
#34636804
1!
1#
#34638260
1"
#34646396
0#
0!
0"
#34646404
1!
1#
#34647860
1"
#34655996
0#
0!
0"
#34656004
b10111101 %
1!
1#
#34657516
1"
#34665596
0#
0!
0"
#34665604
1!
1#
#34667116
1"
#34675196
0#
0!
0"
#34675204
1!
1#
#34676716
1"
#34684796
0#
0!
0"
#34684804
1!
1#
#34686316
1"
#34694396
0#
0!
0"
#34694404
1!
1#
#34695916
1"
#34703996
0#
0!
0"
#34704004
1!
1#
#34705516
1"
#34713596
0#
0!
0"
#34713604
1!
1#
#34715116
1"
#34723196
0#
0!
0"
#34723204
1!
1#
#34724716
1"
#34732796
0#
0!
0"
#34732804
1!
1#
#34734316
1"
#34742396
0#
0!
0"
#34742404
1!
1#
#34743916
1"
#34751996
0#
0!
0"
#34752004
b11000100 %
1!
1#
#34753572
1"
#34761596
0#
0!
0"
#34761604
1!
1#
#34763172
1"
#34771196
0#
0!
0"
#34771204
1!
1#
#34772772
1"
#34780796
0#
0!
0"
#34780804
1!
1#
#34782372
1"
#34790396
0#
0!
0"
#34790404
1!
1#
#34791972
1"
#34799996
0#
0!
0"
#34800004
1!
1#
#34801572
1"
#34809596
0#
0!
0"
#34809604
1!
1#
#34811172
1"
#34819196
0#
0!
0"
#34819204
1!
1#
#34820772
1"
#34828796
0#
0!
0"
#34828804
1!
1#
#34830372
1"
#34838396
0#
0!
0"
#34838404
1!
1#
#34839972
1"
#34847996
0#
0!
0"
#34848004
b11001011 %
1!
1#
#34849628
1"
#34857596
0#
0!
0"
#34857604
1!
1#
#34859228
1"
#34867196
0#
0!
0"
#34867204
1!
1#
#34868828
1"
#34876796
0#
0!
0"
#34876804
1!
1#
#34878428
1"
#34886396
0#
0!
0"
#34886404
1!
1#
#34888028
1"
#34895996
0#
0!
0"
#34896004
1!
1#
#34897628
1"
#34905596
0#
0!
0"
#34905604
1!
1#
#34907228
1"
#34915196
0#
0!
0"
#34915204
1!
1#
#34916828
1"
#34924796
0#
0!
0"
#34924804
1!
1#
#34926428
1"
#34934396
0#
0!
0"
#34934404
1!
1#
#34936028
1"
#34943996
0#
0!
0"
#34944004
b11010010 %
1!
1#
#34945684
1"
#34953596
0#
0!
0"
#34953604
1!
1#
#34955284
1"
#34963196
0#
0!
0"
#34963204
1!
1#
#34964884
1"
#34972796
0#
0!
0"
#34972804
1!
1#
#34974484
1"
#34982396
0#
0!
0"
#34982404
1!
1#
#34984084
1"
#34991996
0#
0!
0"
#34992004
1!
1#
#34993684
1"
#35001596
0#
0!
0"
#35001604
1!
1#
#35003284
1"
#35011196
0#
0!
0"
#35011204
1!
1#
#35012884
1"
#35020796
0#
0!
0"
#35020804
1!
1#
#35022484
1"
#35030396
0#
0!
0"
#35030404
1!
1#
#35032084
1"
#35039996
0#
0!
0"
#35040004
b11011001 %
1!
1#
#35041740
1"
#35049596
0#
0!
0"
#35049604
1!
1#
#35051340
1"
#35059196
0#
0!
0"
#35059204
1!
1#
#35060940
1"
#35068796
0#
0!
0"
#35068804
1!
1#
#35070540
1"
#35078396
0#
0!
0"
#35078404
1!
1#
#35080140
1"
#35087996
0#
0!
0"
#35088004
1!
1#
#35089740
1"
#35097596
0#
0!
0"
#35097604
1!
1#
#35099340
1"
#35107196
0#
0!
0"
#35107204
1!
1#
#35108940
1"
#35116796
0#
0!
0"
#35116804
1!
1#
#35118540
1"
#35126396
0#
0!
0"
#35126404
1!
1#
#35128140
1"
#35135996
0#
0!
0"
#35136004
b11100000 %
1!
1#
#35137796
1"
#35145596
0#
0!
0"
#35145604
1!
1#
#35147396
1"
#35155196
0#
0!
0"
#35155204
1!
1#
#35156996
1"
#35164796
0#
0!
0"
#35164804
1!
1#
#35166596
1"
#35174396
0#
0!
0"
#35174404
1!
1#
#35176196
1"
#35183996
0#
0!
0"
#35184004
1!
1#
#35185796
1"
#35193596
0#
0!
0"
#35193604
1!
1#
#35195396
1"
#35203196
0#
0!
0"
#35203204
1!
1#
#35204996
1"
#35212796
0#
0!
0"
#35212804
1!
1#
#35214596
1"
#35222396
0#
0!
0"
#35222404
1!
1#
#35224196
1"
#35231996
0#
0!
0"
#35232004
b11100111 %
1!
1#
#35233852
1"
#35241596
0#
0!
0"
#35241604
1!
1#
#35243452
1"
#35251196
0#
0!
0"
#35251204
1!
1#
#35253052
1"
#35260796
0#
0!
0"
#35260804
1!
1#
#35262652
1"
#35270396
0#
0!
0"
#35270404
1!
1#
#35272252
1"
#35279996
0#
0!
0"
#35280004
1!
1#
#35281852
1"
#35289596
0#
0!
0"
#35289604
1!
1#
#35291452
1"
#35299196
0#
0!
0"
#35299204
1!
1#
#35301052
1"
#35308796
0#
0!
0"
#35308804
1!
1#
#35310652
1"
#35318396
0#
0!
0"
#35318404
1!
1#
#35320252
1"
#35327996
0#
0!
0"
#35328004
b11101110 %
1!
1#
#35329908
1"
#35337596
0#
0!
0"
#35337604
1!
1#
#35339508
1"
#35347196
0#
0!
0"
#35347204
1!
1#
#35349108
1"
#35356796
0#
0!
0"
#35356804
1!
1#
#35358708
1"
#35366396
0#
0!
0"
#35366404
1!
1#
#35368308
1"
#35375996
0#
0!
0"
#35376004
1!
1#
#35377908
1"
#35385596
0#
0!
0"
#35385604
1!
1#
#35387508
1"
#35395196
0#
0!
0"
#35395204
1!
1#
#35397108
1"
#35404796
0#
0!
0"
#35404804
1!
1#
#35406708
1"
#35414396
0#
0!
0"
#35414404
1!
1#
#35416308
1"
#35423996
0#
0!
0"
#35424004
b11110101 %
1!
1#
#35425964
1"
#35433596
0#
0!
0"
#35433604
1!
1#
#35435564
1"
#35443196
0#
0!
0"
#35443204
1!
1#
#35445164
1"
#35452796
0#
0!
0"
#35452804
1!
1#
#35454764
1"
#35462396
0#
0!
0"
#35462404
1!
1#
#35464364
1"
#35471996
0#
0!
0"
#35472004
1!
1#
#35473964
1"
#35481596
0#
0!
0"
#35481604
1!
1#
#35483564
1"
#35491196
0#
0!
0"
#35491204
1!
1#
#35493164
1"
#35500796
0#
0!
0"
#35500804
1!
1#
#35502764
1"
#35510396
0#
0!
0"
#35510404
1!
1#
#35512364
1"
#35519996
0#
0!
0"
#35520004
b11111100 %
1!
1#
#35522020
1"
#35529596
0#
0!
0"
#35529604
1!
1#
#35531620
1"
#35539196
0#
0!
0"
#35539204
1!
1#
#35541220
1"
#35548796
0#
0!
0"
#35548804
1!
1#
#35550820
1"
#35558396
0#
0!
0"
#35558404
1!
1#
#35560420
1"
#35567996
0#
0!
0"
#35568004
1!
1#
#35570020
1"
#35577596
0#
0!
0"
#35577604
1!
1#
#35579620
1"
#35587196
0#
0!
0"
#35587204
1!
1#
#35589220
1"
#35596796
0#
0!
0"
#35596804
1!
1#
#35598820
1"
#35606396
0#
0!
0"
#35606404
1!
1#
#35608420
1"
#35615996
0#
0!
0"
#35616004
b100000011 %
1!
1#
#35618076
1"
#35625596
0#
0!
0"
#35625604
1!
1#
#35627676
1"
#35635196
0#
0!
0"
#35635204
1!
1#
#35637276
1"
#35644796
0#
0!
0"
#35644804
1!
1#
#35646876
1"
#35654396
0#
0!
0"
#35654404
1!
1#
#35656476
1"
#35663996
0#
0!
0"
#35664004
1!
1#
#35666076
1"
#35673596
0#
0!
0"
#35673604
1!
1#
#35675676
1"
#35683196
0#
0!
0"
#35683204
1!
1#
#35685276
1"
#35692796
0#
0!
0"
#35692804
1!
1#
#35694876
1"
#35702396
0#
0!
0"
#35702404
1!
1#
#35704476
1"
#35711996
0#
0!
0"
#35712004
b100001010 %
1!
1#
#35714132
1"
#35721596
0#
0!
0"
#35721604
1!
1#
#35723732
1"
#35731196
0#
0!
0"
#35731204
1!
1#
#35733332
1"
#35740796
0#
0!
0"
#35740804
1!
1#
#35742932
1"
#35750396
0#
0!
0"
#35750404
1!
1#
#35752532
1"
#35759996
0#
0!
0"
#35760004
1!
1#
#35762132
1"
#35769596
0#
0!
0"
#35769604
1!
1#
#35771732
1"
#35779196
0#
0!
0"
#35779204
1!
1#
#35781332
1"
#35788796
0#
0!
0"
#35788804
1!
1#
#35790932
1"
#35798396
0#
0!
0"
#35798404
1!
1#
#35800532
1"
#35807996
0#
0!
0"
#35808004
b100010001 %
1!
1#
#35810188
1"
#35817596
0#
0!
0"
#35817604
1!
1#
#35819788
1"
#35827196
0#
0!
0"
#35827204
1!
1#
#35829388
1"
#35836796
0#
0!
0"
#35836804
1!
1#
#35838988
1"
#35846396
0#
0!
0"
#35846404
1!
1#
#35848588
1"
#35855996
0#
0!
0"
#35856004
1!
1#
#35858188
1"
#35865596
0#
0!
0"
#35865604
1!
1#
#35867788
1"
#35875196
0#
0!
0"
#35875204
1!
1#
#35877388
1"
#35884796
0#
0!
0"
#35884804
1!
1#
#35886988
1"
#35894396
0#
0!
0"
#35894404
1!
1#
#35896588
1"
#35903996
0#
0!
0"
#35904004
b100011000 %
1!
1#
#35906244
1"
#35913596
0#
0!
0"
#35913604
1!
1#
#35915844
1"
#35923196
0#
0!
0"
#35923204
1!
1#
#35925444
1"
#35932796
0#
0!
0"
#35932804
1!
1#
#35935044
1"
#35942396
0#
0!
0"
#35942404
1!
1#
#35944644
1"
#35951996
0#
0!
0"
#35952004
1!
1#
#35954244
1"
#35961596
0#
0!
0"
#35961604
1!
1#
#35963844
1"
#35971196
0#
0!
0"
#35971204
1!
1#
#35973444
1"
#35980796
0#
0!
0"
#35980804
1!
1#
#35983044
1"
#35990396
0#
0!
0"
#35990404
1!
1#
#35992644
1"
#35999996
0#
0!
0"
#36000004
b100011111 %
1!
1#
#36002300
1"
#36009596
0#
0!
0"
#36009604
1!
1#
#36011900
1"
#36019196
0#
0!
0"
#36019204
1!
1#
#36021500
1"
#36028796
0#
0!
0"
#36028804
1!
1#
#36031100
1"
#36038396
0#
0!
0"
#36038404
1!
1#
#36040700
1"
#36047996
0#
0!
0"
#36048004
1!
1#
#36050300
1"
#36057596
0#
0!
0"
#36057604
1!
1#
#36059900
1"
#36067196
0#
0!
0"
#36067204
1!
1#
#36069500
1"
#36076796
0#
0!
0"
#36076804
1!
1#
#36079100
1"
#36086396
0#
0!
0"
#36086404
1!
1#
#36088700
1"
#36095996
0#
0!
0"
#36096004
b100100110 %
1!
1#
#36098356
1"
#36105596
0#
0!
0"
#36105604
1!
1#
#36107956
1"
#36115196
0#
0!
0"
#36115204
1!
1#
#36117556
1"
#36124796
0#
0!
0"
#36124804
1!
1#
#36127156
1"
#36134396
0#
0!
0"
#36134404
1!
1#
#36136756
1"
#36143996
0#
0!
0"
#36144004
1!
1#
#36146356
1"
#36153596
0#
0!
0"
#36153604
1!
1#
#36155956
1"
#36163196
0#
0!
0"
#36163204
1!
1#
#36165556
1"
#36172796
0#
0!
0"
#36172804
1!
1#
#36175156
1"
#36182396
0#
0!
0"
#36182404
1!
1#
#36184756
1"
#36191996
0#
0!
0"
#36192004
b100101101 %
1!
1#
#36194412
1"
#36201596
0#
0!
0"
#36201604
1!
1#
#36204012
1"
#36211196
0#
0!
0"
#36211204
1!
1#
#36213612
1"
#36220796
0#
0!
0"
#36220804
1!
1#
#36223212
1"
#36230396
0#
0!
0"
#36230404
1!
1#
#36232812
1"
#36239996
0#
0!
0"
#36240004
1!
1#
#36242412
1"
#36249596
0#
0!
0"
#36249604
1!
1#
#36252012
1"
#36259196
0#
0!
0"
#36259204
1!
1#
#36261612
1"
#36268796
0#
0!
0"
#36268804
1!
1#
#36271212
1"
#36278396
0#
0!
0"
#36278404
1!
1#
#36280812
1"
#36287996
0#
0!
0"
#36288004
b100110100 %
1!
1#
#36290468
1"
#36297596
0#
0!
0"
#36297604
1!
1#
#36300068
1"
#36307196
0#
0!
0"
#36307204
1!
1#
#36309668
1"
#36316796
0#
0!
0"
#36316804
1!
1#
#36319268
1"
#36326396
0#
0!
0"
#36326404
1!
1#
#36328868
1"
#36335996
0#
0!
0"
#36336004
1!
1#
#36338468
1"
#36345596
0#
0!
0"
#36345604
1!
1#
#36348068
1"
#36355196
0#
0!
0"
#36355204
1!
1#
#36357668
1"
#36364796
0#
0!
0"
#36364804
1!
1#
#36367268
1"
#36374396
0#
0!
0"
#36374404
1!
1#
#36376868
1"
#36383996
0#
0!
0"
#36384004
b100111011 %
1!
1#
#36386524
1"
#36393596
0#
0!
0"
#36393604
1!
1#
#36396124
1"
#36403196
0#
0!
0"
#36403204
1!
1#
#36405724
1"
#36412796
0#
0!
0"
#36412804
1!
1#
#36415324
1"
#36422396
0#
0!
0"
#36422404
1!
1#
#36424924
1"
#36431996
0#
0!
0"
#36432004
1!
1#
#36434524
1"
#36441596
0#
0!
0"
#36441604
1!
1#
#36444124
1"
#36451196
0#
0!
0"
#36451204
1!
1#
#36453724
1"
#36460796
0#
0!
0"
#36460804
1!
1#
#36463324
1"
#36470396
0#
0!
0"
#36470404
1!
1#
#36472924
1"
#36479996
0#
0!
0"
#36480004
b101000010 %
1!
1#
#36482580
1"
#36489596
0#
0!
0"
#36489604
1!
1#
#36492180
1"
#36499196
0#
0!
0"
#36499204
1!
1#
#36501780
1"
#36508796
0#
0!
0"
#36508804
1!
1#
#36511380
1"
#36518396
0#
0!
0"
#36518404
1!
1#
#36520980
1"
#36527996
0#
0!
0"
#36528004
1!
1#
#36530580
1"
#36537596
0#
0!
0"
#36537604
1!
1#
#36540180
1"
#36547196
0#
0!
0"
#36547204
1!
1#
#36549780
1"
#36556796
0#
0!
0"
#36556804
1!
1#
#36559380
1"
#36566396
0#
0!
0"
#36566404
1!
1#
#36568980
1"
#36575996
0#
0!
0"
#36576004
b101001001 %
1!
1#
#36578636
1"
#36585596
0#
0!
0"
#36585604
1!
1#
#36588236
1"
#36595196
0#
0!
0"
#36595204
1!
1#
#36597836
1"
#36604796
0#
0!
0"
#36604804
1!
1#
#36607436
1"
#36614396
0#
0!
0"
#36614404
1!
1#
#36617036
1"
#36623996
0#
0!
0"
#36624004
1!
1#
#36626636
1"
#36633596
0#
0!
0"
#36633604
1!
1#
#36636236
1"
#36643196
0#
0!
0"
#36643204
1!
1#
#36645836
1"
#36652796
0#
0!
0"
#36652804
1!
1#
#36655436
1"
#36662396
0#
0!
0"
#36662404
1!
1#
#36665036
1"
#36671996
0#
0!
0"
#36672004
b101010000 %
1!
1#
#36674692
1"
#36681596
0#
0!
0"
#36681604
1!
1#
#36684292
1"
#36691196
0#
0!
0"
#36691204
1!
1#
#36693892
1"
#36700796
0#
0!
0"
#36700804
1!
1#
#36703492
1"
#36710396
0#
0!
0"
#36710404
1!
1#
#36713092
1"
#36719996
0#
0!
0"
#36720004
1!
1#
#36722692
1"
#36729596
0#
0!
0"
#36729604
1!
1#
#36732292
1"
#36739196
0#
0!
0"
#36739204
1!
1#
#36741892
1"
#36748796
0#
0!
0"
#36748804
1!
1#
#36751492
1"
#36758396
0#
0!
0"
#36758404
1!
1#
#36761092
1"
#36767996
0#
0!
0"
#36768004
b101010111 %
1!
1#
#36770748
1"
#36777596
0#
0!
0"
#36777604
1!
1#
#36780348
1"
#36787196
0#
0!
0"
#36787204
1!
1#
#36789948
1"
#36796796
0#
0!
0"
#36796804
1!
1#
#36799548
1"
#36806396
0#
0!
0"
#36806404
1!
1#
#36809148
1"
#36815996
0#
0!
0"
#36816004
1!
1#
#36818748
1"
#36825596
0#
0!
0"
#36825604
1!
1#
#36828348
1"
#36835196
0#
0!
0"
#36835204
1!
1#
#36837948
1"
#36844796
0#
0!
0"
#36844804
1!
1#
#36847548
1"
#36854396
0#
0!
0"
#36854404
1!
1#
#36857148
1"
#36863996
0#
0!
0"
#36864004
b101011110 %
1!
1#
#36866804
1"
#36873596
0#
0!
0"
#36873604
1!
1#
#36876404
1"
#36883196
0#
0!
0"
#36883204
1!
1#
#36886004
1"
#36892796
0#
0!
0"
#36892804
1!
1#
#36895604
1"
#36902396
0#
0!
0"
#36902404
1!
1#
#36905204
1"
#36911996
0#
0!
0"
#36912004
1!
1#
#36914804
1"
#36921596
0#
0!
0"
#36921604
1!
1#
#36924404
1"
#36931196
0#
0!
0"
#36931204
1!
1#
#36934004
1"
#36940796
0#
0!
0"
#36940804
1!
1#
#36943604
1"
#36950396
0#
0!
0"
#36950404
1!
1#
#36953204
1"
#36959996
0#
0!
0"
#36960004
b101100101 %
1!
1#
#36962860
1"
#36969596
0#
0!
0"
#36969604
1!
1#
#36972460
1"
#36979196
0#
0!
0"
#36979204
1!
1#
#36982060
1"
#36988796
0#
0!
0"
#36988804
1!
1#
#36991660
1"
#36998396
0#
0!
0"
#36998404
1!
1#
#37001260
1"
#37007996
0#
0!
0"
#37008004
1!
1#
#37010860
1"
#37017596
0#
0!
0"
#37017604
1!
1#
#37020460
1"
#37027196
0#
0!
0"
#37027204
1!
1#
#37030060
1"
#37036796
0#
0!
0"
#37036804
1!
1#
#37039660
1"
#37046396
0#
0!
0"
#37046404
1!
1#
#37049260
1"
#37055996
0#
0!
0"
#37056004
b101101100 %
1!
1#
#37058916
1"
#37065596
0#
0!
0"
#37065604
1!
1#
#37068516
1"
#37075196
0#
0!
0"
#37075204
1!
1#
#37078116
1"
#37084796
0#
0!
0"
#37084804
1!
1#
#37087716
1"
#37094396
0#
0!
0"
#37094404
1!
1#
#37097316
1"
#37103996
0#
0!
0"
#37104004
1!
1#
#37106916
1"
#37113596
0#
0!
0"
#37113604
1!
1#
#37116516
1"
#37123196
0#
0!
0"
#37123204
1!
1#
#37126116
1"
#37132796
0#
0!
0"
#37132804
1!
1#
#37135716
1"
#37142396
0#
0!
0"
#37142404
1!
1#
#37145316
1"
#37151996
0#
0!
0"
#37152004
b101110011 %
1!
1#
#37154972
1"
#37161596
0#
0!
0"
#37161604
1!
1#
#37164572
1"
#37171196
0#
0!
0"
#37171204
1!
1#
#37174172
1"
#37180796
0#
0!
0"
#37180804
1!
1#
#37183772
1"
#37190396
0#
0!
0"
#37190404
1!
1#
#37193372
1"
#37199996
0#
0!
0"
#37200004
1!
1#
#37202972
1"
#37209596
0#
0!
0"
#37209604
1!
1#
#37212572
1"
#37219196
0#
0!
0"
#37219204
1!
1#
#37222172
1"
#37228796
0#
0!
0"
#37228804
1!
1#
#37231772
1"
#37238396
0#
0!
0"
#37238404
1!
1#
#37241372
1"
#37247996
0#
0!
0"
#37248004
b101111010 %
1!
1#
#37251028
1"
#37257596
0#
0!
0"
#37257604
1!
1#
#37260628
1"
#37267196
0#
0!
0"
#37267204
1!
1#
#37270228
1"
#37276796
0#
0!
0"
#37276804
1!
1#
#37279828
1"
#37286396
0#
0!
0"
#37286404
1!
1#
#37289428
1"
#37295996
0#
0!
0"
#37296004
1!
1#
#37299028
1"
#37305596
0#
0!
0"
#37305604
1!
1#
#37308628
1"
#37315196
0#
0!
0"
#37315204
1!
1#
#37318228
1"
#37324796
0#
0!
0"
#37324804
1!
1#
#37327828
1"
#37334396
0#
0!
0"
#37334404
1!
1#
#37337428
1"
#37343996
0#
0!
0"
#37344004
b110000001 %
1!
1#
#37347084
1"
#37353596
0#
0!
0"
#37353604
1!
1#
#37356684
1"
#37363196
0#
0!
0"
#37363204
1!
1#
#37366284
1"
#37372796
0#
0!
0"
#37372804
1!
1#
#37375884
1"
#37382396
0#
0!
0"
#37382404
1!
1#
#37385484
1"
#37391996
0#
0!
0"
#37392004
1!
1#
#37395084
1"
#37401596
0#
0!
0"
#37401604
1!
1#
#37404684
1"
#37411196
0#
0!
0"
#37411204
1!
1#
#37414284
1"
#37420796
0#
0!
0"
#37420804
1!
1#
#37423884
1"
#37430396
0#
0!
0"
#37430404
1!
1#
#37433484
1"
#37439996
0#
0!
0"
#37440004
b110001000 %
1!
1#
#37443140
1"
#37449596
0#
0!
0"
#37449604
1!
1#
#37452740
1"
#37459196
0#
0!
0"
#37459204
1!
1#
#37462340
1"
#37468796
0#
0!
0"
#37468804
1!
1#
#37471940
1"
#37478396
0#
0!
0"
#37478404
1!
1#
#37481540
1"
#37487996
0#
0!
0"
#37488004
1!
1#
#37491140
1"
#37497596
0#
0!
0"
#37497604
1!
1#
#37500740
1"
#37507196
0#
0!
0"
#37507204
1!
1#
#37510340
1"
#37516796
0#
0!
0"
#37516804
1!
1#
#37519940
1"
#37526396
0#
0!
0"
#37526404
1!
1#
#37529540
1"
#37535996
0#
0!
0"
#37536004
b110001111 %
1!
1#
#37539196
1"
#37545596
0#
0!
0"
#37545604
1!
1#
#37548796
1"
#37555196
0#
0!
0"
#37555204
1!
1#
#37558396
1"
#37564796
0#
0!
0"
#37564804
1!
1#
#37567996
1"
#37574396
0#
0!
0"
#37574404
1!
1#
#37577596
1"
#37583996
0#
0!
0"
#37584004
1!
1#
#37587196
1"
#37593596
0#
0!
0"
#37593604
1!
1#
#37596796
1"
#37603196
0#
0!
0"
#37603204
1!
1#
#37606396
1"
#37612796
0#
0!
0"
#37612804
1!
1#
#37615996
1"
#37622396
0#
0!
0"
#37622404
1!
1#
#37625596
1"
#37631996
0#
0!
0"
#37632004
b110010110 %
1!
1#
#37635252
1"
#37641596
0#
0!
0"
#37641604
1!
1#
#37644852
1"
#37651196
0#
0!
0"
#37651204
1!
1#
#37654452
1"
#37660796
0#
0!
0"
#37660804
1!
1#
#37664052
1"
#37670396
0#
0!
0"
#37670404
1!
1#
#37673652
1"
#37679996
0#
0!
0"
#37680004
1!
1#
#37683252
1"
#37689596
0#
0!
0"
#37689604
1!
1#
#37692852
1"
#37699196
0#
0!
0"
#37699204
1!
1#
#37702452
1"
#37708796
0#
0!
0"
#37708804
1!
1#
#37712052
1"
#37718396
0#
0!
0"
#37718404
1!
1#
#37721652
1"
#37727996
0#
0!
0"
#37728004
b110011101 %
1!
1#
#37731308
1"
#37737596
0#
0!
0"
#37737604
1!
1#
#37740908
1"
#37747196
0#
0!
0"
#37747204
1!
1#
#37750508
1"
#37756796
0#
0!
0"
#37756804
1!
1#
#37760108
1"
#37766396
0#
0!
0"
#37766404
1!
1#
#37769708
1"
#37775996
0#
0!
0"
#37776004
1!
1#
#37779308
1"
#37785596
0#
0!
0"
#37785604
1!
1#
#37788908
1"
#37795196
0#
0!
0"
#37795204
1!
1#
#37798508
1"
#37804796
0#
0!
0"
#37804804
1!
1#
#37808108
1"
#37814396
0#
0!
0"
#37814404
1!
1#
#37817708
1"
#37823996
0#
0!
0"
#37824004
b110100100 %
1!
1#
#37827364
1"
#37833596
0#
0!
0"
#37833604
1!
1#
#37836964
1"
#37843196
0#
0!
0"
#37843204
1!
1#
#37846564
1"
#37852796
0#
0!
0"
#37852804
1!
1#
#37856164
1"
#37862396
0#
0!
0"
#37862404
1!
1#
#37865764
1"
#37871996
0#
0!
0"
#37872004
1!
1#
#37875364
1"
#37881596
0#
0!
0"
#37881604
1!
1#
#37884964
1"
#37891196
0#
0!
0"
#37891204
1!
1#
#37894564
1"
#37900796
0#
0!
0"
#37900804
1!
1#
#37904164
1"
#37910396
0#
0!
0"
#37910404
1!
1#
#37913764
1"
#37919996
0#
0!
0"
#37920004
b110101011 %
1!
1#
#37923420
1"
#37929596
0#
0!
0"
#37929604
1!
1#
#37933020
1"
#37939196
0#
0!
0"
#37939204
1!
1#
#37942620
1"
#37948796
0#
0!
0"
#37948804
1!
1#
#37952220
1"
#37958396
0#
0!
0"
#37958404
1!
1#
#37961820
1"
#37967996
0#
0!
0"
#37968004
1!
1#
#37971420
1"
#37977596
0#
0!
0"
#37977604
1!
1#
#37981020
1"
#37987196
0#
0!
0"
#37987204
1!
1#
#37990620
1"
#37996796
0#
0!
0"
#37996804
1!
1#
#38000220
1"
#38006396
0#
0!
0"
#38006404
1!
1#
#38009820
1"
#38015996
0#
0!
0"
#38016004
b110110010 %
1!
1#
#38019476
1"
#38025596
0#
0!
0"
#38025604
1!
1#
#38029076
1"
#38035196
0#
0!
0"
#38035204
1!
1#
#38038676
1"
#38044796
0#
0!
0"
#38044804
1!
1#
#38048276
1"
#38054396
0#
0!
0"
#38054404
1!
1#
#38057876
1"
#38063996
0#
0!
0"
#38064004
1!
1#
#38067476
1"
#38073596
0#
0!
0"
#38073604
1!
1#
#38077076
1"
#38083196
0#
0!
0"
#38083204
1!
1#
#38086676
1"
#38092796
0#
0!
0"
#38092804
1!
1#
#38096276
1"
#38102396
0#
0!
0"
#38102404
1!
1#
#38105876
1"
#38111996
0#
0!
0"
#38112004
b110111001 %
1!
1#
#38115532
1"
#38121596
0#
0!
0"
#38121604
1!
1#
#38125132
1"
#38131196
0#
0!
0"
#38131204
1!
1#
#38134732
1"
#38140796
0#
0!
0"
#38140804
1!
1#
#38144332
1"
#38150396
0#
0!
0"
#38150404
1!
1#
#38153932
1"
#38159996
0#
0!
0"
#38160004
1!
1#
#38163532
1"
#38169596
0#
0!
0"
#38169604
1!
1#
#38173132
1"
#38179196
0#
0!
0"
#38179204
1!
1#
#38182732
1"
#38188796
0#
0!
0"
#38188804
1!
1#
#38192332
1"
#38198396
0#
0!
0"
#38198404
1!
1#
#38201932
1"
#38207996
0#
0!
0"
#38208004
b111000000 %
1!
1#
#38211588
1"
#38217596
0#
0!
0"
#38217604
1!
1#
#38221188
1"
#38227196
0#
0!
0"
#38227204
1!
1#
#38230788
1"
#38236796
0#
0!
0"
#38236804
1!
1#
#38240388
1"
#38246396
0#
0!
0"
#38246404
1!
1#
#38249988
1"
#38255996
0#
0!
0"
#38256004
1!
1#
#38259588
1"
#38265596
0#
0!
0"
#38265604
1!
1#
#38269188
1"
#38275196
0#
0!
0"
#38275204
1!
1#
#38278788
1"
#38284796
0#
0!
0"
#38284804
1!
1#
#38288388
1"
#38294396
0#
0!
0"
#38294404
1!
1#
#38297988
1"
#38303996
0#
0!
0"
#38304004
b111000111 %
1!
1#
#38307644
1"
#38313596
0#
0!
0"
#38313604
1!
1#
#38317244
1"
#38323196
0#
0!
0"
#38323204
1!
1#
#38326844
1"
#38332796
0#
0!
0"
#38332804
1!
1#
#38336444
1"
#38342396
0#
0!
0"
#38342404
1!
1#
#38346044
1"
#38351996
0#
0!
0"
#38352004
1!
1#
#38355644
1"
#38361596
0#
0!
0"
#38361604
1!
1#
#38365244
1"
#38371196
0#
0!
0"
#38371204
1!
1#
#38374844
1"
#38380796
0#
0!
0"
#38380804
1!
1#
#38384444
1"
#38390396
0#
0!
0"
#38390404
1!
1#
#38394044
1"
#38399996
0#
0!
0"
#38400004
b111001110 %
1!
1#
#38403700
1"
#38409596
0#
0!
0"
#38409604
1!
1#
#38413300
1"
#38419196
0#
0!
0"
#38419204
1!
1#
#38422900
1"
#38428796
0#
0!
0"
#38428804
1!
1#
#38432500
1"
#38438396
0#
0!
0"
#38438404
1!
1#
#38442100
1"
#38447996
0#
0!
0"
#38448004
1!
1#
#38451700
1"
#38457596
0#
0!
0"
#38457604
1!
1#
#38461300
1"
#38467196
0#
0!
0"
#38467204
1!
1#
#38470900
1"
#38476796
0#
0!
0"
#38476804
1!
1#
#38480500
1"
#38486396
0#
0!
0"
#38486404
1!
1#
#38490100
1"
#38495996
0#
0!
0"
#38496004
b111010101 %
1!
1#
#38499756
1"
#38505596
0#
0!
0"
#38505604
1!
1#
#38509356
1"
#38515196
0#
0!
0"
#38515204
1!
1#
#38518956
1"
#38524796
0#
0!
0"
#38524804
1!
1#
#38528556
1"
#38534396
0#
0!
0"
#38534404
1!
1#
#38538156
1"
#38543996
0#
0!
0"
#38544004
1!
1#
#38547756
1"
#38553596
0#
0!
0"
#38553604
1!
1#
#38557356
1"
#38563196
0#
0!
0"
#38563204
1!
1#
#38566956
1"
#38572796
0#
0!
0"
#38572804
1!
1#
#38576556
1"
#38582396
0#
0!
0"
#38582404
1!
1#
#38586156
1"
#38591996
0#
0!
0"
#38592004
b111011100 %
1!
1#
#38595812
1"
#38601596
0#
0!
0"
#38601604
1!
1#
#38605412
1"
#38611196
0#
0!
0"
#38611204
1!
1#
#38615012
1"
#38620796
0#
0!
0"
#38620804
1!
1#
#38624612
1"
#38630396
0#
0!
0"
#38630404
1!
1#
#38634212
1"
#38639996
0#
0!
0"
#38640004
1!
1#
#38643812
1"
#38649596
0#
0!
0"
#38649604
1!
1#
#38653412
1"
#38659196
0#
0!
0"
#38659204
1!
1#
#38663012
1"
#38668796
0#
0!
0"
#38668804
1!
1#
#38672612
1"
#38678396
0#
0!
0"
#38678404
1!
1#
#38682212
1"
#38687996
0#
0!
0"
#38688004
b111100011 %
1!
1#
#38691868
1"
#38697596
0#
0!
0"
#38697604
1!
1#
#38701468
1"
#38707196
0#
0!
0"
#38707204
1!
1#
#38711068
1"
#38716796
0#
0!
0"
#38716804
1!
1#
#38720668
1"
#38726396
0#
0!
0"
#38726404
1!
1#
#38730268
1"
#38735996
0#
0!
0"
#38736004
1!
1#
#38739868
1"
#38745596
0#
0!
0"
#38745604
1!
1#
#38749468
1"
#38755196
0#
0!
0"
#38755204
1!
1#
#38759068
1"
#38764796
0#
0!
0"
#38764804
1!
1#
#38768668
1"
#38774396
0#
0!
0"
#38774404
1!
1#
#38778268
1"
#38783996
0#
0!
0"
#38784004
b111101010 %
1!
1#
#38787924
1"
#38793596
0#
0!
0"
#38793604
1!
1#
#38797524
1"
#38803196
0#
0!
0"
#38803204
1!
1#
#38807124
1"
#38812796
0#
0!
0"
#38812804
1!
1#
#38816724
1"
#38822396
0#
0!
0"
#38822404
1!
1#
#38826324
1"
#38831996
0#
0!
0"
#38832004
1!
1#
#38835924
1"
#38841596
0#
0!
0"
#38841604
1!
1#
#38845524
1"
#38851196
0#
0!
0"
#38851204
1!
1#
#38855124
1"
#38860796
0#
0!
0"
#38860804
1!
1#
#38864724
1"
#38870396
0#
0!
0"
#38870404
1!
1#
#38874324
1"
#38879996
0#
0!
0"
#38880004
b111110001 %
1!
1#
#38883980
1"
#38889596
0#
0!
0"
#38889604
1!
1#
#38893580
1"
#38899196
0#
0!
0"
#38899204
1!
1#
#38903180
1"
#38908796
0#
0!
0"
#38908804
1!
1#
#38912780
1"
#38918396
0#
0!
0"
#38918404
1!
1#
#38922380
1"
#38927996
0#
0!
0"
#38928004
1!
1#
#38931980
1"
#38937596
0#
0!
0"
#38937604
1!
1#
#38941580
1"
#38947196
0#
0!
0"
#38947204
1!
1#
#38951180
1"
#38956796
0#
0!
0"
#38956804
1!
1#
#38960780
1"
#38966396
0#
0!
0"
#38966404
1!
1#
#38970380
1"
#38975996
0#
0!
0"
#38976004
b111111000 %
1!
1#
#38980036
1"
#38985596
0#
0!
0"
#38985604
1!
1#
#38989636
1"
#38995196
0#
0!
0"
#38995204
1!
1#
#38999236
1"
#39004796
0#
0!
0"
#39004804
1!
1#
#39008836
1"
#39014396
0#
0!
0"
#39014404
1!
1#
#39018436
1"
#39023996
0#
0!
0"
#39024004
1!
1#
#39028036
1"
#39033596
0#
0!
0"
#39033604
1!
1#
#39037636
1"
#39043196
0#
0!
0"
#39043204
1!
1#
#39047236
1"
#39052796
0#
0!
0"
#39052804
1!
1#
#39056836
1"
#39062396
0#
0!
0"
#39062404
1!
1#
#39066436
1"
#39071996
0#
0!
0"
#39072004
b111111111 %
1!
1#
#39076092
1"
#39081596
0#
0!
0"
#39081604
1!
1#
#39085692
1"
#39091196
0#
0!
0"
#39091204
1!
1#
#39095292
1"
#39100796
0#
0!
0"
#39100804
1!
1#
#39104892
1"
#39110396
0#
0!
0"
#39110404
1!
1#
#39114492
1"
#39119996
0#
0!
0"
#39120004
1!
1#
#39124092
1"
#39129596
0#
0!
0"
#39129604
1!
1#
#39133692
1"
#39139196
0#
0!
0"
#39139204
1!
1#
#39143292
1"
#39148796
0#
0!
0"
#39148804
1!
1#
#39152892
1"
#39158396
0#
0!
0"
#39158404
1!
1#
#39162492
1"
#39167996
0#
0!
0"
#39168004
b1000000110 %
1!
1#
#39172148
1"
#39177596
0#
0!
0"
#39177604
1!
1#
#39181748
1"
#39187196
0#
0!
0"
#39187204
1!
1#
#39191348
1"
#39196796
0#
0!
0"
#39196804
1!
1#
#39200948
1"
#39206396
0#
0!
0"
#39206404
1!
1#
#39210548
1"
#39215996
0#
0!
0"
#39216004
1!
1#
#39220148
1"
#39225596
0#
0!
0"
#39225604
1!
1#
#39229748
1"
#39235196
0#
0!
0"
#39235204
1!
1#
#39239348
1"
#39244796
0#
0!
0"
#39244804
1!
1#
#39248948
1"
#39254396
0#
0!
0"
#39254404
1!
1#
#39258548
1"
#39263996
0#
0!
0"
#39264004
b1000001101 %
1!
1#
#39268204
1"
#39273596
0#
0!
0"
#39273604
1!
1#
#39277804
1"
#39283196
0#
0!
0"
#39283204
1!
1#
#39287404
1"
#39292796
0#
0!
0"
#39292804
1!
1#
#39297004
1"
#39302396
0#
0!
0"
#39302404
1!
1#
#39306604
1"
#39311996
0#
0!
0"
#39312004
1!
1#
#39316204
1"
#39321596
0#
0!
0"
#39321604
1!
1#
#39325804
1"
#39331196
0#
0!
0"
#39331204
1!
1#
#39335404
1"
#39340796
0#
0!
0"
#39340804
1!
1#
#39345004
1"
#39350396
0#
0!
0"
#39350404
1!
1#
#39354604
1"
#39359996
0#
0!
0"
#39360004
b1000010100 %
1!
1#
#39364260
1"
#39369596
0#
0!
0"
#39369604
1!
1#
#39373860
1"
#39379196
0#
0!
0"
#39379204
1!
1#
#39383460
1"
#39388796
0#
0!
0"
#39388804
1!
1#
#39393060
1"
#39398396
0#
0!
0"
#39398404
1!
1#
#39402660
1"
#39407996
0#
0!
0"
#39408004
1!
1#
#39412260
1"
#39417596
0#
0!
0"
#39417604
1!
1#
#39421860
1"
#39427196
0#
0!
0"
#39427204
1!
1#
#39431460
1"
#39436796
0#
0!
0"
#39436804
1!
1#
#39441060
1"
#39446396
0#
0!
0"
#39446404
1!
1#
#39450660
1"
#39455996
0#
0!
0"
#39456004
b1000011011 %
1!
1#
#39460316
1"
#39465596
0#
0!
0"
#39465604
1!
1#
#39469916
1"
#39475196
0#
0!
0"
#39475204
1!
1#
#39479516
1"
#39484796
0#
0!
0"
#39484804
1!
1#
#39489116
1"
#39494396
0#
0!
0"
#39494404
1!
1#
#39498716
1"
#39503996
0#
0!
0"
#39504004
1!
1#
#39508316
1"
#39513596
0#
0!
0"
#39513604
1!
1#
#39517916
1"
#39523196
0#
0!
0"
#39523204
1!
1#
#39527516
1"
#39532796
0#
0!
0"
#39532804
1!
1#
#39537116
1"
#39542396
0#
0!
0"
#39542404
1!
1#
#39546716
1"
#39551996
0#
0!
0"
#39552004
b1000100010 %
1!
1#
#39556372
1"
#39561596
0#
0!
0"
#39561604
1!
1#
#39565972
1"
#39571196
0#
0!
0"
#39571204
1!
1#
#39575572
1"
#39580796
0#
0!
0"
#39580804
1!
1#
#39585172
1"
#39590396
0#
0!
0"
#39590404
1!
1#
#39594772
1"
#39599996
0#
0!
0"
#39600004
1!
1#
#39604372
1"
#39609596
0#
0!
0"
#39609604
1!
1#
#39613972
1"
#39619196
0#
0!
0"
#39619204
1!
1#
#39623572
1"
#39628796
0#
0!
0"
#39628804
1!
1#
#39633172
1"
#39638396
0#
0!
0"
#39638404
1!
1#
#39642772
1"
#39647996
0#
0!
0"
#39648004
b1000101001 %
1!
1#
#39652428
1"
#39657596
0#
0!
0"
#39657604
1!
1#
#39662028
1"
#39667196
0#
0!
0"
#39667204
1!
1#
#39671628
1"
#39676796
0#
0!
0"
#39676804
1!
1#
#39681228
1"
#39686396
0#
0!
0"
#39686404
1!
1#
#39690828
1"
#39695996
0#
0!
0"
#39696004
1!
1#
#39700428
1"
#39705596
0#
0!
0"
#39705604
1!
1#
#39710028
1"
#39715196
0#
0!
0"
#39715204
1!
1#
#39719628
1"
#39724796
0#
0!
0"
#39724804
1!
1#
#39729228
1"
#39734396
0#
0!
0"
#39734404
1!
1#
#39738828
1"
#39743996
0#
0!
0"
#39744004
b1000110000 %
1!
1#
#39748484
1"
#39753596
0#
0!
0"
#39753604
1!
1#
#39758084
1"
#39763196
0#
0!
0"
#39763204
1!
1#
#39767684
1"
#39772796
0#
0!
0"
#39772804
1!
1#
#39777284
1"
#39782396
0#
0!
0"
#39782404
1!
1#
#39786884
1"
#39791996
0#
0!
0"
#39792004
1!
1#
#39796484
1"
#39801596
0#
0!
0"
#39801604
1!
1#
#39806084
1"
#39811196
0#
0!
0"
#39811204
1!
1#
#39815684
1"
#39820796
0#
0!
0"
#39820804
1!
1#
#39825284
1"
#39830396
0#
0!
0"
#39830404
1!
1#
#39834884
1"
#39839996
0#
0!
0"
#39840004
b1000110111 %
1!
1#
#39844540
1"
#39849596
0#
0!
0"
#39849604
1!
1#
#39854140
1"
#39859196
0#
0!
0"
#39859204
1!
1#
#39863740
1"
#39868796
0#
0!
0"
#39868804
1!
1#
#39873340
1"
#39878396
0#
0!
0"
#39878404
1!
1#
#39882940
1"
#39887996
0#
0!
0"
#39888004
1!
1#
#39892540
1"
#39897596
0#
0!
0"
#39897604
1!
1#
#39902140
1"
#39907196
0#
0!
0"
#39907204
1!
1#
#39911740
1"
#39916796
0#
0!
0"
#39916804
1!
1#
#39921340
1"
#39926396
0#
0!
0"
#39926404
1!
1#
#39930940
1"
#39935996
0#
0!
0"
#39936004
b1000111110 %
1!
1#
#39940596
1"
#39945596
0#
0!
0"
#39945604
1!
1#
#39950196
1"
#39955196
0#
0!
0"
#39955204
1!
1#
#39959796
1"
#39964796
0#
0!
0"
#39964804
1!
1#
#39969396
1"
#39974396
0#
0!
0"
#39974404
1!
1#
#39978996
1"
#39983996
0#
0!
0"
#39984004
1!
1#
#39988596
1"
#39993596
0#
0!
0"
#39993604
1!
1#
#39998196
1"
#40003196
0#
0!
0"
#40003204
1!
1#
#40007796
1"
#40012796
0#
0!
0"
#40012804
1!
1#
#40017396
1"
#40022396
0#
0!
0"
#40022404
1!
1#
#40026996
1"
#40031996
0#
0!
0"
#40032004
b1001000101 %
1!
1#
#40036652
1"
#40041596
0#
0!
0"
#40041604
1!
1#
#40046252
1"
#40051196
0#
0!
0"
#40051204
1!
1#
#40055852
1"
#40060796
0#
0!
0"
#40060804
1!
1#
#40065452
1"
#40070396
0#
0!
0"
#40070404
1!
1#
#40075052
1"
#40079996
0#
0!
0"
#40080004
1!
1#
#40084652
1"
#40089596
0#
0!
0"
#40089604
1!
1#
#40094252
1"
#40099196
0#
0!
0"
#40099204
1!
1#
#40103852
1"
#40108796
0#
0!
0"
#40108804
1!
1#
#40113452
1"
#40118396
0#
0!
0"
#40118404
1!
1#
#40123052
1"
#40127996
0#
0!
0"
#40128004
b1001001100 %
1!
1#
#40132708
1"
#40137596
0#
0!
0"
#40137604
1!
1#
#40142308
1"
#40147196
0#
0!
0"
#40147204
1!
1#
#40151908
1"
#40156796
0#
0!
0"
#40156804
1!
1#
#40161508
1"
#40166396
0#
0!
0"
#40166404
1!
1#
#40171108
1"
#40175996
0#
0!
0"
#40176004
1!
1#
#40180708
1"
#40185596
0#
0!
0"
#40185604
1!
1#
#40190308
1"
#40195196
0#
0!
0"
#40195204
1!
1#
#40199908
1"
#40204796
0#
0!
0"
#40204804
1!
1#
#40209508
1"
#40214396
0#
0!
0"
#40214404
1!
1#
#40219108
1"
#40223996
0#
0!
0"
#40224004
b1001010011 %
1!
1#
#40228764
1"
#40233596
0#
0!
0"
#40233604
1!
1#
#40238364
1"
#40243196
0#
0!
0"
#40243204
1!
1#
#40247964
1"
#40252796
0#
0!
0"
#40252804
1!
1#
#40257564
1"
#40262396
0#
0!
0"
#40262404
1!
1#
#40267164
1"
#40271996
0#
0!
0"
#40272004
1!
1#
#40276764
1"
#40281596
0#
0!
0"
#40281604
1!
1#
#40286364
1"
#40291196
0#
0!
0"
#40291204
1!
1#
#40295964
1"
#40300796
0#
0!
0"
#40300804
1!
1#
#40305564
1"
#40310396
0#
0!
0"
#40310404
1!
1#
#40315164
1"
#40319996
0#
0!
0"
#40320004
b1001011010 %
1!
1#
#40324820
1"
#40329596
0#
0!
0"
#40329604
1!
1#
#40334420
1"
#40339196
0#
0!
0"
#40339204
1!
1#
#40344020
1"
#40348796
0#
0!
0"
#40348804
1!
1#
#40353620
1"
#40358396
0#
0!
0"
#40358404
1!
1#
#40363220
1"
#40367996
0#
0!
0"
#40368004
1!
1#
#40372820
1"
#40377596
0#
0!
0"
#40377604
1!
1#
#40382420
1"
#40387196
0#
0!
0"
#40387204
1!
1#
#40392020
1"
#40396796
0#
0!
0"
#40396804
1!
1#
#40401620
1"
#40406396
0#
0!
0"
#40406404
1!
1#
#40411220
1"
#40415996
0#
0!
0"
#40416004
b1001100001 %
1!
1#
#40420876
1"
#40425596
0#
0!
0"
#40425604
1!
1#
#40430476
1"
#40435196
0#
0!
0"
#40435204
1!
1#
#40440076
1"
#40444796
0#
0!
0"
#40444804
1!
1#
#40449676
1"
#40454396
0#
0!
0"
#40454404
1!
1#
#40459276
1"
#40463996
0#
0!
0"
#40464004
1!
1#
#40468876
1"
#40473596
0#
0!
0"
#40473604
1!
1#
#40478476
1"
#40483196
0#
0!
0"
#40483204
1!
1#
#40488076
1"
#40492796
0#
0!
0"
#40492804
1!
1#
#40497676
1"
#40502396
0#
0!
0"
#40502404
1!
1#
#40507276
1"
#40511996
0#
0!
0"
#40512004
b1001101000 %
1!
1#
#40516932
1"
#40521596
0#
0!
0"
#40521604
1!
1#
#40526532
1"
#40531196
0#
0!
0"
#40531204
1!
1#
#40536132
1"
#40540796
0#
0!
0"
#40540804
1!
1#
#40545732
1"
#40550396
0#
0!
0"
#40550404
1!
1#
#40555332
1"
#40559996
0#
0!
0"
#40560004
1!
1#
#40564932
1"
#40569596
0#
0!
0"
#40569604
1!
1#
#40574532
1"
#40579196
0#
0!
0"
#40579204
1!
1#
#40584132
1"
#40588796
0#
0!
0"
#40588804
1!
1#
#40593732
1"
#40598396
0#
0!
0"
#40598404
1!
1#
#40603332
1"
#40607996
0#
0!
0"
#40608004
b1001101111 %
1!
1#
#40612988
1"
#40617596
0#
0!
0"
#40617604
1!
1#
#40622588
1"
#40627196
0#
0!
0"
#40627204
1!
1#
#40632188
1"
#40636796
0#
0!
0"
#40636804
1!
1#
#40641788
1"
#40646396
0#
0!
0"
#40646404
1!
1#
#40651388
1"
#40655996
0#
0!
0"
#40656004
1!
1#
#40660988
1"
#40665596
0#
0!
0"
#40665604
1!
1#
#40670588
1"
#40675196
0#
0!
0"
#40675204
1!
1#
#40680188
1"
#40684796
0#
0!
0"
#40684804
1!
1#
#40689788
1"
#40694396
0#
0!
0"
#40694404
1!
1#
#40699388
1"
#40703996
0#
0!
0"
#40704004
b1001110110 %
1!
1#
#40709044
1"
#40713596
0#
0!
0"
#40713604
1!
1#
#40718644
1"
#40723196
0#
0!
0"
#40723204
1!
1#
#40728244
1"
#40732796
0#
0!
0"
#40732804
1!
1#
#40737844
1"
#40742396
0#
0!
0"
#40742404
1!
1#
#40747444
1"
#40751996
0#
0!
0"
#40752004
1!
1#
#40757044
1"
#40761596
0#
0!
0"
#40761604
1!
1#
#40766644
1"
#40771196
0#
0!
0"
#40771204
1!
1#
#40776244
1"
#40780796
0#
0!
0"
#40780804
1!
1#
#40785844
1"
#40790396
0#
0!
0"
#40790404
1!
1#
#40795444
1"
#40799996
0#
0!
0"
#40800004
b1001111101 %
1!
1#
#40805100
1"
#40809596
0#
0!
0"
#40809604
1!
1#
#40814700
1"
#40819196
0#
0!
0"
#40819204
1!
1#
#40824300
1"
#40828796
0#
0!
0"
#40828804
1!
1#
#40833900
1"
#40838396
0#
0!
0"
#40838404
1!
1#
#40843500
1"
#40847996
0#
0!
0"
#40848004
1!
1#
#40853100
1"
#40857596
0#
0!
0"
#40857604
1!
1#
#40862700
1"
#40867196
0#
0!
0"
#40867204
1!
1#
#40872300
1"
#40876796
0#
0!
0"
#40876804
1!
1#
#40881900
1"
#40886396
0#
0!
0"
#40886404
1!
1#
#40891500
1"
#40895996
0#
0!
0"
#40896004
b1010000100 %
1!
1#
#40901156
1"
#40905596
0#
0!
0"
#40905604
1!
1#
#40910756
1"
#40915196
0#
0!
0"
#40915204
1!
1#
#40920356
1"
#40924796
0#
0!
0"
#40924804
1!
1#
#40929956
1"
#40934396
0#
0!
0"
#40934404
1!
1#
#40939556
1"
#40943996
0#
0!
0"
#40944004
1!
1#
#40949156
1"
#40953596
0#
0!
0"
#40953604
1!
1#
#40958756
1"
#40963196
0#
0!
0"
#40963204
1!
1#
#40968356
1"
#40972796
0#
0!
0"
#40972804
1!
1#
#40977956
1"
#40982396
0#
0!
0"
#40982404
1!
1#
#40987556
1"
#40991996
0#
0!
0"
#40992004
b1010001011 %
1!
1#
#40997212
1"
#41001596
0#
0!
0"
#41001604
1!
1#
#41006812
1"
#41011196
0#
0!
0"
#41011204
1!
1#
#41016412
1"
#41020796
0#
0!
0"
#41020804
1!
1#
#41026012
1"
#41030396
0#
0!
0"
#41030404
1!
1#
#41035612
1"
#41039996
0#
0!
0"
#41040004
1!
1#
#41045212
1"
#41049596
0#
0!
0"
#41049604
1!
1#
#41054812
1"
#41059196
0#
0!
0"
#41059204
1!
1#
#41064412
1"
#41068796
0#
0!
0"
#41068804
1!
1#
#41074012
1"
#41078396
0#
0!
0"
#41078404
1!
1#
#41083612
1"
#41087996
0#
0!
0"
#41088004
b1010010010 %
1!
1#
#41093268
1"
#41097596
0#
0!
0"
#41097604
1!
1#
#41102868
1"
#41107196
0#
0!
0"
#41107204
1!
1#
#41112468
1"
#41116796
0#
0!
0"
#41116804
1!
1#
#41122068
1"
#41126396
0#
0!
0"
#41126404
1!
1#
#41131668
1"
#41135996
0#
0!
0"
#41136004
1!
1#
#41141268
1"
#41145596
0#
0!
0"
#41145604
1!
1#
#41150868
1"
#41155196
0#
0!
0"
#41155204
1!
1#
#41160468
1"
#41164796
0#
0!
0"
#41164804
1!
1#
#41170068
1"
#41174396
0#
0!
0"
#41174404
1!
1#
#41179668
1"
#41183996
0#
0!
0"
#41184004
b1010011001 %
1!
1#
#41189324
1"
#41193596
0#
0!
0"
#41193604
1!
1#
#41198924
1"
#41203196
0#
0!
0"
#41203204
1!
1#
#41208524
1"
#41212796
0#
0!
0"
#41212804
1!
1#
#41218124
1"
#41222396
0#
0!
0"
#41222404
1!
1#
#41227724
1"
#41231996
0#
0!
0"
#41232004
1!
1#
#41237324
1"
#41241596
0#
0!
0"
#41241604
1!
1#
#41246924
1"
#41251196
0#
0!
0"
#41251204
1!
1#
#41256524
1"
#41260796
0#
0!
0"
#41260804
1!
1#
#41266124
1"
#41270396
0#
0!
0"
#41270404
1!
1#
#41275724
1"
#41279996
0#
0!
0"
#41280004
b1010100000 %
1!
1#
#41285380
1"
#41289596
0#
0!
0"
#41289604
1!
1#
#41294980
1"
#41299196
0#
0!
0"
#41299204
1!
1#
#41304580
1"
#41308796
0#
0!
0"
#41308804
1!
1#
#41314180
1"
#41318396
0#
0!
0"
#41318404
1!
1#
#41323780
1"
#41327996
0#
0!
0"
#41328004
1!
1#
#41333380
1"
#41337596
0#
0!
0"
#41337604
1!
1#
#41342980
1"
#41347196
0#
0!
0"
#41347204
1!
1#
#41352580
1"
#41356796
0#
0!
0"
#41356804
1!
1#
#41362180
1"
#41366396
0#
0!
0"
#41366404
1!
1#
#41371780
1"
#41375996
0#
0!
0"
#41376004
b1010100111 %
1!
1#
#41381436
1"
#41385596
0#
0!
0"
#41385604
1!
1#
#41391036
1"
#41395196
0#
0!
0"
#41395204
1!
1#
#41400636
1"
#41404796
0#
0!
0"
#41404804
1!
1#
#41410236
1"
#41414396
0#
0!
0"
#41414404
1!
1#
#41419836
1"
#41423996
0#
0!
0"
#41424004
1!
1#
#41429436
1"
#41433596
0#
0!
0"
#41433604
1!
1#
#41439036
1"
#41443196
0#
0!
0"
#41443204
1!
1#
#41448636
1"
#41452796
0#
0!
0"
#41452804
1!
1#
#41458236
1"
#41462396
0#
0!
0"
#41462404
1!
1#
#41467836
1"
#41471996
0#
0!
0"
#41472004
b1010101110 %
1!
1#
#41477492
1"
#41481596
0#
0!
0"
#41481604
1!
1#
#41487092
1"
#41491196
0#
0!
0"
#41491204
1!
1#
#41496692
1"
#41500796
0#
0!
0"
#41500804
1!
1#
#41506292
1"
#41510396
0#
0!
0"
#41510404
1!
1#
#41515892
1"
#41519996
0#
0!
0"
#41520004
1!
1#
#41525492
1"
#41529596
0#
0!
0"
#41529604
1!
1#
#41535092
1"
#41539196
0#
0!
0"
#41539204
1!
1#
#41544692
1"
#41548796
0#
0!
0"
#41548804
1!
1#
#41554292
1"
#41558396
0#
0!
0"
#41558404
1!
1#
#41563892
1"
#41567996
0#
0!
0"
#41568004
b1010110101 %
1!
1#
#41573548
1"
#41577596
0#
0!
0"
#41577604
1!
1#
#41583148
1"
#41587196
0#
0!
0"
#41587204
1!
1#
#41592748
1"
#41596796
0#
0!
0"
#41596804
1!
1#
#41602348
1"
#41606396
0#
0!
0"
#41606404
1!
1#
#41611948
1"
#41615996
0#
0!
0"
#41616004
1!
1#
#41621548
1"
#41625596
0#
0!
0"
#41625604
1!
1#
#41631148
1"
#41635196
0#
0!
0"
#41635204
1!
1#
#41640748
1"
#41644796
0#
0!
0"
#41644804
1!
1#
#41650348
1"
#41654396
0#
0!
0"
#41654404
1!
1#
#41659948
1"
#41663996
0#
0!
0"
#41664004
b1010111100 %
1!
1#
#41669604
1"
#41673596
0#
0!
0"
#41673604
1!
1#
#41679204
1"
#41683196
0#
0!
0"
#41683204
1!
1#
#41688804
1"
#41692796
0#
0!
0"
#41692804
1!
1#
#41698404
1"
#41702396
0#
0!
0"
#41702404
1!
1#
#41708004
1"
#41711996
0#
0!
0"
#41712004
1!
1#
#41717604
1"
#41721596
0#
0!
0"
#41721604
1!
1#
#41727204
1"
#41731196
0#
0!
0"
#41731204
1!
1#
#41736804
1"
#41740796
0#
0!
0"
#41740804
1!
1#
#41746404
1"
#41750396
0#
0!
0"
#41750404
1!
1#
#41756004
1"
#41759996
0#
0!
0"
#41760004
b1011000011 %
1!
1#
#41765660
1"
#41769596
0#
0!
0"
#41769604
1!
1#
#41775260
1"
#41779196
0#
0!
0"
#41779204
1!
1#
#41784860
1"
#41788796
0#
0!
0"
#41788804
1!
1#
#41794460
1"
#41798396
0#
0!
0"
#41798404
1!
1#
#41804060
1"
#41807996
0#
0!
0"
#41808004
1!
1#
#41813660
1"
#41817596
0#
0!
0"
#41817604
1!
1#
#41823260
1"
#41827196
0#
0!
0"
#41827204
1!
1#
#41832860
1"
#41836796
0#
0!
0"
#41836804
1!
1#
#41842460
1"
#41846396
0#
0!
0"
#41846404
1!
1#
#41852060
1"
#41855996
0#
0!
0"
#41856004
b1011001010 %
1!
1#
#41861716
1"
#41865596
0#
0!
0"
#41865604
1!
1#
#41871316
1"
#41875196
0#
0!
0"
#41875204
1!
1#
#41880916
1"
#41884796
0#
0!
0"
#41884804
1!
1#
#41890516
1"
#41894396
0#
0!
0"
#41894404
1!
1#
#41900116
1"
#41903996
0#
0!
0"
#41904004
1!
1#
#41909716
1"
#41913596
0#
0!
0"
#41913604
1!
1#
#41919316
1"
#41923196
0#
0!
0"
#41923204
1!
1#
#41928916
1"
#41932796
0#
0!
0"
#41932804
1!
1#
#41938516
1"
#41942396
0#
0!
0"
#41942404
1!
1#
#41948116
1"
#41951996
0#
0!
0"
#41952004
b1011010001 %
1!
1#
#41957772
1"
#41961596
0#
0!
0"
#41961604
1!
1#
#41967372
1"
#41971196
0#
0!
0"
#41971204
1!
1#
#41976972
1"
#41980796
0#
0!
0"
#41980804
1!
1#
#41986572
1"
#41990396
0#
0!
0"
#41990404
1!
1#
#41996172
1"
#41999996
0#
0!
0"
#42000004
1!
1#
#42005772
1"
#42009596
0#
0!
0"
#42009604
1!
1#
#42015372
1"
#42019196
0#
0!
0"
#42019204
1!
1#
#42024972
1"
#42028796
0#
0!
0"
#42028804
1!
1#
#42034572
1"
#42038396
0#
0!
0"
#42038404
1!
1#
#42044172
1"
#42047996
0#
0!
0"
#42048004
b1011011000 %
1!
1#
#42053828
1"
#42057596
0#
0!
0"
#42057604
1!
1#
#42063428
1"
#42067196
0#
0!
0"
#42067204
1!
1#
#42073028
1"
#42076796
0#
0!
0"
#42076804
1!
1#
#42082628
1"
#42086396
0#
0!
0"
#42086404
1!
1#
#42092228
1"
#42095996
0#
0!
0"
#42096004
1!
1#
#42101828
1"
#42105596
0#
0!
0"
#42105604
1!
1#
#42111428
1"
#42115196
0#
0!
0"
#42115204
1!
1#
#42121028
1"
#42124796
0#
0!
0"
#42124804
1!
1#
#42130628
1"
#42134396
0#
0!
0"
#42134404
1!
1#
#42140228
1"
#42143996
0#
0!
0"
#42144004
b1011011111 %
1!
1#
#42149884
1"
#42153596
0#
0!
0"
#42153604
1!
1#
#42159484
1"
#42163196
0#
0!
0"
#42163204
1!
1#
#42169084
1"
#42172796
0#
0!
0"
#42172804
1!
1#
#42178684
1"
#42182396
0#
0!
0"
#42182404
1!
1#
#42188284
1"
#42191996
0#
0!
0"
#42192004
1!
1#
#42197884
1"
#42201596
0#
0!
0"
#42201604
1!
1#
#42207484
1"
#42211196
0#
0!
0"
#42211204
1!
1#
#42217084
1"
#42220796
0#
0!
0"
#42220804
1!
1#
#42226684
1"
#42230396
0#
0!
0"
#42230404
1!
1#
#42236284
1"
#42239996
0#
0!
0"
#42240004
b1011100110 %
1!
1#
#42245940
1"
#42249596
0#
0!
0"
#42249604
1!
1#
#42255540
1"
#42259196
0#
0!
0"
#42259204
1!
1#
#42265140
1"
#42268796
0#
0!
0"
#42268804
1!
1#
#42274740
1"
#42278396
0#
0!
0"
#42278404
1!
1#
#42284340
1"
#42287996
0#
0!
0"
#42288004
1!
1#
#42293940
1"
#42297596
0#
0!
0"
#42297604
1!
1#
#42303540
1"
#42307196
0#
0!
0"
#42307204
1!
1#
#42313140
1"
#42316796
0#
0!
0"
#42316804
1!
1#
#42322740
1"
#42326396
0#
0!
0"
#42326404
1!
1#
#42332340
1"
#42335996
0#
0!
0"
#42336004
b1011101101 %
1!
1#
#42341996
1"
#42345596
0#
0!
0"
#42345604
1!
1#
#42351596
1"
#42355196
0#
0!
0"
#42355204
1!
1#
#42361196
1"
#42364796
0#
0!
0"
#42364804
1!
1#
#42370796
1"
#42374396
0#
0!
0"
#42374404
1!
1#
#42380396
1"
#42383996
0#
0!
0"
#42384004
1!
1#
#42389996
1"
#42393596
0#
0!
0"
#42393604
1!
1#
#42399596
1"
#42403196
0#
0!
0"
#42403204
1!
1#
#42409196
1"
#42412796
0#
0!
0"
#42412804
1!
1#
#42418796
1"
#42422396
0#
0!
0"
#42422404
1!
1#
#42428396
1"
#42431996
0#
0!
0"
#42432004
b1011110100 %
1!
1#
#42438052
1"
#42441596
0#
0!
0"
#42441604
1!
1#
#42447652
1"
#42451196
0#
0!
0"
#42451204
1!
1#
#42457252
1"
#42460796
0#
0!
0"
#42460804
1!
1#
#42466852
1"
#42470396
0#
0!
0"
#42470404
1!
1#
#42476452
1"
#42479996
0#
0!
0"
#42480004
1!
1#
#42486052
1"
#42489596
0#
0!
0"
#42489604
1!
1#
#42495652
1"
#42499196
0#
0!
0"
#42499204
1!
1#
#42505252
1"
#42508796
0#
0!
0"
#42508804
1!
1#
#42514852
1"
#42518396
0#
0!
0"
#42518404
1!
1#
#42524452
1"
#42527996
0#
0!
0"
#42528004
b1011111011 %
1!
1#
#42534108
1"
#42537596
0#
0!
0"
#42537604
1!
1#
#42543708
1"
#42547196
0#
0!
0"
#42547204
1!
1#
#42553308
1"
#42556796
0#
0!
0"
#42556804
1!
1#
#42562908
1"
#42566396
0#
0!
0"
#42566404
1!
1#
#42572508
1"
#42575996
0#
0!
0"
#42576004
1!
1#
#42582108
1"
#42585596
0#
0!
0"
#42585604
1!
1#
#42591708
1"
#42595196
0#
0!
0"
#42595204
1!
1#
#42601308
1"
#42604796
0#
0!
0"
#42604804
1!
1#
#42610908
1"
#42614396
0#
0!
0"
#42614404
1!
1#
#42620508
1"
#42623996
0#
0!
0"
#42624004
b1100000010 %
1!
1#
#42630164
1"
#42633596
0#
0!
0"
#42633604
1!
1#
#42639764
1"
#42643196
0#
0!
0"
#42643204
1!
1#
#42649364
1"
#42652796
0#
0!
0"
#42652804
1!
1#
#42658964
1"
#42662396
0#
0!
0"
#42662404
1!
1#
#42668564
1"
#42671996
0#
0!
0"
#42672004
1!
1#
#42678164
1"
#42681596
0#
0!
0"
#42681604
1!
1#
#42687764
1"
#42691196
0#
0!
0"
#42691204
1!
1#
#42697364
1"
#42700796
0#
0!
0"
#42700804
1!
1#
#42706964
1"
#42710396
0#
0!
0"
#42710404
1!
1#
#42716564
1"
#42719996
0#
0!
0"
#42720004
b1100001001 %
1!
1#
#42726220
1"
#42729596
0#
0!
0"
#42729604
1!
1#
#42735820
1"
#42739196
0#
0!
0"
#42739204
1!
1#
#42745420
1"
#42748796
0#
0!
0"
#42748804
1!
1#
#42755020
1"
#42758396
0#
0!
0"
#42758404
1!
1#
#42764620
1"
#42767996
0#
0!
0"
#42768004
1!
1#
#42774220
1"
#42777596
0#
0!
0"
#42777604
1!
1#
#42783820
1"
#42787196
0#
0!
0"
#42787204
1!
1#
#42793420
1"
#42796796
0#
0!
0"
#42796804
1!
1#
#42803020
1"
#42806396
0#
0!
0"
#42806404
1!
1#
#42812620
1"
#42815996
0#
0!
0"
#42816004
b1100010000 %
1!
1#
#42822276
1"
#42825596
0#
0!
0"
#42825604
1!
1#
#42831876
1"
#42835196
0#
0!
0"
#42835204
1!
1#
#42841476
1"
#42844796
0#
0!
0"
#42844804
1!
1#
#42851076
1"
#42854396
0#
0!
0"
#42854404
1!
1#
#42860676
1"
#42863996
0#
0!
0"
#42864004
1!
1#
#42870276
1"
#42873596
0#
0!
0"
#42873604
1!
1#
#42879876
1"
#42883196
0#
0!
0"
#42883204
1!
1#
#42889476
1"
#42892796
0#
0!
0"
#42892804
1!
1#
#42899076
1"
#42902396
0#
0!
0"
#42902404
1!
1#
#42908676
1"
#42911996
0#
0!
0"
#42912004
b1100010111 %
1!
1#
#42918332
1"
#42921596
0#
0!
0"
#42921604
1!
1#
#42927932
1"
#42931196
0#
0!
0"
#42931204
1!
1#
#42937532
1"
#42940796
0#
0!
0"
#42940804
1!
1#
#42947132
1"
#42950396
0#
0!
0"
#42950404
1!
1#
#42956732
1"
#42959996
0#
0!
0"
#42960004
1!
1#
#42966332
1"
#42969596
0#
0!
0"
#42969604
1!
1#
#42975932
1"
#42979196
0#
0!
0"
#42979204
1!
1#
#42985532
1"
#42988796
0#
0!
0"
#42988804
1!
1#
#42995132
1"
#42998396
0#
0!
0"
#42998404
1!
1#
#43004732
1"
#43007996
0#
0!
0"
#43008004
b1100011110 %
1!
1#
#43014388
1"
#43017596
0#
0!
0"
#43017604
1!
1#
#43023988
1"
#43027196
0#
0!
0"
#43027204
1!
1#
#43033588
1"
#43036796
0#
0!
0"
#43036804
1!
1#
#43043188
1"
#43046396
0#
0!
0"
#43046404
1!
1#
#43052788
1"
#43055996
0#
0!
0"
#43056004
1!
1#
#43062388
1"
#43065596
0#
0!
0"
#43065604
1!
1#
#43071988
1"
#43075196
0#
0!
0"
#43075204
1!
1#
#43081588
1"
#43084796
0#
0!
0"
#43084804
1!
1#
#43091188
1"
#43094396
0#
0!
0"
#43094404
1!
1#
#43100788
1"
#43103996
0#
0!
0"
#43104004
b1100100101 %
1!
1#
#43110444
1"
#43113596
0#
0!
0"
#43113604
1!
1#
#43120044
1"
#43123196
0#
0!
0"
#43123204
1!
1#
#43129644
1"
#43132796
0#
0!
0"
#43132804
1!
1#
#43139244
1"
#43142396
0#
0!
0"
#43142404
1!
1#
#43148844
1"
#43151996
0#
0!
0"
#43152004
1!
1#
#43158444
1"
#43161596
0#
0!
0"
#43161604
1!
1#
#43168044
1"
#43171196
0#
0!
0"
#43171204
1!
1#
#43177644
1"
#43180796
0#
0!
0"
#43180804
1!
1#
#43187244
1"
#43190396
0#
0!
0"
#43190404
1!
1#
#43196844
1"
#43199996
0#
0!
0"
#43200004
b1100101100 %
1!
1#
#43206500
1"
#43209596
0#
0!
0"
#43209604
1!
1#
#43216100
1"
#43219196
0#
0!
0"
#43219204
1!
1#
#43225700
1"
#43228796
0#
0!
0"
#43228804
1!
1#
#43235300
1"
#43238396
0#
0!
0"
#43238404
1!
1#
#43244900
1"
#43247996
0#
0!
0"
#43248004
1!
1#
#43254500
1"
#43257596
0#
0!
0"
#43257604
1!
1#
#43264100
1"
#43267196
0#
0!
0"
#43267204
1!
1#
#43273700
1"
#43276796
0#
0!
0"
#43276804
1!
1#
#43283300
1"
#43286396
0#
0!
0"
#43286404
1!
1#
#43292900
1"
#43295996
0#
0!
0"
#43296004
b1100110011 %
1!
1#
#43302556
1"
#43305596
0#
0!
0"
#43305604
1!
1#
#43312156
1"
#43315196
0#
0!
0"
#43315204
1!
1#
#43321756
1"
#43324796
0#
0!
0"
#43324804
1!
1#
#43331356
1"
#43334396
0#
0!
0"
#43334404
1!
1#
#43340956
1"
#43343996
0#
0!
0"
#43344004
1!
1#
#43350556
1"
#43353596
0#
0!
0"
#43353604
1!
1#
#43360156
1"
#43363196
0#
0!
0"
#43363204
1!
1#
#43369756
1"
#43372796
0#
0!
0"
#43372804
1!
1#
#43379356
1"
#43382396
0#
0!
0"
#43382404
1!
1#
#43388956
1"
#43391996
0#
0!
0"
#43392004
b1100111010 %
1!
1#
#43398612
1"
#43401596
0#
0!
0"
#43401604
1!
1#
#43408212
1"
#43411196
0#
0!
0"
#43411204
1!
1#
#43417812
1"
#43420796
0#
0!
0"
#43420804
1!
1#
#43427412
1"
#43430396
0#
0!
0"
#43430404
1!
1#
#43437012
1"
#43439996
0#
0!
0"
#43440004
1!
1#
#43446612
1"
#43449596
0#
0!
0"
#43449604
1!
1#
#43456212
1"
#43459196
0#
0!
0"
#43459204
1!
1#
#43465812
1"
#43468796
0#
0!
0"
#43468804
1!
1#
#43475412
1"
#43478396
0#
0!
0"
#43478404
1!
1#
#43485012
1"
#43487996
0#
0!
0"
#43488004
b1101000001 %
1!
1#
#43494668
1"
#43497596
0#
0!
0"
#43497604
1!
1#
#43504268
1"
#43507196
0#
0!
0"
#43507204
1!
1#
#43513868
1"
#43516796
0#
0!
0"
#43516804
1!
1#
#43523468
1"
#43526396
0#
0!
0"
#43526404
1!
1#
#43533068
1"
#43535996
0#
0!
0"
#43536004
1!
1#
#43542668
1"
#43545596
0#
0!
0"
#43545604
1!
1#
#43552268
1"
#43555196
0#
0!
0"
#43555204
1!
1#
#43561868
1"
#43564796
0#
0!
0"
#43564804
1!
1#
#43571468
1"
#43574396
0#
0!
0"
#43574404
1!
1#
#43581068
1"
#43583996
0#
0!
0"
#43584004
b1101001000 %
1!
1#
#43590724
1"
#43593596
0#
0!
0"
#43593604
1!
1#
#43600324
1"
#43603196
0#
0!
0"
#43603204
1!
1#
#43609924
1"
#43612796
0#
0!
0"
#43612804
1!
1#
#43619524
1"
#43622396
0#
0!
0"
#43622404
1!
1#
#43629124
1"
#43631996
0#
0!
0"
#43632004
1!
1#
#43638724
1"
#43641596
0#
0!
0"
#43641604
1!
1#
#43648324
1"
#43651196
0#
0!
0"
#43651204
1!
1#
#43657924
1"
#43660796
0#
0!
0"
#43660804
1!
1#
#43667524
1"
#43670396
0#
0!
0"
#43670404
1!
1#
#43677124
1"
#43679996
0#
0!
0"
#43680004
b1101001111 %
1!
1#
#43686780
1"
#43689596
0#
0!
0"
#43689604
1!
1#
#43696380
1"
#43699196
0#
0!
0"
#43699204
1!
1#
#43705980
1"
#43708796
0#
0!
0"
#43708804
1!
1#
#43715580
1"
#43718396
0#
0!
0"
#43718404
1!
1#
#43725180
1"
#43727996
0#
0!
0"
#43728004
1!
1#
#43734780
1"
#43737596
0#
0!
0"
#43737604
1!
1#
#43744380
1"
#43747196
0#
0!
0"
#43747204
1!
1#
#43753980
1"
#43756796
0#
0!
0"
#43756804
1!
1#
#43763580
1"
#43766396
0#
0!
0"
#43766404
1!
1#
#43773180
1"
#43775996
0#
0!
0"
#43776004
b1101010110 %
1!
1#
#43782836
1"
#43785596
0#
0!
0"
#43785604
1!
1#
#43792436
1"
#43795196
0#
0!
0"
#43795204
1!
1#
#43802036
1"
#43804796
0#
0!
0"
#43804804
1!
1#
#43811636
1"
#43814396
0#
0!
0"
#43814404
1!
1#
#43821236
1"
#43823996
0#
0!
0"
#43824004
1!
1#
#43830836
1"
#43833596
0#
0!
0"
#43833604
1!
1#
#43840436
1"
#43843196
0#
0!
0"
#43843204
1!
1#
#43850036
1"
#43852796
0#
0!
0"
#43852804
1!
1#
#43859636
1"
#43862396
0#
0!
0"
#43862404
1!
1#
#43869236
1"
#43871996
0#
0!
0"
#43872004
b1101011101 %
1!
1#
#43878892
1"
#43881596
0#
0!
0"
#43881604
1!
1#
#43888492
1"
#43891196
0#
0!
0"
#43891204
1!
1#
#43898092
1"
#43900796
0#
0!
0"
#43900804
1!
1#
#43907692
1"
#43910396
0#
0!
0"
#43910404
1!
1#
#43917292
1"
#43919996
0#
0!
0"
#43920004
1!
1#
#43926892
1"
#43929596
0#
0!
0"
#43929604
1!
1#
#43936492
1"
#43939196
0#
0!
0"
#43939204
1!
1#
#43946092
1"
#43948796
0#
0!
0"
#43948804
1!
1#
#43955692
1"
#43958396
0#
0!
0"
#43958404
1!
1#
#43965292
1"
#43967996
0#
0!
0"
#43968004
b1101100100 %
1!
1#
#43974948
1"
#43977596
0#
0!
0"
#43977604
1!
1#
#43984548
1"
#43987196
0#
0!
0"
#43987204
1!
1#
#43994148
1"
#43996796
0#
0!
0"
#43996804
1!
1#
#44003748
1"
#44006396
0#
0!
0"
#44006404
1!
1#
#44013348
1"
#44015996
0#
0!
0"
#44016004
1!
1#
#44022948
1"
#44025596
0#
0!
0"
#44025604
1!
1#
#44032548
1"
#44035196
0#
0!
0"
#44035204
1!
1#
#44042148
1"
#44044796
0#
0!
0"
#44044804
1!
1#
#44051748
1"
#44054396
0#
0!
0"
#44054404
1!
1#
#44061348
1"
#44063996
0#
0!
0"
#44064004
b1101101011 %
1!
1#
#44071004
1"
#44073596
0#
0!
0"
#44073604
1!
1#
#44080604
1"
#44083196
0#
0!
0"
#44083204
1!
1#
#44090204
1"
#44092796
0#
0!
0"
#44092804
1!
1#
#44099804
1"
#44102396
0#
0!
0"
#44102404
1!
1#
#44109404
1"
#44111996
0#
0!
0"
#44112004
1!
1#
#44119004
1"
#44121596
0#
0!
0"
#44121604
1!
1#
#44128604
1"
#44131196
0#
0!
0"
#44131204
1!
1#
#44138204
1"
#44140796
0#
0!
0"
#44140804
1!
1#
#44147804
1"
#44150396
0#
0!
0"
#44150404
1!
1#
#44157404
1"
#44159996
0#
0!
0"
#44160004
b1101110010 %
1!
1#
#44167060
1"
#44169596
0#
0!
0"
#44169604
1!
1#
#44176660
1"
#44179196
0#
0!
0"
#44179204
1!
1#
#44186260
1"
#44188796
0#
0!
0"
#44188804
1!
1#
#44195860
1"
#44198396
0#
0!
0"
#44198404
1!
1#
#44205460
1"
#44207996
0#
0!
0"
#44208004
1!
1#
#44215060
1"
#44217596
0#
0!
0"
#44217604
1!
1#
#44224660
1"
#44227196
0#
0!
0"
#44227204
1!
1#
#44234260
1"
#44236796
0#
0!
0"
#44236804
1!
1#
#44243860
1"
#44246396
0#
0!
0"
#44246404
1!
1#
#44253460
1"
#44255996
0#
0!
0"
#44256004
b1101111001 %
1!
1#
#44263116
1"
#44265596
0#
0!
0"
#44265604
1!
1#
#44272716
1"
#44275196
0#
0!
0"
#44275204
1!
1#
#44282316
1"
#44284796
0#
0!
0"
#44284804
1!
1#
#44291916
1"
#44294396
0#
0!
0"
#44294404
1!
1#
#44301516
1"
#44303996
0#
0!
0"
#44304004
1!
1#
#44311116
1"
#44313596
0#
0!
0"
#44313604
1!
1#
#44320716
1"
#44323196
0#
0!
0"
#44323204
1!
1#
#44330316
1"
#44332796
0#
0!
0"
#44332804
1!
1#
#44339916
1"
#44342396
0#
0!
0"
#44342404
1!
1#
#44349516
1"
#44351996
0#
0!
0"
#44352004
b1110000000 %
1!
1#
#44359172
1"
#44361596
0#
0!
0"
#44361604
1!
1#
#44368772
1"
#44371196
0#
0!
0"
#44371204
1!
1#
#44378372
1"
#44380796
0#
0!
0"
#44380804
1!
1#
#44387972
1"
#44390396
0#
0!
0"
#44390404
1!
1#
#44397572
1"
#44399996
0#
0!
0"
#44400004
1!
1#
#44407172
1"
#44409596
0#
0!
0"
#44409604
1!
1#
#44416772
1"
#44419196
0#
0!
0"
#44419204
1!
1#
#44426372
1"
#44428796
0#
0!
0"
#44428804
1!
1#
#44435972
1"
#44438396
0#
0!
0"
#44438404
1!
1#
#44445572
1"
#44447996
0#
0!
0"
#44448004
b1110000111 %
1!
1#
#44455228
1"
#44457596
0#
0!
0"
#44457604
1!
1#
#44464828
1"
#44467196
0#
0!
0"
#44467204
1!
1#
#44474428
1"
#44476796
0#
0!
0"
#44476804
1!
1#
#44484028
1"
#44486396
0#
0!
0"
#44486404
1!
1#
#44493628
1"
#44495996
0#
0!
0"
#44496004
1!
1#
#44503228
1"
#44505596
0#
0!
0"
#44505604
1!
1#
#44512828
1"
#44515196
0#
0!
0"
#44515204
1!
1#
#44522428
1"
#44524796
0#
0!
0"
#44524804
1!
1#
#44532028
1"
#44534396
0#
0!
0"
#44534404
1!
1#
#44541628
1"
#44543996
0#
0!
0"
#44544004
b1110001110 %
1!
1#
#44551284
1"
#44553596
0#
0!
0"
#44553604
1!
1#
#44560884
1"
#44563196
0#
0!
0"
#44563204
1!
1#
#44570484
1"
#44572796
0#
0!
0"
#44572804
1!
1#
#44580084
1"
#44582396
0#
0!
0"
#44582404
1!
1#
#44589684
1"
#44591996
0#
0!
0"
#44592004
1!
1#
#44599284
1"
#44601596
0#
0!
0"
#44601604
1!
1#
#44608884
1"
#44611196
0#
0!
0"
#44611204
1!
1#
#44618484
1"
#44620796
0#
0!
0"
#44620804
1!
1#
#44628084
1"
#44630396
0#
0!
0"
#44630404
1!
1#
#44637684
1"
#44639996
0#
0!
0"
#44640004
b1110010101 %
1!
1#
#44647340
1"
#44649596
0#
0!
0"
#44649604
1!
1#
#44656940
1"
#44659196
0#
0!
0"
#44659204
1!
1#
#44666540
1"
#44668796
0#
0!
0"
#44668804
1!
1#
#44676140
1"
#44678396
0#
0!
0"
#44678404
1!
1#
#44685740
1"
#44687996
0#
0!
0"
#44688004
1!
1#
#44695340
1"
#44697596
0#
0!
0"
#44697604
1!
1#
#44704940
1"
#44707196
0#
0!
0"
#44707204
1!
1#
#44714540
1"
#44716796
0#
0!
0"
#44716804
1!
1#
#44724140
1"
#44726396
0#
0!
0"
#44726404
1!
1#
#44733740
1"
#44735996
0#
0!
0"
#44736004
b1110011100 %
1!
1#
#44743396
1"
#44745596
0#
0!
0"
#44745604
1!
1#
#44752996
1"
#44755196
0#
0!
0"
#44755204
1!
1#
#44762596
1"
#44764796
0#
0!
0"
#44764804
1!
1#
#44772196
1"
#44774396
0#
0!
0"
#44774404
1!
1#
#44781796
1"
#44783996
0#
0!
0"
#44784004
1!
1#
#44791396
1"
#44793596
0#
0!
0"
#44793604
1!
1#
#44800996
1"
#44803196
0#
0!
0"
#44803204
1!
1#
#44810596
1"
#44812796
0#
0!
0"
#44812804
1!
1#
#44820196
1"
#44822396
0#
0!
0"
#44822404
1!
1#
#44829796
1"
#44831996
0#
0!
0"
#44832004
b1110100011 %
1!
1#
#44839452
1"
#44841596
0#
0!
0"
#44841604
1!
1#
#44849052
1"
#44851196
0#
0!
0"
#44851204
1!
1#
#44858652
1"
#44860796
0#
0!
0"
#44860804
1!
1#
#44868252
1"
#44870396
0#
0!
0"
#44870404
1!
1#
#44877852
1"
#44879996
0#
0!
0"
#44880004
1!
1#
#44887452
1"
#44889596
0#
0!
0"
#44889604
1!
1#
#44897052
1"
#44899196
0#
0!
0"
#44899204
1!
1#
#44906652
1"
#44908796
0#
0!
0"
#44908804
1!
1#
#44916252
1"
#44918396
0#
0!
0"
#44918404
1!
1#
#44925852
1"
#44927996
0#
0!
0"
#44928004
b1110101010 %
1!
1#
#44935508
1"
#44937596
0#
0!
0"
#44937604
1!
1#
#44945108
1"
#44947196
0#
0!
0"
#44947204
1!
1#
#44954708
1"
#44956796
0#
0!
0"
#44956804
1!
1#
#44964308
1"
#44966396
0#
0!
0"
#44966404
1!
1#
#44973908
1"
#44975996
0#
0!
0"
#44976004
1!
1#
#44983508
1"
#44985596
0#
0!
0"
#44985604
1!
1#
#44993108
1"
#44995196
0#
0!
0"
#44995204
1!
1#
#45002708
1"
#45004796
0#
0!
0"
#45004804
1!
1#
#45012308
1"
#45014396
0#
0!
0"
#45014404
1!
1#
#45021908
1"
#45023996
0#
0!
0"
#45024004
b1110110001 %
1!
1#
#45031564
1"
#45033596
0#
0!
0"
#45033604
1!
1#
#45041164
1"
#45043196
0#
0!
0"
#45043204
1!
1#
#45050764
1"
#45052796
0#
0!
0"
#45052804
1!
1#
#45060364
1"
#45062396
0#
0!
0"
#45062404
1!
1#
#45069964
1"
#45071996
0#
0!
0"
#45072004
1!
1#
#45079564
1"
#45081596
0#
0!
0"
#45081604
1!
1#
#45089164
1"
#45091196
0#
0!
0"
#45091204
1!
1#
#45098764
1"
#45100796
0#
0!
0"
#45100804
1!
1#
#45108364
1"
#45110396
0#
0!
0"
#45110404
1!
1#
#45117964
1"
#45119996
0#
0!
0"
#45120004
b1110111000 %
1!
1#
#45127620
1"
#45129596
0#
0!
0"
#45129604
1!
1#
#45137220
1"
#45139196
0#
0!
0"
#45139204
1!
1#
#45146820
1"
#45148796
0#
0!
0"
#45148804
1!
1#
#45156420
1"
#45158396
0#
0!
0"
#45158404
1!
1#
#45166020
1"
#45167996
0#
0!
0"
#45168004
1!
1#
#45175620
1"
#45177596
0#
0!
0"
#45177604
1!
1#
#45185220
1"
#45187196
0#
0!
0"
#45187204
1!
1#
#45194820
1"
#45196796
0#
0!
0"
#45196804
1!
1#
#45204420
1"
#45206396
0#
0!
0"
#45206404
1!
1#
#45214020
1"
#45215996
0#
0!
0"
#45216004
b1110111111 %
1!
1#
#45223676
1"
#45225596
0#
0!
0"
#45225604
1!
1#
#45233276
1"
#45235196
0#
0!
0"
#45235204
1!
1#
#45242876
1"
#45244796
0#
0!
0"
#45244804
1!
1#
#45252476
1"
#45254396
0#
0!
0"
#45254404
1!
1#
#45262076
1"
#45263996
0#
0!
0"
#45264004
1!
1#
#45271676
1"
#45273596
0#
0!
0"
#45273604
1!
1#
#45281276
1"
#45283196
0#
0!
0"
#45283204
1!
1#
#45290876
1"
#45292796
0#
0!
0"
#45292804
1!
1#
#45300476
1"
#45302396
0#
0!
0"
#45302404
1!
1#
#45310076
1"
#45311996
0#
0!
0"
#45312004
b1111000110 %
1!
1#
#45319732
1"
#45321596
0#
0!
0"
#45321604
1!
1#
#45329332
1"
#45331196
0#
0!
0"
#45331204
1!
1#
#45338932
1"
#45340796
0#
0!
0"
#45340804
1!
1#
#45348532
1"
#45350396
0#
0!
0"
#45350404
1!
1#
#45358132
1"
#45359996
0#
0!
0"
#45360004
1!
1#
#45367732
1"
#45369596
0#
0!
0"
#45369604
1!
1#
#45377332
1"
#45379196
0#
0!
0"
#45379204
1!
1#
#45386932
1"
#45388796
0#
0!
0"
#45388804
1!
1#
#45396532
1"
#45398396
0#
0!
0"
#45398404
1!
1#
#45406132
1"
#45407996
0#
0!
0"
#45408004
b1111001101 %
1!
1#
#45415788
1"
#45417596
0#
0!
0"
#45417604
1!
1#
#45425388
1"
#45427196
0#
0!
0"
#45427204
1!
1#
#45434988
1"
#45436796
0#
0!
0"
#45436804
1!
1#
#45444588
1"
#45446396
0#
0!
0"
#45446404
1!
1#
#45454188
1"
#45455996
0#
0!
0"
#45456004
1!
1#
#45463788
1"
#45465596
0#
0!
0"
#45465604
1!
1#
#45473388
1"
#45475196
0#
0!
0"
#45475204
1!
1#
#45482988
1"
#45484796
0#
0!
0"
#45484804
1!
1#
#45492588
1"
#45494396
0#
0!
0"
#45494404
1!
1#
#45502188
1"
#45503996
0#
0!
0"
#45504004
b1111010100 %
1!
1#
#45511844
1"
#45513596
0#
0!
0"
#45513604
1!
1#
#45521444
1"
#45523196
0#
0!
0"
#45523204
1!
1#
#45531044
1"
#45532796
0#
0!
0"
#45532804
1!
1#
#45540644
1"
#45542396
0#
0!
0"
#45542404
1!
1#
#45550244
1"
#45551996
0#
0!
0"
#45552004
1!
1#
#45559844
1"
#45561596
0#
0!
0"
#45561604
1!
1#
#45569444
1"
#45571196
0#
0!
0"
#45571204
1!
1#
#45579044
1"
#45580796
0#
0!
0"
#45580804
1!
1#
#45588644
1"
#45590396
0#
0!
0"
#45590404
1!
1#
#45598244
1"
#45599996
0#
0!
0"
#45600004
b1111011011 %
1!
1#
#45607900
1"
#45609596
0#
0!
0"
#45609604
1!
1#
#45617500
1"
#45619196
0#
0!
0"
#45619204
1!
1#
#45627100
1"
#45628796
0#
0!
0"
#45628804
1!
1#
#45636700
1"
#45638396
0#
0!
0"
#45638404
1!
1#
#45646300
1"
#45647996
0#
0!
0"
#45648004
1!
1#
#45655900
1"
#45657596
0#
0!
0"
#45657604
1!
1#
#45665500
1"
#45667196
0#
0!
0"
#45667204
1!
1#
#45675100
1"
#45676796
0#
0!
0"
#45676804
1!
1#
#45684700
1"
#45686396
0#
0!
0"
#45686404
1!
1#
#45694300
1"
#45695996
0#
0!
0"
#45696004
b1111100010 %
1!
1#
#45703956
1"
#45705596
0#
0!
0"
#45705604
1!
1#
#45713556
1"
#45715196
0#
0!
0"
#45715204
1!
1#
#45723156
1"
#45724796
0#
0!
0"
#45724804
1!
1#
#45732756
1"
#45734396
0#
0!
0"
#45734404
1!
1#
#45742356
1"
#45743996
0#
0!
0"
#45744004
1!
1#
#45751956
1"
#45753596
0#
0!
0"
#45753604
1!
1#
#45761556
1"
#45763196
0#
0!
0"
#45763204
1!
1#
#45771156
1"
#45772796
0#
0!
0"
#45772804
1!
1#
#45780756
1"
#45782396
0#
0!
0"
#45782404
1!
1#
#45790356
1"
#45791996
0#
0!
0"
#45792004
b1111101001 %
1!
1#
#45800012
1"
#45801596
0#
0!
0"
#45801604
1!
1#
#45809612
1"
#45811196
0#
0!
0"
#45811204
1!
1#
#45819212
1"
#45820796
0#
0!
0"
#45820804
1!
1#
#45828812
1"
#45830396
0#
0!
0"
#45830404
1!
1#
#45838412
1"
#45839996
0#
0!
0"
#45840004
1!
1#
#45848012
1"
#45849596
0#
0!
0"
#45849604
1!
1#
#45857612
1"
#45859196
0#
0!
0"
#45859204
1!
1#
#45867212
1"
#45868796
0#
0!
0"
#45868804
1!
1#
#45876812
1"
#45878396
0#
0!
0"
#45878404
1!
1#
#45886412
1"
#45887996
0#
0!
0"
#45888004
b1111110000 %
1!
1#
#45896068
1"
#45897596
0#
0!
0"
#45897604
1!
1#
#45905668
1"
#45907196
0#
0!
0"
#45907204
1!
1#
#45915268
1"
#45916796
0#
0!
0"
#45916804
1!
1#
#45924868
1"
#45926396
0#
0!
0"
#45926404
1!
1#
#45934468
1"
#45935996
0#
0!
0"
#45936004
1!
1#
#45944068
1"
#45945596
0#
0!
0"
#45945604
1!
1#
#45953668
1"
#45955196
0#
0!
0"
#45955204
1!
1#
#45963268
1"
#45964796
0#
0!
0"
#45964804
1!
1#
#45972868
1"
#45974396
0#
0!
0"
#45974404
1!
1#
#45982468
1"
#45983996
0#
0!
0"
#45984004
b1111110111 %
1!
1#
#45992124
1"
#45993596
0#
0!
0"
#45993604
1!
1#
#46001724
1"
#46003196
0#
0!
0"
#46003204
1!
1#
#46011324
1"
#46012796
0#
0!
0"
#46012804
1!
1#
#46020924
1"
#46022396
0#
0!
0"
#46022404
1!
1#
#46030524
1"
#46031996
0#
0!
0"
#46032004
1!
1#
#46040124
1"
#46041596
0#
0!
0"
#46041604
1!
1#
#46049724
1"
#46051196
0#
0!
0"
#46051204
1!
1#
#46059324
1"
#46060796
0#
0!
0"
#46060804
1!
1#
#46068924
1"
#46070396
0#
0!
0"
#46070404
1!
1#
#46078524
1"
#46079996
0#
0!
0"
#46080004
b1111111110 %
1!
1#
#46088180
1"
#46089596
0#
0!
0"
#46089604
1!
1#
#46097780
1"
#46099196
0#
0!
0"
#46099204
1!
1#
#46107380
1"
#46108796
0#
0!
0"
#46108804
1!
1#
#46116980
1"
#46118396
0#
0!
0"
#46118404
1!
1#
#46126580
1"
#46127996
0#
0!
0"
#46128004
1!
1#
#46136180
1"
#46137596
0#
0!
0"
#46137604
1!
1#
#46145780
1"
#46147196
0#
0!
0"
#46147204
1!
1#
#46155380
1"
#46156796
0#
0!
0"
#46156804
1!
1#
#46164980
1"
#46166396
0#
0!
0"
#46166404
1!
1#
#46174580
1"
#46175996
0#
0!
0"
#46176004
b10000000101 %
1!
1#
#46184236
1"
#46185596
0#
0!
0"
#46185604
1!
1#
#46193836
1"
#46195196
0#
0!
0"
#46195204
1!
1#
#46203436
1"
#46204796
0#
0!
0"
#46204804
1!
1#
#46213036
1"
#46214396
0#
0!
0"
#46214404
1!
1#
#46222636
1"
#46223996
0#
0!
0"
#46224004
1!
1#
#46232236
1"
#46233596
0#
0!
0"
#46233604
1!
1#
#46241836
1"
#46243196
0#
0!
0"
#46243204
1!
1#
#46251436
1"
#46252796
0#
0!
0"
#46252804
1!
1#
#46261036
1"
#46262396
0#
0!
0"
#46262404
1!
1#
#46270636
1"
#46271996
0#
0!
0"
#46272004
b10000001100 %
1!
1#
#46280292
1"
#46281596
0#
0!
0"
#46281604
1!
1#
#46289892
1"
#46291196
0#
0!
0"
#46291204
1!
1#
#46299492
1"
#46300796
0#
0!
0"
#46300804
1!
1#
#46309092
1"
#46310396
0#
0!
0"
#46310404
1!
1#
#46318692
1"
#46319996
0#
0!
0"
#46320004
1!
1#
#46328292
1"
#46329596
0#
0!
0"
#46329604
1!
1#
#46337892
1"
#46339196
0#
0!
0"
#46339204
1!
1#
#46347492
1"
#46348796
0#
0!
0"
#46348804
1!
1#
#46357092
1"
#46358396
0#
0!
0"
#46358404
1!
1#
#46366692
1"
#46367996
0#
0!
0"
#46368004
b10000010011 %
1!
1#
#46376348
1"
#46377596
0#
0!
0"
#46377604
1!
1#
#46385948
1"
#46387196
0#
0!
0"
#46387204
1!
1#
#46395548
1"
#46396796
0#
0!
0"
#46396804
1!
1#
#46405148
1"
#46406396
0#
0!
0"
#46406404
1!
1#
#46414748
1"
#46415996
0#
0!
0"
#46416004
1!
1#
#46424348
1"
#46425596
0#
0!
0"
#46425604
1!
1#
#46433948
1"
#46435196
0#
0!
0"
#46435204
1!
1#
#46443548
1"
#46444796
0#
0!
0"
#46444804
1!
1#
#46453148
1"
#46454396
0#
0!
0"
#46454404
1!
1#
#46462748
1"
#46463996
0#
0!
0"
#46464004
b10000011010 %
1!
1#
#46472404
1"
#46473596
0#
0!
0"
#46473604
1!
1#
#46482004
1"
#46483196
0#
0!
0"
#46483204
1!
1#
#46491604
1"
#46492796
0#
0!
0"
#46492804
1!
1#
#46501204
1"
#46502396
0#
0!
0"
#46502404
1!
1#
#46510804
1"
#46511996
0#
0!
0"
#46512004
1!
1#
#46520404
1"
#46521596
0#
0!
0"
#46521604
1!
1#
#46530004
1"
#46531196
0#
0!
0"
#46531204
1!
1#
#46539604
1"
#46540796
0#
0!
0"
#46540804
1!
1#
#46549204
1"
#46550396
0#
0!
0"
#46550404
1!
1#
#46558804
1"
#46559996
0#
0!
0"
#46560004
b10000100001 %
1!
1#
#46568460
1"
#46569596
0#
0!
0"
#46569604
1!
1#
#46578060
1"
#46579196
0#
0!
0"
#46579204
1!
1#
#46587660
1"
#46588796
0#
0!
0"
#46588804
1!
1#
#46597260
1"
#46598396
0#
0!
0"
#46598404
1!
1#
#46606860
1"
#46607996
0#
0!
0"
#46608004
1!
1#
#46616460
1"
#46617596
0#
0!
0"
#46617604
1!
1#
#46626060
1"
#46627196
0#
0!
0"
#46627204
1!
1#
#46635660
1"
#46636796
0#
0!
0"
#46636804
1!
1#
#46645260
1"
#46646396
0#
0!
0"
#46646404
1!
1#
#46654860
1"
#46655996
0#
0!
0"
#46656004
b10000101000 %
1!
1#
#46664516
1"
#46665596
0#
0!
0"
#46665604
1!
1#
#46674116
1"
#46675196
0#
0!
0"
#46675204
1!
1#
#46683716
1"
#46684796
0#
0!
0"
#46684804
1!
1#
#46693316
1"
#46694396
0#
0!
0"
#46694404
1!
1#
#46702916
1"
#46703996
0#
0!
0"
#46704004
1!
1#
#46712516
1"
#46713596
0#
0!
0"
#46713604
1!
1#
#46722116
1"
#46723196
0#
0!
0"
#46723204
1!
1#
#46731716
1"
#46732796
0#
0!
0"
#46732804
1!
1#
#46741316
1"
#46742396
0#
0!
0"
#46742404
1!
1#
#46750916
1"
#46751996
0#
0!
0"
#46752004
b10000101111 %
1!
1#
#46760572
1"
#46761596
0#
0!
0"
#46761604
1!
1#
#46770172
1"
#46771196
0#
0!
0"
#46771204
1!
1#
#46779772
1"
#46780796
0#
0!
0"
#46780804
1!
1#
#46789372
1"
#46790396
0#
0!
0"
#46790404
1!
1#
#46798972
1"
#46799996
0#
0!
0"
#46800004
1!
1#
#46808572
1"
#46809596
0#
0!
0"
#46809604
1!
1#
#46818172
1"
#46819196
0#
0!
0"
#46819204
1!
1#
#46827772
1"
#46828796
0#
0!
0"
#46828804
1!
1#
#46837372
1"
#46838396
0#
0!
0"
#46838404
1!
1#
#46846972
1"
#46847996
0#
0!
0"
#46848004
b10000110110 %
1!
1#
#46856628
1"
#46857596
0#
0!
0"
#46857604
1!
1#
#46866228
1"
#46867196
0#
0!
0"
#46867204
1!
1#
#46875828
1"
#46876796
0#
0!
0"
#46876804
1!
1#
#46885428
1"
#46886396
0#
0!
0"
#46886404
1!
1#
#46895028
1"
#46895996
0#
0!
0"
#46896004
1!
1#
#46904628
1"
#46905596
0#
0!
0"
#46905604
1!
1#
#46914228
1"
#46915196
0#
0!
0"
#46915204
1!
1#
#46923828
1"
#46924796
0#
0!
0"
#46924804
1!
1#
#46933428
1"
#46934396
0#
0!
0"
#46934404
1!
1#
#46943028
1"
#46943996
0#
0!
0"
#46944004
b10000111101 %
1!
1#
#46952684
1"
#46953596
0#
0!
0"
#46953604
1!
1#
#46962284
1"
#46963196
0#
0!
0"
#46963204
1!
1#
#46971884
1"
#46972796
0#
0!
0"
#46972804
1!
1#
#46981484
1"
#46982396
0#
0!
0"
#46982404
1!
1#
#46991084
1"
#46991996
0#
0!
0"
#46992004
1!
1#
#47000684
1"
#47001596
0#
0!
0"
#47001604
1!
1#
#47010284
1"
#47011196
0#
0!
0"
#47011204
1!
1#
#47019884
1"
#47020796
0#
0!
0"
#47020804
1!
1#
#47029484
1"
#47030396
0#
0!
0"
#47030404
1!
1#
#47039084
1"
#47039996
0#
0!
0"
#47040004
b10001000100 %
1!
1#
#47048740
1"
#47049596
0#
0!
0"
#47049604
1!
1#
#47058340
1"
#47059196
0#
0!
0"
#47059204
1!
1#
#47067940
1"
#47068796
0#
0!
0"
#47068804
1!
1#
#47077540
1"
#47078396
0#
0!
0"
#47078404
1!
1#
#47087140
1"
#47087996
0#
0!
0"
#47088004
1!
1#
#47096740
1"
#47097596
0#
0!
0"
#47097604
1!
1#
#47106340
1"
#47107196
0#
0!
0"
#47107204
1!
1#
#47115940
1"
#47116796
0#
0!
0"
#47116804
1!
1#
#47125540
1"
#47126396
0#
0!
0"
#47126404
1!
1#
#47135140
1"
#47135996
0#
0!
0"
#47136004
b10001001011 %
1!
1#
#47144796
1"
#47145596
0#
0!
0"
#47145604
1!
1#
#47154396
1"
#47155196
0#
0!
0"
#47155204
1!
1#
#47163996
1"
#47164796
0#
0!
0"
#47164804
1!
1#
#47173596
1"
#47174396
0#
0!
0"
#47174404
1!
1#
#47183196
1"
#47183996
0#
0!
0"
#47184004
1!
1#
#47192796
1"
#47193596
0#
0!
0"
#47193604
1!
1#
#47202396
1"
#47203196
0#
0!
0"
#47203204
1!
1#
#47211996
1"
#47212796
0#
0!
0"
#47212804
1!
1#
#47221596
1"
#47222396
0#
0!
0"
#47222404
1!
1#
#47231196
1"
#47231996
0#
0!
0"
#47232004
b10001010010 %
1!
1#
#47240852
1"
#47241596
0#
0!
0"
#47241604
1!
1#
#47250452
1"
#47251196
0#
0!
0"
#47251204
1!
1#
#47260052
1"
#47260796
0#
0!
0"
#47260804
1!
1#
#47269652
1"
#47270396
0#
0!
0"
#47270404
1!
1#
#47279252
1"
#47279996
0#
0!
0"
#47280004
1!
1#
#47288852
1"
#47289596
0#
0!
0"
#47289604
1!
1#
#47298452
1"
#47299196
0#
0!
0"
#47299204
1!
1#
#47308052
1"
#47308796
0#
0!
0"
#47308804
1!
1#
#47317652
1"
#47318396
0#
0!
0"
#47318404
1!
1#
#47327252
1"
#47327996
0#
0!
0"
#47328004
b10001011001 %
1!
1#
#47336908
1"
#47337596
0#
0!
0"
#47337604
1!
1#
#47346508
1"
#47347196
0#
0!
0"
#47347204
1!
1#
#47356108
1"
#47356796
0#
0!
0"
#47356804
1!
1#
#47365708
1"
#47366396
0#
0!
0"
#47366404
1!
1#
#47375308
1"
#47375996
0#
0!
0"
#47376004
1!
1#
#47384908
1"
#47385596
0#
0!
0"
#47385604
1!
1#
#47394508
1"
#47395196
0#
0!
0"
#47395204
1!
1#
#47404108
1"
#47404796
0#
0!
0"
#47404804
1!
1#
#47413708
1"
#47414396
0#
0!
0"
#47414404
1!
1#
#47423308
1"
#47423996
0#
0!
0"
#47424004
b10001100000 %
1!
1#
#47432964
1"
#47433596
0#
0!
0"
#47433604
1!
1#
#47442564
1"
#47443196
0#
0!
0"
#47443204
1!
1#
#47452164
1"
#47452796
0#
0!
0"
#47452804
1!
1#
#47461764
1"
#47462396
0#
0!
0"
#47462404
1!
1#
#47471364
1"
#47471996
0#
0!
0"
#47472004
1!
1#
#47480964
1"
#47481596
0#
0!
0"
#47481604
1!
1#
#47490564
1"
#47491196
0#
0!
0"
#47491204
1!
1#
#47500164
1"
#47500796
0#
0!
0"
#47500804
1!
1#
#47509764
1"
#47510396
0#
0!
0"
#47510404
1!
1#
#47519364
1"
#47519996
0#
0!
0"
#47520004
b10001100111 %
1!
1#
#47529020
1"
#47529596
0#
0!
0"
#47529604
1!
1#
#47538620
1"
#47539196
0#
0!
0"
#47539204
1!
1#
#47548220
1"
#47548796
0#
0!
0"
#47548804
1!
1#
#47557820
1"
#47558396
0#
0!
0"
#47558404
1!
1#
#47567420
1"
#47567996
0#
0!
0"
#47568004
1!
1#
#47577020
1"
#47577596
0#
0!
0"
#47577604
1!
1#
#47586620
1"
#47587196
0#
0!
0"
#47587204
1!
1#
#47596220
1"
#47596796
0#
0!
0"
#47596804
1!
1#
#47605820
1"
#47606396
0#
0!
0"
#47606404
1!
1#
#47615420
1"
#47615996
0#
0!
0"
#47616004
b10001101110 %
1!
1#
#47625076
1"
#47625596
0#
0!
0"
#47625604
1!
1#
#47634676
1"
#47635196
0#
0!
0"
#47635204
1!
1#
#47644276
1"
#47644796
0#
0!
0"
#47644804
1!
1#
#47653876
1"
#47654396
0#
0!
0"
#47654404
1!
1#
#47663476
1"
#47663996
0#
0!
0"
#47664004
1!
1#
#47673076
1"
#47673596
0#
0!
0"
#47673604
1!
1#
#47682676
1"
#47683196
0#
0!
0"
#47683204
1!
1#
#47692276
1"
#47692796
0#
0!
0"
#47692804
1!
1#
#47701876
1"
#47702396
0#
0!
0"
#47702404
1!
1#
#47711476
1"
#47711996
0#
0!
0"
#47712004
b10001110101 %
1!
1#
#47721132
1"
#47721596
0#
0!
0"
#47721604
1!
1#
#47730732
1"
#47731196
0#
0!
0"
#47731204
1!
1#
#47740332
1"
#47740796
0#
0!
0"
#47740804
1!
1#
#47749932
1"
#47750396
0#
0!
0"
#47750404
1!
1#
#47759532
1"
#47759996
0#
0!
0"
#47760004
1!
1#
#47769132
1"
#47769596
0#
0!
0"
#47769604
1!
1#
#47778732
1"
#47779196
0#
0!
0"
#47779204
1!
1#
#47788332
1"
#47788796
0#
0!
0"
#47788804
1!
1#
#47797932
1"
#47798396
0#
0!
0"
#47798404
1!
1#
#47807532
1"
#47807996
0#
0!
0"
#47808004
b10001111100 %
1!
1#
#47817188
1"
#47817596
0#
0!
0"
#47817604
1!
1#
#47826788
1"
#47827196
0#
0!
0"
#47827204
1!
1#
#47836388
1"
#47836796
0#
0!
0"
#47836804
1!
1#
#47845988
1"
#47846396
0#
0!
0"
#47846404
1!
1#
#47855588
1"
#47855996
0#
0!
0"
#47856004
1!
1#
#47865188
1"
#47865596
0#
0!
0"
#47865604
1!
1#
#47874788
1"
#47875196
0#
0!
0"
#47875204
1!
1#
#47884388
1"
#47884796
0#
0!
0"
#47884804
1!
1#
#47893988
1"
#47894396
0#
0!
0"
#47894404
1!
1#
#47903588
1"
#47903996
0#
0!
0"
#47904004
b10010000011 %
1!
1#
#47913244
1"
#47913596
0#
0!
0"
#47913604
1!
1#
#47922844
1"
#47923196
0#
0!
0"
#47923204
1!
1#
#47932444
1"
#47932796
0#
0!
0"
#47932804
1!
1#
#47942044
1"
#47942396
0#
0!
0"
#47942404
1!
1#
#47951644
1"
#47951996
0#
0!
0"
#47952004
1!
1#
#47961244
1"
#47961596
0#
0!
0"
#47961604
1!
1#
#47970844
1"
#47971196
0#
0!
0"
#47971204
1!
1#
#47980444
1"
#47980796
0#
0!
0"
#47980804
1!
1#
#47990044
1"
#47990396
0#
0!
0"
#47990404
1!
1#
#47999644
1"
#47999996
0#
0!
0"
#48000004
b10010001010 %
1!
1#
#48009300
1"
#48009596
0#
0!
0"
#48009604
1!
1#
#48018900
1"
#48019196
0#
0!
0"
#48019204
1!
1#
#48028500
1"
#48028796
0#
0!
0"
#48028804
1!
1#
#48038100
1"
#48038396
0#
0!
0"
#48038404
1!
1#
#48047700
1"
#48047996
0#
0!
0"
#48048004
1!
1#
#48057300
1"
#48057596
0#
0!
0"
#48057604
1!
1#
#48066900
1"
#48067196
0#
0!
0"
#48067204
1!
1#
#48076500
1"
#48076796
0#
0!
0"
#48076804
1!
1#
#48086100
1"
#48086396
0#
0!
0"
#48086404
1!
1#
#48095700
1"
#48095996
0#
0!
0"
#48096004
b10010010001 %
1!
1#
#48105356
1"
#48105596
0#
0!
0"
#48105604
1!
1#
#48114956
1"
#48115196
0#
0!
0"
#48115204
1!
1#
#48124556
1"
#48124796
0#
0!
0"
#48124804
1!
1#
#48134156
1"
#48134396
0#
0!
0"
#48134404
1!
1#
#48143756
1"
#48143996
0#
0!
0"
#48144004
1!
1#
#48153356
1"
#48153596
0#
0!
0"
#48153604
1!
1#
#48162956
1"
#48163196
0#
0!
0"
#48163204
1!
1#
#48172556
1"
#48172796
0#
0!
0"
#48172804
1!
1#
#48182156
1"
#48182396
0#
0!
0"
#48182404
1!
1#
#48191756
1"
#48191996
0#
0!
0"
#48192004
b10010110000 %
1!
1#
#48201596
0#
0!
#48201604
1!
1#
#48211196
0#
0!
#48211204
1!
1#
#48220796
0#
0!
#48220804
1!
1#
#48230396
0#
0!
#48230404
1!
1#
#48239996
0#
0!
#48240004
1!
1#
#48249596
0#
0!
#48249604
1!
1#
#48259196
0#
0!
#48259204
1!
1#
#48268796
0#
0!
#48268804
1!
1#
#48278396
0#
0!
#48278404
1!
1#
#48287996
0#
0!
#48288004
1!
1#
#48297596
0#
0!
#48297604
1!
1#
#48307196
0#
0!
#48307204
1!
1#
#48316796
0#
0!
#48316804
1!
1#
#48326396
0#
0!
#48326404
1!
1#
#48335996
0#
0!
#48336004
1!
1#
#48345596
0#
0!
#48345604
1!
1#
#48355196
0#
0!
#48355204
1!
1#
#48364796
0#
0!
#48364804
1!
1#
#48374396
0#
0!
#48374404
1!
1#
#48383996
0#
0!
#48384004
1!
1#
#48393596
0#
0!
#48393604
1!
1#
#48403196
0#
0!
#48403204
1!
1#
#48412796
0#
0!
#48412804
1!
1#
#48422396
0#
0!
#48422404
1!
1#
#48431996
0#
0!
#48432004
1!
1#
#48441596
0#
0!
#48441604
1!
1#
#48451196
0#
0!
#48451204
1!
1#
#48460796
0#
0!
#48460804
1!
1#
#48470396
0#
0!
#48470404
1!
1#
#48479996
0#
0!
#48480004
1!
1#
#48489596
0#
0!
#48489604
1!
1#
#48499196
0#
0!
#48499204
1!
1#
#48508796
0#
0!
#48508804
1!
1#
#48518396
0#
0!
#48518404
1!
1#
#48527996
0#
0!
#48528004
1!
1#
#48537596
0#
0!
#48537604
1!
1#
#48547196
0#
0!
#48547204
1!
1#
#48556796
0#
0!
#48556804
1!
1#
#48566396
0#
0!
#48566404
1!
1#
#48575996
0#
0!
#48576004
1!
1#
#48585596
0#
0!
#48585604
1!
1#
#48595196
0#
0!
#48595204
1!
1#
#48604796
0#
0!
#48604804
1!
1#
#48614396
0#
0!
#48614404
1!
1#
#48623996
0#
0!
#48624004
1!
1#
#48633596
0#
0!
#48633604
1!
1#
#48643196
0#
0!
#48643204
1!
1#
#48652796
0#
0!
#48652804
1!
1#
#48662396
0#
0!
#48662404
1!
1#
#48671996
0#
0!
#48672004
1!
1#
#48681596
0#
0!
#48681604
1!
1#
#48691196
0#
0!
#48691204
1!
1#
#48700796
0#
0!
#48700804
1!
1#
#48710396
0#
0!
#48710404
1!
1#
#48719996
0#
0!
#48720004
1!
1#
#48729596
0#
0!
#48729604
1!
1#
#48739196
0#
0!
#48739204
1!
1#
#48748796
0#
0!
#48748804
1!
1#
#48758396
0#
0!
#48758404
1!
1#
#48767996
0#
0!
#48768004
1!
1#
#48777596
0#
0!
#48777604
1!
1#
#48787196
0#
0!
#48787204
1!
1#
#48796796
0#
0!
#48796804
1!
1#
#48806396
0#
0!
#48806404
1!
1#
#48815996
0#
0!
#48816004
1!
1#
#48825596
0#
0!
#48825604
1!
1#
#48835196
0#
0!
#48835204
1!
1#
#48844796
0#
0!
#48844804
1!
1#
#48854396
0#
0!
#48854404
1!
1#
#48863996
0#
0!
#48864004
1!
1#
#48873596
0#
0!
#48873604
1!
1#
#48883196
0#
0!
#48883204
1!
1#
#48892796
0#
0!
#48892804
1!
1#
#48902396
0#
0!
#48902404
1!
1#
#48911996
0#
0!
#48912004
1!
1#
#48921596
0#
0!
#48921604
1!
1#
#48931196
0#
0!
#48931204
1!
1#
#48940796
0#
0!
#48940804
1!
1#
#48950396
0#
0!
#48950404
1!
1#
#48959996
0#
0!
#48960004
1!
1#
#48969596
0#
0!
#48969604
1!
1#
#48979196
0#
0!
#48979204
1!
1#
#48988796
0#
0!
#48988804
1!
1#
#48998396
0#
0!
#48998404
1!
1#
#49007996
0#
0!
#49008004
1!
1#
#49017596
0#
0!
#49017604
1!
1#
#49027196
0#
0!
#49027204
1!
1#
#49036796
0#
0!
#49036804
1!
1#
#49046396
0#
0!
#49046404
1!
1#
#49055996
0#
0!
#49056004
1!
1#
#49065596
0#
0!
#49065604
1!
1#
#49075196
0#
0!
#49075204
1!
1#
#49084796
0#
0!
#49084804
1!
1#
#49094396
0#
0!
#49094404
1!
1#
#49103996
0#
0!
#49104004
1!
1#
#49113596
0#
0!
#49113604
1!
1#
#49123196
0#
0!
#49123204
1!
1#
#49132796
0#
0!
#49132804
1!
1#
#49142396
0#
0!
#49142404
1!
1#
#49151996
0#
0!
#49152004
1!
1#
#49161596
0#
0!
#49161604
1!
1#
#49171196
0#
0!
#49171204
1!
1#
#49180796
0#
0!
#49180804
1!
1#
#49190396
0#
0!
#49190404
1!
1#
#49199996
0#
0!
#49200004
1!
1#
#49209596
0#
0!
#49209604
1!
1#
#49219196
0#
0!
#49219204
1!
1#
#49228796
0#
0!
#49228804
1!
1#
#49238396
0#
0!
#49238404
1!
1#
#49247996
0#
0!
#49248004
1!
1#
#49257596
0#
0!
#49257604
1!
1#
#49267196
0#
0!
#49267204
1!
1#
#49276796
0#
0!
#49276804
1!
1#
#49286396
0#
0!
#49286404
1!
1#
#49295996
0#
0!
#49296004
1!
1#
#49305596
0#
0!
#49305604
1!
1#
#49315196
0#
0!
#49315204
1!
1#
#49324796
0#
0!
#49324804
1!
1#
#49334396
0#
0!
#49334404
1!
1#
#49343996
0#
0!
#49344004
1!
1#
#49353596
0#
0!
#49353604
1!
1#
#49363196
0#
0!
#49363204
1!
1#
#49372796
0#
0!
#49372804
1!
1#
#49382396
0#
0!
#49382404
1!
1#
#49391996
0#
0!
#49392004
1!
1#
#49401596
0#
0!
#49401604
1!
1#
#49411196
0#
0!
#49411204
1!
1#
#49420796
0#
0!
#49420804
1!
1#
#49430396
0#
0!
#49430404
1!
1#
#49439996
0#
0!
#49440004
1!
1#
#49449596
0#
0!
#49449604
1!
1#
#49459196
0#
0!
#49459204
1!
1#
#49468796
0#
0!
#49468804
1!
1#
#49478396
0#
0!
#49478404
1!
1#
#49487996
0#
0!
#49488004
1!
1#
#49497596
0#
0!
#49497604
1!
1#
#49507196
0#
0!
#49507204
1!
1#
#49516796
0#
0!
#49516804
1!
1#
#49526396
0#
0!
#49526404
1!
1#
#49535996
0#
0!
#49536004
1!
1#
#49545596
0#
0!
#49545604
1!
1#
#49555196
0#
0!
#49555204
1!
1#
#49564796
0#
0!
#49564804
1!
1#
#49574396
0#
0!
#49574404
1!
1#
#49583996
0#
0!
#49584004
1!
1#
#49593596
0#
0!
#49593604
1!
1#
#49603196
0#
0!
#49603204
1!
1#
#49612796
0#
0!
#49612804
1!
1#
#49622396
0#
0!
#49622404
1!
1#
#49631996
0#
0!
#49632004
1!
1#
#49641596
0#
0!
#49641604
1!
1#
#49651196
0#
0!
#49651204
1!
1#
#49660796
0#
0!
#49660804
1!
1#
#49670396
0#
0!
#49670404
1!
1#
#49679996
0#
0!
#49680004
1!
1#
#49689596
0#
0!
#49689604
1!
1#
#49699196
0#
0!
#49699204
1!
1#
#49708796
0#
0!
#49708804
1!
1#
#49718396
0#
0!
#49718404
1!
1#
#49727996
0#
0!
#49728004
1!
1#
#49737596
0#
0!
#49737604
1!
1#
#49747196
0#
0!
#49747204
1!
1#
#49756796
0#
0!
#49756804
1!
1#
#49766396
0#
0!
#49766404
1!
1#
#49775996
0#
0!
#49776004
1!
1#
#49785596
0#
0!
#49785604
1!
1#
#49795196
0#
0!
#49795204
1!
1#
#49804796
0#
0!
#49804804
1!
1#
#49814396
0#
0!
#49814404
1!
1#
#49823996
0#
0!
#49824004
1!
1#
#49833596
0#
0!
#49833604
1!
1#
#49843196
0#
0!
#49843204
1!
1#
#49852796
0#
0!
#49852804
1!
1#
#49862396
0#
0!
#49862404
1!
1#
#49871996
0#
0!
#49872004
1!
1#
#49881596
0#
0!
#49881604
1!
1#
#49891196
0#
0!
#49891204
1!
1#
#49900796
0#
0!
#49900804
1!
1#
#49910396
0#
0!
#49910404
1!
1#
#49919996
0#
0!
#49920004
1!
1#
#49929596
0#
0!
#49929604
1!
1#
#49939196
0#
0!
#49939204
1!
1#
#49948796
0#
0!
#49948804
1!
1#
#49958396
0#
0!
#49958404
1!
1#
#49967996
0#
0!
#49968004
1!
1#
#49977596
0#
0!
#49977604
1!
1#
#49987196
0#
0!
#49987204
1!
1#
#49996796
0#
0!
#49996804
1!
1#
#50006396
0#
0!
#50006404
1!
1#
#50015996
0#
0!
#50016004
1!
1#
#50025596
0#
0!
#50025604
1!
1#
#50035196
0#
0!
#50035204
1!
1#
#50044796
0#
0!
#50044804
1!
1#
#50054396
0#
0!
#50054404
1!
1#
#50063996
0#
0!
#50064004
1!
1#
#50073596
0#
0!
#50073604
1!
1#
#50083196
0#
0!
#50083204
1!
1#
#50092796
0#
0!
#50092804
1!
1#
#50102396
0#
0!
#50102404
1!
1#
#50111996
0#
0!
#50112004
1!
1#
#50121596
0#
0!
#50121604
1!
1#
#50131196
0#
0!
#50131204
1!
1#
#50140796
0#
0!
#50140804
1!
1#
#50150396
0#
0!
#50150404
1!
1#
#50159996
0#
0!
#50160004
1!
1#
#50169596
0#
0!
#50169604
1!
1#
#50179196
0#
0!
#50179204
1!
1#
#50188796
0#
0!
#50188804
1!
1#
#50198396
0#
0!
#50198404
1!
1#
#50207996
0#
0!
#50208004
1!
1#
#50217596
0#
0!
#50217604
1!
1#
#50227196
0#
0!
#50227204
1!
1#
#50236796
0#
0!
#50236804
1!
1#
#50246396
0#
0!
#50246404
1!
1#
#50255996
0#
0!
#50256004
1!
1#
#50265596
0#
0!
#50265604
1!
1#
#50275196
0#
0!
#50275204
1!
1#
#50284796
0#
0!
#50284804
1!
1#
#50294396
0#
0!
#50294404
1!
1#
#50303996
0#
0!
#50304004
1!
1#
#50313596
0#
0!
#50313604
1!
1#
#50323196
0#
0!
#50323204
1!
1#
#50332796
0#
0!
#50332804
1!
1#
#50342396
0#
0!
#50342404
1!
1#
#50351996
0#
0!
#50352004
1!
1#
#50361596
0#
0!
#50361604
1!
1#
#50371196
0#
0!
#50371204
1!
1#
#50380796
0#
0!
#50380804
1!
1#
#50390396
0#
0!
#50390404
1!
1#
#50399996
0#
0!
#50400004
1!
1#
#50409596
0#
0!
#50409604
1!
1#
#50419196
0#
0!
#50419204
1!
1#
#50428796
0#
0!
#50428804
1!
1#
#50438396
0#
0!
#50438404
1!
1#
#50447996
0#
0!
#50448004
1!
1#
#50457596
0#
0!
#50457604
1!
1#
#50467196
0#
0!
#50467204
1!
1#
#50476796
0#
0!
#50476804
1!
1#
#50486396
0#
0!
#50486404
1!
1#
#50495996
0#
0!
#50496004
1!
1#
#50505596
0#
0!
#50505604
1!
1#
#50515196
0#
0!
#50515204
1!
1#
#50524796
0#
0!
#50524804
1!
1#
#50534396
0#
0!
#50534404
1!
1#
#50543996
0#
0!
#50544004
1!
1#
#50553596
0#
0!
#50553604
1!
1#
#50563196
0#
0!
#50563204
1!
1#
#50572796
0#
0!
#50572804
1!
1#
#50582396
0#
0!
#50582404
1!
1#
#50591996
0#
0!
#50592004
1!
1#
#50601596
0#
0!
#50601604
1!
1#
#50611196
0#
0!
#50611204
1!
1#
#50620796
0#
0!
#50620804
1!
1#
#50630396
0#
0!
#50630404
1!
1#
#50639996
0#
0!
#50640004
1!
1#
#50649596
0#
0!
#50649604
1!
1#
#50659196
0#
0!
#50659204
1!
1#
#50668796
0#
0!
#50668804
1!
1#
#50678396
0#
0!
#50678404
1!
1#
#50687996
0#
0!
#50688004
1!
1#
#50697596
0#
0!
#50697604
1!
1#
#50707196
0#
0!
#50707204
1!
1#
#50716796
0#
0!
#50716804
1!
1#
#50726396
0#
0!
#50726404
1!
1#
#50735996
0#
0!
#50736004
1!
1#
#50745596
0#
0!
#50745604
1!
1#
#50755196
0#
0!
#50755204
1!
1#
#50764796
0#
0!
#50764804
1!
1#
#50774396
0#
0!
#50774404
1!
1#
#50783996
0#
0!
#50784004
1!
1#
#50793596
0#
0!
#50793604
1!
1#
#50803196
0#
0!
#50803204
1!
1#
#50812796
0#
0!
#50812804
1!
1#
#50822396
0#
0!
#50822404
1!
1#
#50831996
0#
0!
#50832004
1!
1#
#50841596
0#
0!
#50841604
1!
1#
#50851196
0#
0!
#50851204
1!
1#
#50860796
0#
0!
#50860804
1!
1#
#50870396
0#
0!
#50870404
1!
1#
#50879996
0#
0!
#50880004
1!
1#
#50889596
0#
0!
#50889604
1!
1#
#50899196
0#
0!
#50899204
1!
1#
#50908796
0#
0!
#50908804
1!
1#
#50918396
0#
0!
#50918404
1!
1#
#50927996
0#
0!
#50928004
1!
1#
#50937596
0#
0!
#50937604
1!
1#
#50947196
0#
0!
#50947204
1!
1#
#50956796
0#
0!
#50956804
1!
1#
#50966396
0#
0!
#50966404
1!
1#
#50975996
0#
0!
#50976004
1!
1#
#50985596
0#
0!
#50985604
1!
1#
#50995196
0#
0!
#50995204
1!
1#
#51004796
0#
0!
#51004804
1!
1#
#51014396
0#
0!
#51014404
1!
1#
#51023996
0#
0!
#51024004
1!
1#
#51033596
0#
0!
#51033604
1!
1#
#51043196
0#
0!
#51043204
1!
1#
#51052796
0#
0!
#51052804
1!
1#
#51062396
0#
0!
#51062404
1!
1#
#51071996
0#
0!
#51072004
1!
1#
#51081596
0#
0!
#51081604
1!
1#
#51091196
0#
0!
#51091204
1!
1#
#51100796
0#
0!
#51100804
1!
1#
#51110396
0#
0!
#51110404
1!
1#
#51119996
0#
0!
#51120004
1!
1#
#51129596
0#
0!
#51129604
1!
1#
#51139196
0#
0!
#51139204
1!
1#
#51148796
0#
0!
#51148804
1!
1#
#51158396
0#
0!
#51158404
1!
1#
#51167996
0#
0!
#51168004
1!
1#
#51177596
0#
0!
#51177604
1!
1#
#51187196
0#
0!
#51187204
1!
1#
#51196796
0#
0!
#51196804
1!
1#
#51206396
0#
0!
#51206404
1!
1#
#51215996
0#
0!
#51216004
1!
1#
#51225596
0#
0!
#51225604
1!
1#
#51235196
0#
0!
#51235204
1!
1#
#51244796
0#
0!
#51244804
1!
1#
#51254396
0#
0!
#51254404
1!
1#
#51263996
0#
0!
#51264004
1!
1#
#51273596
0#
0!
#51273604
1!
1#
#51283196
0#
0!
#51283204
1!
1#
#51292796
0#
0!
#51292804
1!
1#
#51302396
0#
0!
#51302404
1!
1#
#51311996
0#
0!
#51312004
1!
1#
#51321596
0#
0!
#51321604
1!
1#
#51331196
0#
0!
#51331204
1!
1#
#51340796
0#
0!
#51340804
1!
1#
#51350396
0#
0!
#51350404
1!
1#
#51359996
0#
0!
#51360004
1!
1#
#51369596
0#
0!
#51369604
1!
1#
#51379196
0#
0!
#51379204
1!
1#
#51388796
0#
0!
#51388804
1!
1#
#51398396
0#
0!
#51398404
1!
1#
#51407996
0#
0!
#51408004
1!
1#
#51417596
0#
0!
#51417604
1!
1#
#51427196
0#
0!
#51427204
1!
1#
#51436796
0#
0!
#51436804
1!
1#
#51446396
0#
0!
#51446404
1!
1#
#51455996
0#
0!
#51456004
1!
1#
#51465596
0#
0!
#51465604
1!
1#
#51475196
0#
0!
#51475204
1!
1#
#51484796
0#
0!
#51484804
1!
1#
#51494396
0#
0!
#51494404
1!
1#
#51503996
0#
0!
#51504004
1!
1#
#51513596
0#
0!
#51513604
1!
1#
#51523196
0#
0!
#51523204
1!
1#
#51532796
0#
0!
#51532804
1!
1#
#51542396
0#
0!
#51542404
1!
1#
#51551996
0#
0!
#51552004
1!
1#
#51561596
0#
0!
#51561604
1!
1#
#51571196
0#
0!
#51571204
1!
1#
#51580796
0#
0!
#51580804
1!
1#
#51590396
0#
0!
#51590404
1!
1#
#51599996
0#
0!
#51600004
1!
1#
#51609596
0#
0!
#51609604
1!
1#
#51619196
0#
0!
#51619204
1!
1#
#51628796
0#
0!
#51628804
1!
1#
#51638396
0#
0!
#51638404
1!
1#
#51647996
0#
0!
#51648004
1!
1#
#51657596
0#
0!
#51657604
1!
1#
#51667196
0#
0!
#51667204
1!
1#
#51676796
0#
0!
#51676804
1!
1#
#51686396
0#
0!
#51686404
1!
1#
#51695996
0#
0!
#51696004
1!
1#
#51705596
0#
0!
#51705604
1!
1#
#51715196
0#
0!
#51715204
1!
1#
#51724796
0#
0!
#51724804
1!
1#
#51734396
0#
0!
#51734404
1!
1#
#51743996
0#
0!
#51744004
1!
1#
#51753596
0#
0!
#51753604
1!
1#
#51763196
0#
0!
#51763204
1!
1#
#51772796
0#
0!
#51772804
1!
1#
#51782396
0#
0!
#51782404
1!
1#
#51791996
0#
0!
#51792004
1!
1#
#51801596
0#
0!
#51801604
1!
1#
#51811196
0#
0!
#51811204
1!
1#
#51820796
0#
0!
#51820804
1!
1#
#51830396
0#
0!
#51830404
1!
1#
#51839996
0#
0!
#51840004
1!
1#
#51849596
0#
0!
#51849604
1!
1#
#51859196
0#
0!
#51859204
1!
1#
#51868796
0#
0!
#51868804
1!
1#
#51878396
0#
0!
#51878404
1!
1#
#51887996
0#
0!
#51888004
1!
1#
#51897596
0#
0!
#51897604
1!
1#
#51907196
0#
0!
#51907204
1!
1#
#51916796
0#
0!
#51916804
1!
1#
#51926396
0#
0!
#51926404
1!
1#
#51935996
0#
0!
#51936004
1!
1#
#51945596
0#
0!
#51945604
1!
1#
#51955196
0#
0!
#51955204
1!
1#
#51964796
0#
0!
#51964804
1!
1#
#51974396
0#
0!
#51974404
1!
1#
#51983996
0#
0!
#51984004
1!
1#
#51993596
0#
0!
#51993604
1!
1#
#52003196
0#
0!
#52003204
1!
1#
#52012796
0#
0!
#52012804
1!
1#
#52022396
0#
0!
#52022404
1!
1#
#52031996
0#
0!
#52032004
1!
1#
#52041596
0#
0!
#52041604
1!
1#
#52051196
0#
0!
#52051204
1!
1#
#52060796
0#
0!
#52060804
1!
1#
#52070396
0#
0!
#52070404
1!
1#
#52079996
0#
0!
#52080004
1!
1#
#52089596
0#
0!
#52089604
1!
1#
#52099196
0#
0!
#52099204
1!
1#
#52108796
0#
0!
#52108804
1!
1#
#52118396
0#
0!
#52118404
1!
1#
#52127996
0#
0!
#52128004
1!
1#
#52137596
0#
0!
#52137604
1!
1#
#52147196
0#
0!
#52147204
1!
1#
#52156796
0#
0!
#52156804
1!
1#
#52166396
0#
0!
#52166404
1!
1#
#52175996
0#
0!
#52176004
1!
1#
#52185596
0#
0!
#52185604
1!
1#
#52195196
0#
0!
#52195204
1!
1#
#52204796
0#
0!
#52204804
1!
1#
#52214396
0#
0!
#52214404
1!
1#
#52223996
0#
0!
#52224004
1!
1#
#52233596
0#
0!
#52233604
1!
1#
#52243196
0#
0!
#52243204
1!
1#
#52252796
0#
0!
#52252804
1!
1#
#52262396
0#
0!
#52262404
1!
1#
#52271996
0#
0!
#52272004
1!
1#
#52281596
0#
0!
#52281604
1!
1#
#52291196
0#
0!
#52291204
1!
1#
#52300796
0#
0!
#52300804
1!
1#
#52310396
0#
0!
#52310404
1!
1#
#52319996
0#
0!
#52320004
1!
1#
#52329596
0#
0!
#52329604
1!
1#
#52339196
0#
0!
#52339204
1!
1#
#52348796
0#
0!
#52348804
1!
1#
#52358396
0#
0!
#52358404
1!
1#
#52367996
0#
0!
#52368004
1!
1#
#52377596
0#
0!
#52377604
1!
1#
#52387196
0#
0!
#52387204
1!
1#
#52396796
0#
0!
#52396804
1!
1#
#52406396
0#
0!
#52406404
1!
1#
#52415996
0#
0!
#52416004
1!
1#
#52425596
0#
0!
#52425604
1!
1#
#52435196
0#
0!
#52435204
1!
1#
#52444796
0#
0!
#52444804
1!
1#
#52454396
0#
0!
#52454404
1!
1#
#52463996
0#
0!
#52464004
1!
1#
#52473596
0#
0!
#52473604
1!
1#
#52483196
0#
0!
#52483204
1!
1#
#52492796
0#
0!
#52492804
1!
1#
#52502396
0#
0!
#52502404
1!
1#
#52511996
0#
0!
#52512004
1!
1#
#52521596
0#
0!
#52521604
1!
1#
#52531196
0#
0!
#52531204
1!
1#
#52540796
0#
0!
#52540804
1!
1#
#52550396
0#
0!
#52550404
1!
1#
#52559996
0#
0!
#52560004
1!
1#
#52569596
0#
0!
#52569604
1!
1#
#52579196
0#
0!
#52579204
1!
1#
#52588796
0#
0!
#52588804
1!
1#
#52598396
0#
0!
#52598404
1!
1#
#52607996
0#
0!
#52608004
1!
1#
#52617596
0#
0!
#52617604
1!
1#
#52627196
0#
0!
#52627204
1!
1#
#52636796
0#
0!
#52636804
1!
1#
#52646396
0#
0!
#52646404
1!
1#
#52655996
0#
0!
#52656004
1!
1#
#52665596
0#
0!
#52665604
1!
1#
#52675196
0#
0!
#52675204
1!
1#
#52684796
0#
0!
#52684804
1!
1#
#52694396
0#
0!
#52694404
1!
1#
#52703996
0#
0!
#52704004
1!
1#
#52713596
0#
0!
#52713604
1!
1#
#52723196
0#
0!
#52723204
1!
1#
#52732796
0#
0!
#52732804
1!
1#
#52742396
0#
0!
#52742404
1!
1#
#52751996
0#
0!
#52752004
1!
1#
#52761596
0#
0!
#52761604
1!
1#
#52771196
0#
0!
#52771204
1!
1#
#52780796
0#
0!
#52780804
1!
1#
#52790396
0#
0!
#52790404
1!
1#
#52799996
0#
0!
#52800004
1!
1#
#52809596
0#
0!
#52809604
1!
1#
#52819196
0#
0!
#52819204
1!
1#
#52828796
0#
0!
#52828804
1!
1#
#52838396
0#
0!
#52838404
1!
1#
#52847996
0#
0!
#52848004
1!
1#
#52857596
0#
0!
#52857604
1!
1#
#52867196
0#
0!
#52867204
1!
1#
#52876796
0#
0!
#52876804
1!
1#
#52886396
0#
0!
#52886404
1!
1#
#52895996
0#
0!
#52896004
1!
1#
#52905596
0#
0!
#52905604
1!
1#
#52915196
0#
0!
#52915204
1!
1#
#52924796
0#
0!
#52924804
1!
1#
#52934396
0#
0!
#52934404
1!
1#
#52943996
0#
0!
#52944004
1!
1#
#52953596
0#
0!
#52953604
1!
1#
#52963196
0#
0!
#52963204
1!
1#
#52972796
0#
0!
#52972804
1!
1#
#52982396
0#
0!
#52982404
1!
1#
#52991996
0#
0!
#52992004
1!
1#
#53001596
0#
0!
#53001604
1!
1#
#53011196
0#
0!
#53011204
1!
1#
#53020796
0#
0!
#53020804
1!
1#
#53030396
0#
0!
#53030404
1!
1#
#53039996
0#
0!
#53040004
1!
1#
#53049596
0#
0!
#53049604
1!
1#
#53059196
0#
0!
#53059204
1!
1#
#53068796
0#
0!
#53068804
1!
1#
#53078396
0#
0!
#53078404
1!
1#
#53087996
0#
0!
#53088004
1!
1#
#53097596
0#
0!
#53097604
1!
1#
#53107196
0#
0!
#53107204
1!
1#
#53116796
0#
0!
#53116804
1!
1#
#53126396
0#
0!
#53126404
1!
1#
#53135996
0#
0!
#53136004
1!
1#
#53145596
0#
0!
#53145604
1!
1#
#53155196
0#
0!
#53155204
1!
1#
#53164796
0#
0!
#53164804
1!
1#
#53174396
0#
0!
#53174404
1!
1#
#53183996
0#
0!
#53184004
1!
1#
#53193596
0#
0!
#53193604
1!
1#
#53203196
0#
0!
#53203204
1!
1#
#53212796
0#
0!
#53212804
1!
1#
#53222396
0#
0!
#53222404
1!
1#
#53231996
0#
0!
#53232004
1!
1#
#53241596
0#
0!
#53241604
1!
1#
#53251196
0#
0!
#53251204
1!
1#
#53260796
0#
0!
#53260804
1!
1#
#53270396
0#
0!
#53270404
1!
1#
#53279996
0#
0!
#53280004
1!
1#
#53289596
0#
0!
#53289604
1!
1#
#53299196
0#
0!
#53299204
1!
1#
#53308796
0#
0!
#53308804
1!
1#
#53318396
0#
0!
#53318404
1!
1#
#53327996
0#
0!
#53328004
1!
1#
#53337596
0#
0!
#53337604
1!
1#
#53347196
0#
0!
#53347204
1!
1#
#53356796
0#
0!
#53356804
1!
1#
#53366396
0#
0!
#53366404
1!
1#
#53375996
0#
0!
#53376004
1!
1#
#53385596
0#
0!
#53385604
1!
1#
#53395196
0#
0!
#53395204
1!
1#
#53404796
0#
0!
#53404804
1!
1#
#53414396
0#
0!
#53414404
1!
1#
#53423996
0#
0!
#53424004
1!
1#
#53433596
0#
0!
#53433604
1!
1#
#53443196
0#
0!
#53443204
1!
1#
#53452796
0#
0!
#53452804
1!
1#
#53462396
0#
0!
#53462404
1!
1#
#53471996
0#
0!
#53472004
1!
1#
#53481596
0#
0!
#53481604
1!
1#
#53491196
0#
0!
#53491204
1!
1#
#53500796
0#
0!
#53500804
1!
1#
#53510396
0#
0!
#53510404
1!
1#
#53519996
0#
0!
#53520004
1!
1#
#53529596
0#
0!
#53529604
1!
1#
#53539196
0#
0!
#53539204
1!
1#
#53548796
0#
0!
#53548804
1!
1#
#53558396
0#
0!
#53558404
1!
1#
#53567996
0#
0!
#53568004
1!
1#
#53577596
0#
0!
#53577604
1!
1#
#53587196
0#
0!
#53587204
1!
1#
#53596796
0#
0!
#53596804
1!
1#
#53606396
0#
0!
#53606404
1!
1#
#53615996
0#
0!
#53616004
1!
1#
#53625596
0#
0!
#53625604
1!
1#
#53635196
0#
0!
#53635204
1!
1#
#53644796
0#
0!
#53644804
1!
1#
#53654396
0#
0!
#53654404
1!
1#
#53663996
0#
0!
#53664004
1!
1#
#53673596
0#
0!
#53673604
1!
1#
#53683196
0#
0!
#53683204
1!
1#
#53692796
0#
0!
#53692804
1!
1#
#53702396
0#
0!
#53702404
1!
1#
#53711996
0#
0!
#53712004
1!
1#
#53721596
0#
0!
#53721604
1!
1#
#53731196
0#
0!
#53731204
1!
1#
#53740796
0#
0!
#53740804
1!
1#
#53750396
0#
0!
#53750404
1!
1#
#53759996
0#
0!
#53760004
1!
1#
#53769596
0#
0!
#53769604
1!
1#
#53779196
0#
0!
#53779204
1!
1#
#53788796
0#
0!
#53788804
1!
1#
#53798396
0#
0!
#53798404
1!
1#
#53807996
0#
0!
#53808004
1!
1#
#53817596
0#
0!
#53817604
1!
1#
#53827196
0#
0!
#53827204
1!
1#
#53836796
0#
0!
#53836804
1!
1#
#53846396
0#
0!
#53846404
1!
1#
#53855996
0#
0!
#53856004
1!
1#
#53865596
0#
0!
#53865604
1!
1#
#53875196
0#
0!
#53875204
1!
1#
#53884796
0#
0!
#53884804
1!
1#
#53894396
0#
0!
#53894404
1!
1#
#53903996
0#
0!
#53904004
1!
1#
#53913596
0#
0!
#53913604
1!
1#
#53923196
0#
0!
#53923204
1!
1#
#53932796
0#
0!
#53932804
1!
1#
#53942396
0#
0!
#53942404
1!
1#
#53951996
0#
0!
#53952004
1!
1#
#53961596
0#
0!
#53961604
1!
1#
#53971196
0#
0!
#53971204
1!
1#
#53980796
0#
0!
#53980804
1!
1#
#53990396
0#
0!
#53990404
1!
1#
#53999996
0#
0!
#54000004
1!
1#
#54009596
0#
0!
#54009604
1!
1#
#54019196
0#
0!
#54019204
1!
1#
#54028796
0#
0!
#54028804
1!
1#
#54038396
0#
0!
#54038404
1!
1#
#54047996
0#
0!
#54048004
1!
1#
#54057596
0#
0!
#54057604
1!
1#
#54067196
0#
0!
#54067204
1!
1#
#54076796
0#
0!
#54076804
1!
1#
#54086396
0#
0!
#54086404
1!
1#
#54095996
0#
0!
#54096004
1!
1#
#54105596
0#
0!
#54105604
1!
1#
#54115196
0#
0!
#54115204
1!
1#
#54124796
0#
0!
#54124804
1!
1#
#54134396
0#
0!
#54134404
1!
1#
#54143996
0#
0!
#54144004
1!
1#
#54153596
0#
0!
#54153604
1!
1#
#54163196
0#
0!
#54163204
1!
1#
#54172796
0#
0!
#54172804
1!
1#
#54182396
0#
0!
#54182404
1!
1#
#54191996
0#
0!
#54192004
1!
1#
#54201596
0#
0!
#54201604
1!
1#
#54211196
0#
0!
#54211204
1!
1#
#54220796
0#
0!
#54220804
1!
1#
#54230396
0#
0!
#54230404
1!
1#
#54239996
0#
0!
#54240004
1!
1#
#54249596
0#
0!
#54249604
1!
1#
#54259196
0#
0!
#54259204
1!
1#
#54268796
0#
0!
#54268804
1!
1#
#54278396
0#
0!
#54278404
1!
1#
#54287996
0#
0!
#54288004
1!
1#
#54297596
0#
0!
#54297604
1!
1#
#54307196
0#
0!
#54307204
1!
1#
#54316796
0#
0!
#54316804
1!
1#
#54326396
0#
0!
#54326404
1!
1#
#54335996
0#
0!
#54336004
1!
1#
#54345596
0#
0!
#54345604
1!
1#
#54355196
0#
0!
#54355204
1!
1#
#54364796
0#
0!
#54364804
1!
1#
#54374396
0#
0!
#54374404
1!
1#
#54383996
0#
0!
#54384004
1!
1#
#54393596
0#
0!
#54393604
1!
1#
#54403196
0#
0!
#54403204
1!
1#
#54412796
0#
0!
#54412804
1!
1#
#54422396
0#
0!
#54422404
1!
1#
#54431996
0#
0!
#54432004
1!
1#
#54441596
0#
0!
#54441604
1!
1#
#54451196
0#
0!
#54451204
1!
1#
#54460796
0#
0!
#54460804
1!
1#
#54470396
0#
0!
#54470404
1!
1#
#54479996
0#
0!
#54480004
1!
1#
#54489596
0#
0!
#54489604
1!
1#
#54499196
0#
0!
#54499204
1!
1#
#54508796
0#
0!
#54508804
1!
1#
#54518396
0#
0!
#54518404
1!
1#
#54527996
0#
0!
#54528004
1!
1#
#54537596
0#
0!
#54537604
1!
1#
#54547196
0#
0!
#54547204
1!
1#
#54556796
0#
0!
#54556804
1!
1#
#54566396
0#
0!
#54566404
1!
1#
#54575996
0#
0!
#54576004
1!
1#
#54585596
0#
0!
#54585604
1!
1#
#54595196
0#
0!
#54595204
1!
1#
#54604796
0#
0!
#54604804
1!
1#
#54614396
0#
0!
#54614404
1!
1#
#54623996
0#
0!
#54624004
1!
1#
#54633596
0#
0!
#54633604
1!
1#
#54643196
0#
0!
#54643204
1!
1#
#54652796
0#
0!
#54652804
1!
1#
#54662396
0#
0!
#54662404
1!
1#
#54671996
0#
0!
#54672004
1!
1#
#54681596
0#
0!
#54681604
1!
1#
#54691196
0#
0!
#54691204
1!
1#
#54700796
0#
0!
#54700804
1!
1#
#54710396
0#
0!
#54710404
1!
1#
#54719996
0#
0!
#54720004
1!
1#
#54729596
0#
0!
#54729604
1!
1#
#54739196
0#
0!
#54739204
1!
1#
#54748796
0#
0!
#54748804
1!
1#
#54758396
0#
0!
#54758404
1!
1#
#54767996
0#
0!
#54768004
1!
1#
#54777596
0#
0!
#54777604
1!
1#
#54787196
0#
0!
#54787204
1!
1#
#54796796
0#
0!
#54796804
1!
1#
#54806396
0#
0!
#54806404
1!
1#
#54815996
0#
0!
#54816004
1!
1#
#54825596
0#
0!
#54825604
1!
1#
#54835196
0#
0!
#54835204
1!
1#
#54844796
0#
0!
#54844804
1!
1#
#54854396
0#
0!
#54854404
1!
1#
#54863996
0#
0!
#54864004
1!
1#
#54873596
0#
0!
#54873604
1!
1#
#54883196
0#
0!
#54883204
1!
1#
#54892796
0#
0!
#54892804
1!
1#
#54902396
0#
0!
#54902404
1!
1#
#54911996
0#
0!
#54912004
1!
1#
#54921596
0#
0!
#54921604
1!
1#
#54931196
0#
0!
#54931204
1!
1#
#54940796
0#
0!
#54940804
1!
1#
#54950396
0#
0!
#54950404
1!
1#
#54959996
0#
0!
#54960004
1!
1#
#54969596
0#
0!
#54969604
1!
1#
#54979196
0#
0!
#54979204
1!
1#
#54988796
0#
0!
#54988804
1!
1#
#54998396
0#
0!
#54998404
1!
1#
#55007996
0#
0!
#55008004
1!
1#
#55017596
0#
0!
#55017604
1!
1#
#55027196
0#
0!
#55027204
1!
1#
#55036796
0#
0!
#55036804
1!
1#
#55046396
0#
0!
#55046404
1!
1#
#55055996
0#
0!
#55056004
1!
1#
#55065596
0#
0!
#55065604
1!
1#
#55075196
0#
0!
#55075204
1!
1#
#55084796
0#
0!
#55084804
1!
1#
#55094396
0#
0!
#55094404
1!
1#
#55103996
0#
0!
#55104004
1!
1#
#55113596
0#
0!
#55113604
1!
1#
#55123196
0#
0!
#55123204
1!
1#
#55132796
0#
0!
#55132804
1!
1#
#55142396
0#
0!
#55142404
1!
1#
#55151996
0#
0!
#55152004
1!
1#
#55161596
0#
0!
#55161604
1!
1#
#55171196
0#
0!
#55171204
1!
1#
#55180796
0#
0!
#55180804
1!
1#
#55190396
0#
0!
#55190404
1!
1#
#55199996
0#
0!
#55200004
1!
1#
#55209596
0#
0!
#55209604
1!
1#
#55219196
0#
0!
#55219204
1!
1#
#55228796
0#
0!
#55228804
1!
1#
#55238396
0#
0!
#55238404
1!
1#
#55247996
0#
0!
#55248004
1!
1#
#55257596
0#
0!
#55257604
1!
1#
#55267196
0#
0!
#55267204
1!
1#
#55276796
0#
0!
#55276804
1!
1#
#55286396
0#
0!
#55286404
1!
1#
#55295996
0#
0!
#55296004
1!
1#
#55305596
0#
0!
#55305604
1!
1#
#55315196
0#
0!
#55315204
1!
1#
#55324796
0#
0!
#55324804
1!
1#
#55334396
0#
0!
#55334404
1!
1#
#55343996
0#
0!
#55344004
1!
1#
#55353596
0#
0!
#55353604
1!
1#
#55363196
0#
0!
#55363204
1!
1#
#55372796
0#
0!
#55372804
1!
1#
#55382396
0#
0!
#55382404
1!
1#
#55391996
0#
0!
#55392004
1!
1#
#55401596
0#
0!
#55401604
1!
1#
#55411196
0#
0!
#55411204
1!
1#
#55420796
0#
0!
#55420804
1!
1#
#55430396
0#
0!
#55430404
1!
1#
#55439996
0#
0!
#55440004
1!
1#
#55449596
0#
0!
#55449604
1!
1#
#55459196
0#
0!
#55459204
1!
1#
#55468796
0#
0!
#55468804
1!
1#
#55478396
0#
0!
#55478404
1!
1#
#55487996
0#
0!
#55488004
1!
1#
#55497596
0#
0!
#55497604
1!
1#
#55507196
0#
0!
#55507204
1!
1#
#55516796
0#
0!
#55516804
1!
1#
#55526396
0#
0!
#55526404
1!
1#
#55535996
0#
0!
#55536004
1!
1#
#55545596
0#
0!
#55545604
1!
1#
#55555196
0#
0!
#55555204
1!
1#
#55564796
0#
0!
#55564804
1!
1#
#55574396
0#
0!
#55574404
1!
1#
#55583996
0#
0!
#55584004
1!
1#
#55593596
0#
0!
#55593604
1!
1#
#55603196
0#
0!
#55603204
1!
1#
#55612796
0#
0!
#55612804
1!
1#
#55622396
0#
0!
#55622404
1!
1#
#55631996
0#
0!
#55632004
1!
1#
#55641596
0#
0!
#55641604
1!
1#
#55651196
0#
0!
#55651204
1!
1#
#55660796
0#
0!
#55660804
1!
1#
#55670396
0#
0!
#55670404
1!
1#
#55679996
0#
0!
#55680004
1!
1#
#55689596
0#
0!
#55689604
1!
1#
#55699196
0#
0!
#55699204
1!
1#
#55708796
0#
0!
#55708804
1!
1#
#55718396
0#
0!
#55718404
1!
1#
#55727996
0#
0!
#55728004
1!
1#
#55737596
0#
0!
#55737604
1!
1#
#55747196
0#
0!
#55747204
1!
1#
#55756796
0#
0!
#55756804
1!
1#
#55766396
0#
0!
#55766404
1!
1#
#55775996
0#
0!
#55776004
1!
1#
#55785596
0#
0!
#55785604
1!
1#
#55795196
0#
0!
#55795204
1!
1#
#55804796
0#
0!
#55804804
1!
1#
#55814396
0#
0!
#55814404
1!
1#
#55823996
0#
0!
#55824004
1!
1#
#55833596
0#
0!
#55833604
1!
1#
#55843196
0#
0!
#55843204
1!
1#
#55852796
0#
0!
#55852804
1!
1#
#55862396
0#
0!
#55862404
1!
1#
#55871996
0#
0!
#55872004
1!
1#
#55881596
0#
0!
#55881604
1!
1#
#55891196
0#
0!
#55891204
1!
1#
#55900796
0#
0!
#55900804
1!
1#
#55910396
0#
0!
#55910404
1!
1#
#55919996
0#
0!
#55920004
1!
1#
#55929596
0#
0!
#55929604
1!
1#
#55939196
0#
0!
#55939204
1!
1#
#55948796
0#
0!
#55948804
1!
1#
#55958396
0#
0!
#55958404
1!
1#
#55967996
0#
0!
#55968004
1!
1#
#55977596
0#
0!
#55977604
1!
1#
#55987196
0#
0!
#55987204
1!
1#
#55996796
0#
0!
#55996804
1!
1#
#56006396
0#
0!
#56006404
1!
1#
#56015996
0#
0!
#56016004
1!
1#
#56025596
0#
0!
#56025604
1!
1#
#56035196
0#
0!
#56035204
1!
1#
#56044796
0#
0!
#56044804
1!
1#
#56054396
0#
0!
#56054404
1!
1#
#56063996
0#
0!
#56064004
1!
1#
#56073596
0#
0!
#56073604
1!
1#
#56083196
0#
0!
#56083204
1!
1#
#56092796
0#
0!
#56092804
1!
1#
#56102396
0#
0!
#56102404
1!
1#
#56111996
0#
0!
#56112004
1!
1#
#56121596
0#
0!
#56121604
1!
1#
#56131196
0#
0!
#56131204
1!
1#
#56140796
0#
0!
#56140804
1!
1#
#56150396
0#
0!
#56150404
1!
1#
#56159996
0#
0!
#56160004
1!
1#
#56169596
0#
0!
#56169604
1!
1#
#56179196
0#
0!
#56179204
1!
1#
#56188796
0#
0!
#56188804
1!
1#
#56198396
0#
0!
#56198404
1!
1#
#56207996
0#
0!
#56208004
1!
1#
#56217596
0#
0!
#56217604
1!
1#
#56227196
0#
0!
#56227204
1!
1#
#56236796
0#
0!
#56236804
1!
1#
#56246396
0#
0!
#56246404
1!
1#
#56255996
0#
0!
#56256004
1!
1#
#56265596
0#
0!
#56265604
1!
1#
#56275196
0#
0!
#56275204
1!
1#
#56284796
0#
0!
#56284804
1!
1#
#56294396
0#
0!
#56294404
1!
1#
#56303996
0#
0!
#56304004
1!
1#
#56313596
0#
0!
#56313604
1!
1#
#56323196
0#
0!
#56323204
1!
1#
#56332796
0#
0!
#56332804
1!
1#
#56342396
0#
0!
#56342404
1!
1#
#56351996
0#
0!
#56352004
1!
1#
#56361596
0#
0!
#56361604
1!
1#
#56371196
0#
0!
#56371204
1!
1#
#56380796
0#
0!
#56380804
1!
1#
#56390396
0#
0!
#56390404
1!
1#
#56399996
0#
0!
#56400004
1!
1#
#56409596
0#
0!
#56409604
1!
1#
#56419196
0#
0!
#56419204
1!
1#
#56428796
0#
0!
#56428804
1!
1#
#56438396
0#
0!
#56438404
1!
1#
#56447996
0#
0!
#56448004
1!
1#
#56457596
0#
0!
#56457604
1!
1#
#56467196
0#
0!
#56467204
1!
1#
#56476796
0#
0!
#56476804
1!
1#
#56486396
0#
0!
#56486404
1!
1#
#56495996
0#
0!
#56496004
1!
1#
#56505596
0#
0!
#56505604
1!
1#
#56515196
0#
0!
#56515204
1!
1#
#56524796
0#
0!
#56524804
1!
1#
#56534396
0#
0!
#56534404
1!
1#
#56543996
0#
0!
#56544004
1!
1#
#56553596
0#
0!
#56553604
1!
1#
#56563196
0#
0!
#56563204
1!
1#
#56572796
0#
0!
#56572804
1!
1#
#56582396
0#
0!
#56582404
1!
1#
#56591996
0#
0!
#56592004
1!
1#
#56601596
0#
0!
#56601604
1!
1#
#56611196
0#
0!
#56611204
1!
1#
#56620796
0#
0!
#56620804
1!
1#
#56630396
0#
0!
#56630404
1!
1#
#56639996
0#
0!
#56640004
1!
1#
#56649596
0#
0!
#56649604
1!
1#
#56659196
0#
0!
#56659204
1!
1#
#56668796
0#
0!
#56668804
1!
1#
#56678396
0#
0!
#56678404
1!
1#
#56687996
0#
0!
#56688004
1!
1#
#56697596
0#
0!
#56697604
1!
1#
#56707196
0#
0!
#56707204
1!
1#
#56716796
0#
0!
#56716804
1!
1#
#56726396
0#
0!
#56726404
1!
1#
#56735996
0#
0!
#56736004
1!
1#
#56745596
0#
0!
#56745604
1!
1#
#56755196
0#
0!
#56755204
1!
1#
#56764796
0#
0!
#56764804
1!
1#
#56774396
0#
0!
#56774404
1!
1#
#56783996
0#
0!
#56784004
1!
1#
#56793596
0#
0!
#56793604
1!
1#
#56803196
0#
0!
#56803204
1!
1#
#56812796
0#
0!
#56812804
1!
1#
#56822396
0#
0!
#56822404
1!
1#
#56831996
0#
0!
#56832004
1!
1#
#56841596
0#
0!
#56841604
1!
1#
#56851196
0#
0!
#56851204
1!
1#
#56860796
0#
0!
#56860804
1!
1#
#56870396
0#
0!
#56870404
1!
1#
#56879996
0#
0!
#56880004
1!
1#
#56889596
0#
0!
#56889604
1!
1#
#56899196
0#
0!
#56899204
1!
1#
#56908796
0#
0!
#56908804
1!
1#
#56918396
0#
0!
#56918404
1!
1#
#56927996
0#
0!
#56928004
1!
1#
#56937596
0#
0!
#56937604
1!
1#
#56947196
0#
0!
#56947204
1!
1#
#56956796
0#
0!
#56956804
1!
1#
#56966396
0#
0!
#56966404
1!
1#
#56975996
0#
0!
#56976004
1!
1#
#56985596
0#
0!
#56985604
1!
1#
#56995196
0#
0!
#56995204
1!
1#
#57004796
0#
0!
#57004804
1!
1#
#57014396
0#
0!
#57014404
1!
1#
#57023996
0#
0!
#57024004
1!
1#
#57033596
0#
0!
#57033604
1!
1#
#57043196
0#
0!
#57043204
1!
1#
#57052796
0#
0!
#57052804
1!
1#
#57062396
0#
0!
#57062404
1!
1#
#57071996
0#
0!
#57072004
1!
1#
#57081596
0#
0!
#57081604
1!
1#
#57091196
0#
0!
#57091204
1!
1#
#57100796
0#
0!
#57100804
1!
1#
#57110396
0#
0!
#57110404
1!
1#
#57119996
0#
0!
#57120004
1!
1#
#57129596
0#
0!
#57129604
1!
1#
#57139196
0#
0!
#57139204
1!
1#
#57148796
0#
0!
#57148804
1!
1#
#57158396
0#
0!
#57158404
1!
1#
#57167996
0#
0!
#57168004
1!
1#
#57177596
0#
0!
#57177604
1!
1#
#57187196
0#
0!
#57187204
1!
1#
#57196796
0#
0!
#57196804
1!
1#
#57206396
0#
0!
#57206404
1!
1#
#57215996
0#
0!
#57216004
1!
1#
#57225596
0#
0!
#57225604
1!
1#
#57235196
0#
0!
#57235204
1!
1#
#57244796
0#
0!
#57244804
1!
1#
#57254396
0#
0!
#57254404
1!
1#
#57263996
0#
0!
#57264004
1!
1#
#57273596
0#
0!
#57273604
1!
1#
#57283196
0#
0!
#57283204
1!
1#
#57292796
0#
0!
#57292804
1!
1#
#57302396
0#
0!
#57302404
1!
1#
#57311996
0#
0!
#57312004
1!
1#
#57321596
0#
0!
#57321604
1!
1#
#57331196
0#
0!
#57331204
1!
1#
#57340796
0#
0!
#57340804
1!
1#
#57350396
0#
0!
#57350404
1!
1#
#57359996
0#
0!
#57360004
1!
1#
#57369596
0#
0!
#57369604
1!
1#
#57379196
0#
0!
#57379204
1!
1#
#57388796
0#
0!
#57388804
1!
1#
#57398396
0#
0!
#57398404
1!
1#
#57407996
0#
0!
#57408004
1!
1#
#57417596
0#
0!
#57417604
1!
1#
#57427196
0#
0!
#57427204
1!
1#
#57436796
0#
0!
#57436804
1!
1#
#57446396
0#
0!
#57446404
1!
1#
#57455996
0#
0!
#57456004
1!
1#
#57465596
0#
0!
#57465604
1!
1#
#57475196
0#
0!
#57475204
1!
1#
#57484796
0#
0!
#57484804
1!
1#
#57494396
0#
0!
#57494404
1!
1#
#57503996
0#
0!
#57504004
1!
1#
#57513596
0#
0!
#57513604
1!
1#
#57523196
0#
0!
#57523204
1!
1#
#57532796
0#
0!
#57532804
1!
1#
#57542396
0#
0!
#57542404
1!
1#
#57551996
0#
0!
#57552004
1!
1#
#57561596
0#
0!
#57561604
1!
1#
#57571196
0#
0!
#57571204
1!
1#
#57580796
0#
0!
#57580804
1!
1#
#57590396
0#
0!
#57590404
1!
1#
#57599996
0#
0!
#57600004
1!
1#
#57609596
0#
0!
#57609604
1!
1#
#57619196
0#
0!
#57619204
1!
1#
#57628796
0#
0!
#57628804
1!
1#
#57638396
0#
0!
#57638404
1!
1#
#57647996
0#
0!
#57648004
1!
1#
#57657596
0#
0!
#57657604
1!
1#
#57667196
0#
0!
#57667204
1!
1#
#57676796
0#
0!
#57676804
1!
1#
#57686396
0#
0!
#57686404
1!
1#
#57695996
0#
0!
#57696004
1!
1#
#57705596
0#
0!
#57705604
1!
1#
#57715196
0#
0!
#57715204
1!
1#
#57724796
0#
0!
#57724804
1!
1#
#57734396
0#
0!
#57734404
1!
1#
#57743996
0#
0!
#57744004
1!
1#
#57753596
0#
0!
#57753604
1!
1#
#57763196
0#
0!
#57763204
1!
1#
#57772796
0#
0!
#57772804
1!
1#
#57782396
0#
0!
#57782404
1!
1#
#57791996
0#
0!
#57792004
1!
1#
#57801596
0#
0!
#57801604
1!
1#
#57811196
0#
0!
#57811204
1!
1#
#57820796
0#
0!
#57820804
1!
1#
#57830396
0#
0!
#57830404
1!
1#
#57839996
0#
0!
#57840004
1!
1#
#57849596
0#
0!
#57849604
1!
1#
#57859196
0#
0!
#57859204
1!
1#
#57868796
0#
0!
#57868804
1!
1#
#57878396
0#
0!
#57878404
1!
1#
#57887996
0#
0!
#57888004
1!
1#
#57897596
0#
0!
#57897604
1!
1#
#57907196
0#
0!
#57907204
1!
1#
#57916796
0#
0!
#57916804
1!
1#
#57926396
0#
0!
#57926404
1!
1#
#57935996
0#
0!
#57936004
1!
1#
#57945596
0#
0!
#57945604
1!
1#
#57955196
0#
0!
#57955204
1!
1#
#57964796
0#
0!
#57964804
1!
1#
#57974396
0#
0!
#57974404
1!
1#
#57983996
0#
0!
#57984004
1!
1#
#57993596
0#
0!
#57993604
1!
1#
#58003196
0#
0!
#58003204
1!
1#
#58012796
0#
0!
#58012804
1!
1#
#58022396
0#
0!
#58022404
1!
1#
#58031996
0#
0!
#58032004
1!
1#
#58041596
0#
0!
#58041604
1!
1#
#58051196
0#
0!
#58051204
1!
1#
#58060796
0#
0!
#58060804
1!
1#
#58070396
0#
0!
#58070404
1!
1#
#58079996
0#
0!
#58080004
1!
1#
#58089596
0#
0!
#58089604
1!
1#
#58099196
0#
0!
#58099204
1!
1#
#58108796
0#
0!
#58108804
1!
1#
#58118396
0#
0!
#58118404
1!
1#
#58127996
0#
0!
#58128004
1!
1#
#58137596
0#
0!
#58137604
1!
1#
#58147196
0#
0!
#58147204
1!
1#
#58156796
0#
0!
#58156804
1!
1#
#58166396
0#
0!
#58166404
1!
1#
#58175996
0#
0!
#58176004
1!
1#
#58185596
0#
0!
#58185604
1!
1#
#58195196
0#
0!
#58195204
1!
1#
#58204796
0#
0!
#58204804
1!
1#
#58214396
0#
0!
#58214404
1!
1#
#58223996
0#
0!
#58224004
1!
1#
#58233596
0#
0!
#58233604
1!
1#
#58243196
0#
0!
#58243204
1!
1#
#58252796
0#
0!
#58252804
1!
1#
#58262396
0#
0!
#58262404
1!
1#
#58271996
0#
0!
#58272004
1!
1#
#58281596
0#
0!
#58281604
1!
1#
#58291196
0#
0!
#58291204
1!
1#
#58300796
0#
0!
#58300804
1!
1#
#58310396
0#
0!
#58310404
1!
1#
#58319996
0#
0!
#58320004
1!
1#
#58329596
0#
0!
#58329604
1!
1#
#58339196
0#
0!
#58339204
1!
1#
#58348796
0#
0!
#58348804
1!
1#
#58358396
0#
0!
#58358404
1!
1#
#58367996
0#
0!
#58368004
1!
1#
#58377596
0#
0!
#58377604
1!
1#
#58387196
0#
0!
#58387204
1!
1#
#58396796
0#
0!
#58396804
1!
1#
#58406396
0#
0!
#58406404
1!
1#
#58415996
0#
0!
#58416004
1!
1#
#58425596
0#
0!
#58425604
1!
1#
#58435196
0#
0!
#58435204
1!
1#
#58444796
0#
0!
#58444804
1!
1#
#58454396
0#
0!
#58454404
1!
1#
#58463996
0#
0!
#58464004
1!
1#
#58473596
0#
0!
#58473604
1!
1#
#58483196
0#
0!
#58483204
1!
1#
#58492796
0#
0!
#58492804
1!
1#
#58502396
0#
0!
#58502404
1!
1#
#58511996
0#
0!
#58512004
1!
1#
#58521596
0#
0!
#58521604
1!
1#
#58531196
0#
0!
#58531204
1!
1#
#58540796
0#
0!
#58540804
1!
1#
#58550396
0#
0!
#58550404
1!
1#
#58559996
0#
0!
#58560004
1!
1#
#58569596
0#
0!
#58569604
1!
1#
#58579196
0#
0!
#58579204
1!
1#
#58588796
0#
0!
#58588804
1!
1#
#58598396
0#
0!
#58598404
1!
1#
#58607996
0#
0!
#58608004
1!
1#
#58617596
0#
0!
#58617604
1!
1#
#58627196
0#
0!
#58627204
1!
1#
#58636796
0#
0!
#58636804
1!
1#
#58646396
0#
0!
#58646404
1!
1#
#58655996
0#
0!
#58656004
1!
1#
#58665596
0#
0!
#58665604
1!
1#
#58675196
0#
0!
#58675204
1!
1#
#58684796
0#
0!
#58684804
1!
1#
#58694396
0#
0!
#58694404
1!
1#
#58703996
0#
0!
#58704004
1!
1#
#58713596
0#
0!
#58713604
1!
1#
#58723196
0#
0!
#58723204
1!
1#
#58732796
0#
0!
#58732804
1!
1#
#58742396
0#
0!
#58742404
1!
1#
#58751996
0#
0!
#58752004
1!
1#
#58761596
0#
0!
#58761604
1!
1#
#58771196
0#
0!
#58771204
1!
1#
#58780796
0#
0!
#58780804
1!
1#
#58790396
0#
0!
#58790404
1!
1#
#58799996
0#
0!
#58800004
1!
1#
#58809596
0#
0!
#58809604
1!
1#
#58819196
0#
0!
#58819204
1!
1#
#58828796
0#
0!
#58828804
1!
1#
#58838396
0#
0!
#58838404
1!
1#
#58847996
0#
0!
#58848004
1!
1#
#58857596
0#
0!
#58857604
1!
1#
#58867196
0#
0!
#58867204
1!
1#
#58876796
0#
0!
#58876804
1!
1#
#58886396
0#
0!
#58886404
1!
1#
#58895996
0#
0!
#58896004
1!
1#
#58905596
0#
0!
#58905604
1!
1#
#58915196
0#
0!
#58915204
1!
1#
#58924796
0#
0!
#58924804
1!
1#
#58934396
0#
0!
#58934404
1!
1#
#58943996
0#
0!
#58944004
1!
1#
#58953596
0#
0!
#58953604
1!
1#
#58963196
0#
0!
#58963204
1!
1#
#58972796
0#
0!
#58972804
1!
1#
#58982396
0#
0!
#58982404
1!
1#
#58991996
0#
0!
#58992004
1!
1#
#59001596
0#
0!
#59001604
1!
1#
#59011196
0#
0!
#59011204
1!
1#
#59020796
0#
0!
#59020804
1!
1#
#59030396
0#
0!
#59030404
1!
1#
#59039996
0#
0!
#59040004
1!
1#
#59049596
0#
0!
#59049604
1!
1#
#59059196
0#
0!
#59059204
1!
1#
#59068796
0#
0!
#59068804
1!
1#
#59078396
0#
0!
#59078404
1!
1#
#59087996
0#
0!
#59088004
1!
1#
#59097596
0#
0!
#59097604
1!
1#
#59107196
0#
0!
#59107204
1!
1#
#59116796
0#
0!
#59116804
1!
1#
#59126396
0#
0!
#59126404
1!
1#
#59135996
0#
0!
#59136004
1!
1#
#59145596
0#
0!
#59145604
1!
1#
#59155196
0#
0!
#59155204
1!
1#
#59164796
0#
0!
#59164804
1!
1#
#59174396
0#
0!
#59174404
1!
1#
#59183996
0#
0!
#59184004
1!
1#
#59193596
0#
0!
#59193604
1!
1#
#59203196
0#
0!
#59203204
1!
1#
#59212796
0#
0!
#59212804
1!
1#
#59222396
0#
0!
#59222404
1!
1#
#59231996
0#
0!
#59232004
1!
1#
#59241596
0#
0!
#59241604
1!
1#
#59251196
0#
0!
#59251204
1!
1#
#59260796
0#
0!
#59260804
1!
1#
#59270396
0#
0!
#59270404
1!
1#
#59279996
0#
0!
#59280004
1!
1#
#59289596
0#
0!
#59289604
1!
1#
#59299196
0#
0!
#59299204
1!
1#
#59308796
0#
0!
#59308804
1!
1#
#59318396
0#
0!
#59318404
1!
1#
#59327996
0#
0!
#59328004
1!
1#
#59337596
0#
0!
#59337604
1!
1#
#59347196
0#
0!
#59347204
1!
1#
#59356796
0#
0!
#59356804
1!
1#
#59366396
0#
0!
#59366404
1!
1#
#59375996
0#
0!
#59376004
1!
1#
#59385596
0#
0!
#59385604
1!
1#
#59395196
0#
0!
#59395204
1!
1#
#59404796
0#
0!
#59404804
1!
1#
#59414396
0#
0!
#59414404
1!
1#
#59423996
0#
0!
#59424004
1!
1#
#59433596
0#
0!
#59433604
1!
1#
#59443196
0#
0!
#59443204
1!
1#
#59452796
0#
0!
#59452804
1!
1#
#59462396
0#
0!
#59462404
1!
1#
#59471996
0#
0!
#59472004
1!
1#
#59481596
0#
0!
#59481604
1!
1#
#59491196
0#
0!
#59491204
1!
1#
#59500796
0#
0!
#59500804
1!
1#
#59510396
0#
0!
#59510404
1!
1#
#59519996
0#
0!
#59520004
1!
1#
#59529596
0#
0!
#59529604
1!
1#
#59539196
0#
0!
#59539204
1!
1#
#59548796
0#
0!
#59548804
1!
1#
#59558396
0#
0!
#59558404
1!
1#
#59567996
0#
0!
#59568004
1!
1#
#59577596
0#
0!
#59577604
1!
1#
#59587196
0#
0!
#59587204
1!
1#
#59596796
0#
0!
#59596804
1!
1#
#59606396
0#
0!
#59606404
1!
1#
#59615996
0#
0!
#59616004
1!
1#
#59625596
0#
0!
#59625604
1!
1#
#59635196
0#
0!
#59635204
1!
1#
#59644796
0#
0!
#59644804
1!
1#
#59654396
0#
0!
#59654404
1!
1#
#59663996
0#
0!
#59664004
1!
1#
#59673596
0#
0!
#59673604
1!
1#
#59683196
0#
0!
#59683204
1!
1#
#59692796
0#
0!
#59692804
1!
1#
#59702396
0#
0!
#59702404
1!
1#
#59711996
0#
0!
#59712004
1!
1#
#59721596
0#
0!
#59721604
1!
1#
#59731196
0#
0!
#59731204
1!
1#
#59740796
0#
0!
#59740804
1!
1#
#59750396
0#
0!
#59750404
1!
1#
#59759996
0#
0!
#59760004
1!
1#
#59769596
0#
0!
#59769604
1!
1#
#59779196
0#
0!
#59779204
1!
1#
#59788796
0#
0!
#59788804
1!
1#
#59798396
0#
0!
#59798404
1!
1#
#59807996
0#
0!
#59808004
1!
1#
#59817596
0#
0!
#59817604
1!
1#
#59827196
0#
0!
#59827204
1!
1#
#59836796
0#
0!
#59836804
1!
1#
#59846396
0#
0!
#59846404
1!
1#
#59855996
0#
0!
#59856004
1!
1#
#59865596
0#
0!
#59865604
1!
1#
#59875196
0#
0!
#59875204
1!
1#
#59884796
0#
0!
#59884804
1!
1#
#59894396
0#
0!
#59894404
1!
1#
#59903996
0#
0!
#59904004
1!
1#
#59913596
0#
0!
#59913604
1!
1#
#59923196
0#
0!
#59923204
1!
1#
#59932796
0#
0!
#59932804
1!
1#
#59942396
0#
0!
#59942404
1!
1#
#59951996
0#
0!
#59952004
1!
1#
#59961596
0#
0!
#59961604
1!
1#
#59971196
0#
0!
#59971204
1!
1#
#59980796
0#
0!
#59980804
1!
1#
#59990396
0#
0!
#59990404
1!
1#
#59999996
0#
0!
#60000004
1!
1#
#60009596
0#
0!
#60009604
1!
1#
#60019196
0#
0!
#60019204
1!
1#
#60028796
0#
0!
#60028804
1!
1#
#60038396
0#
0!
#60038404
1!
1#
#60047996
0#
0!
#60048004
1!
1#
#60057596
0#
0!
#60057604
1!
1#
#60067196
0#
0!
#60067204
1!
1#
#60076796
0#
0!
#60076804
1!
1#
#60086396
0#
0!
#60086404
1!
1#
#60095996
0#
0!
#60096004
1!
1#
#60105596
0#
0!
#60105604
1!
1#
#60115196
0#
0!
#60115204
1!
1#
#60124796
0#
0!
#60124804
1!
1#
#60134396
0#
0!
#60134404
1!
1#
#60143996
0#
0!
#60144004
1!
1#
#60153596
0#
0!
#60153604
1!
1#
#60163196
0#
0!
#60163204
1!
1#
#60172796
0#
0!
#60172804
1!
1#
#60182396
0#
0!
#60182404
1!
1#
#60191996
0#
0!
#60192004
1!
1#
#60201596
0#
0!
#60201604
1!
1#
#60211196
0#
0!
#60211204
1!
1#
#60220796
0#
0!
#60220804
1!
1#
#60230396
0#
0!
#60230404
1!
1#
#60239996
0#
0!
#60240004
1!
1#
#60249596
0#
0!
#60249604
1!
1#
#60259196
0#
0!
#60259204
1!
1#
#60268796
0#
0!
#60268804
1!
1#
#60278396
0#
0!
#60278404
1!
1#
#60287996
0#
0!
#60288004
1!
1#
#60297596
0#
0!
#60297604
1!
1#
#60307196
0#
0!
#60307204
1!
1#
#60316796
0#
0!
#60316804
1!
1#
#60326396
0#
0!
#60326404
1!
1#
#60335996
0#
0!
#60336004
1!
1#
#60345596
0#
0!
#60345604
1!
1#
#60355196
0#
0!
#60355204
1!
1#
#60364796
0#
0!
#60364804
1!
1#
#60374396
0#
0!
#60374404
1!
1#
#60383996
0#
0!
#60384004
1!
1#
#60393596
0#
0!
#60393604
1!
1#
#60403196
0#
0!
#60403204
1!
1#
#60412796
0#
0!
#60412804
1!
1#
#60422396
0#
0!
#60422404
1!
1#
#60431996
0#
0!
#60432004
1!
1#
#60441596
0#
0!
#60441604
1!
1#
#60451196
0#
0!
#60451204
1!
1#
#60460796
0#
0!
#60460804
1!
1#
#60470396
0#
0!
#60470404
1!
1#
#60479996
0#
0!
#60480004
1!
1#
#60489596
0#
0!
#60489604
1!
1#
#60499196
0#
0!
#60499204
1!
1#
#60508796
0#
0!
#60508804
1!
1#
#60518396
0#
0!
#60518404
1!
1#
#60527996
0#
0!
#60528004
1!
1#
#60537596
0#
0!
#60537604
1!
1#
#60547196
0#
0!
#60547204
1!
1#
#60556796
0#
0!
#60556804
1!
1#
#60566396
0#
0!
#60566404
1!
1#
#60575996
0#
0!
#60576004
1!
1#
#60585596
0#
0!
#60585604
1!
1#
#60595196
0#
0!
#60595204
1!
1#
#60604796
0#
0!
#60604804
1!
1#
#60614396
0#
0!
#60614404
1!
1#
#60623996
0#
0!
#60624004
1!
1#
#60633596
0#
0!
#60633604
1!
1#
#60643196
0#
0!
#60643204
1!
1#
#60652796
0#
0!
#60652804
1!
1#
#60662396
0#
0!
#60662404
1!
1#
#60671996
0#
0!
#60672004
1!
1#
#60681596
0#
0!
#60681604
1!
1#
#60691196
0#
0!
#60691204
1!
1#
#60700796
0#
0!
#60700804
1!
1#
#60710396
0#
0!
#60710404
1!
1#
#60719996
0#
0!
#60720004
1!
1#
#60729596
0#
0!
#60729604
1!
1#
#60739196
0#
0!
#60739204
1!
1#
#60748796
0#
0!
#60748804
1!
1#
#60758396
0#
0!
#60758404
1!
1#
#60767996
0#
0!
#60768004
1!
1#
#60777596
0#
0!
#60777604
1!
1#
#60787196
0#
0!
#60787204
1!
1#
#60796796
0#
0!
#60796804
1!
1#
#60806396
0#
0!
#60806404
1!
1#
#60815996
0#
0!
#60816004
1!
1#
#60825596
0#
0!
#60825604
1!
1#
#60835196
0#
0!
#60835204
1!
1#
#60844796
0#
0!
#60844804
1!
1#
#60854396
0#
0!
#60854404
1!
1#
#60863996
0#
0!
#60864004
1!
1#
#60873596
0#
0!
#60873604
1!
1#
#60883196
0#
0!
#60883204
1!
1#
#60892796
0#
0!
#60892804
1!
1#
#60902396
0#
0!
#60902404
1!
1#
#60911996
0#
0!
#60912004
1!
1#
#60921596
0#
0!
#60921604
1!
1#
#60931196
0#
0!
#60931204
1!
1#
#60940796
0#
0!
#60940804
1!
1#
#60950396
0#
0!
#60950404
1!
1#
#60959996
0#
0!
#60960004
1!
1#
#60969596
0#
0!
#60969604
1!
1#
#60979196
0#
0!
#60979204
1!
1#
#60988796
0#
0!
#60988804
1!
1#
#60998396
0#
0!
#60998404
1!
1#
#61007996
0#
0!
#61008004
1!
1#
#61017596
0#
0!
#61017604
1!
1#
#61027196
0#
0!
#61027204
1!
1#
#61036796
0#
0!
#61036804
1!
1#
#61046396
0#
0!
#61046404
1!
1#
#61055996
0#
0!
#61056004
1!
1#
#61065596
0#
0!
#61065604
1!
1#
#61075196
0#
0!
#61075204
1!
1#
#61084796
0#
0!
#61084804
1!
1#
#61094396
0#
0!
#61094404
1!
1#
#61103996
0#
0!
#61104004
1!
1#
#61113596
0#
0!
#61113604
1!
1#
#61123196
0#
0!
#61123204
1!
1#
#61132796
0#
0!
#61132804
1!
1#
#61142396
0#
0!
#61142404
1!
1#
#61151996
0#
0!
#61152004
1!
1#
#61161596
0#
0!
#61161604
1!
1#
#61171196
0#
0!
#61171204
1!
1#
#61180796
0#
0!
#61180804
1!
1#
#61190396
0#
0!
#61190404
1!
1#
#61199996
0#
0!
#61200004
1!
1#
#61209596
0#
0!
#61209604
1!
1#
#61219196
0#
0!
#61219204
1!
1#
#61228796
0#
0!
#61228804
1!
1#
#61238396
0#
0!
#61238404
1!
1#
#61247996
0#
0!
#61248004
1!
1#
#61257596
0#
0!
#61257604
1!
1#
#61267196
0#
0!
#61267204
1!
1#
#61276796
0#
0!
#61276804
1!
1#
#61286396
0#
0!
#61286404
1!
1#
#61295996
0#
0!
#61296004
1!
1#
#61305596
0#
0!
#61305604
1!
1#
#61315196
0#
0!
#61315204
1!
1#
#61324796
0#
0!
#61324804
1!
1#
#61334396
0#
0!
#61334404
1!
1#
#61343996
0#
0!
#61344004
1!
1#
#61353596
0#
0!
#61353604
1!
1#
#61363196
0#
0!
#61363204
1!
1#
#61372796
0#
0!
#61372804
1!
1#
#61382396
0#
0!
#61382404
1!
1#
#61391996
0#
0!
#61392004
1!
1#
#61401596
0#
0!
#61401604
1!
1#
#61411196
0#
0!
#61411204
1!
1#
#61420796
0#
0!
#61420804
1!
1#
#61430396
0#
0!
#61430404
1!
1#
#61439996
0#
0!
#61440004
1!
1#
#61449596
0#
0!
#61449604
1!
1#
#61459196
0#
0!
#61459204
1!
1#
#61468796
0#
0!
#61468804
1!
1#
#61478396
0#
0!
#61478404
1!
1#
#61487996
0#
0!
#61488004
1!
1#
#61497596
0#
0!
#61497604
1!
1#
#61507196
0#
0!
#61507204
1!
1#
#61516796
0#
0!
#61516804
1!
1#
#61526396
0#
0!
#61526404
1!
1#
#61535996
0#
0!
#61536004
1!
1#
#61545596
0#
0!
#61545604
1!
1#
#61555196
0#
0!
#61555204
1!
1#
#61564796
0#
0!
#61564804
1!
1#
#61574396
0#
0!
#61574404
1!
1#
#61583996
0#
0!
#61584004
1!
1#
#61593596
0#
0!
#61593604
1!
1#
#61603196
0#
0!
#61603204
1!
1#
#61612796
0#
0!
#61612804
1!
1#
#61622396
0#
0!
#61622404
1!
1#
#61631996
0#
0!
#61632004
1!
1#
#61641596
0#
0!
#61641604
1!
1#
#61651196
0#
0!
#61651204
1!
1#
#61660796
0#
0!
#61660804
1!
1#
#61670396
0#
0!
#61670404
1!
1#
#61679996
0#
0!
#61680004
1!
1#
#61689596
0#
0!
#61689604
1!
1#
#61699196
0#
0!
#61699204
1!
1#
#61708796
0#
0!
#61708804
1!
1#
#61718396
0#
0!
#61718404
1!
1#
#61727996
0#
0!
#61728004
1!
1#
#61737596
0#
0!
#61737604
1!
1#
#61747196
0#
0!
#61747204
1!
1#
#61756796
0#
0!
#61756804
1!
1#
#61766396
0#
0!
#61766404
1!
1#
#61775996
0#
0!
#61776004
1!
1#
#61785596
0#
0!
#61785604
1!
1#
#61795196
0#
0!
#61795204
1!
1#
#61804796
0#
0!
#61804804
1!
1#
#61814396
0#
0!
#61814404
1!
1#
#61823996
0#
0!
#61824004
1!
1#
#61833596
0#
0!
#61833604
1!
1#
#61843196
0#
0!
#61843204
1!
1#
#61852796
0#
0!
#61852804
1!
1#
#61862396
0#
0!
#61862404
1!
1#
#61871996
0#
0!
#61872004
1!
1#
#61881596
0#
0!
#61881604
1!
1#
#61891196
0#
0!
#61891204
1!
1#
#61900796
0#
0!
#61900804
1!
1#
#61910396
0#
0!
#61910404
1!
1#
#61919996
0#
0!
#61920004
1!
1#
#61929596
0#
0!
#61929604
1!
1#
#61939196
0#
0!
#61939204
1!
1#
#61948796
0#
0!
#61948804
1!
1#
#61958396
0#
0!
#61958404
1!
1#
#61967996
0#
0!
#61968004
1!
1#
#61977596
0#
0!
#61977604
1!
1#
#61987196
0#
0!
#61987204
1!
1#
#61996796
0#
0!
#61996804
1!
1#
#62006396
0#
0!
#62006404
1!
1#
#62015996
0#
0!
#62016004
1!
1#
#62025596
0#
0!
#62025604
1!
1#
#62035196
0#
0!
#62035204
1!
1#
#62044796
0#
0!
#62044804
1!
1#
#62054396
0#
0!
#62054404
1!
1#
#62063996
0#
0!
#62064004
1!
1#
#62073596
0#
0!
#62073604
1!
1#
#62083196
0#
0!
#62083204
1!
1#
#62092796
0#
0!
#62092804
1!
1#
#62102396
0#
0!
#62102404
1!
1#
#62111996
0#
0!
#62112004
1!
1#
#62121596
0#
0!
#62121604
1!
1#
#62131196
0#
0!
#62131204
1!
1#
#62140796
0#
0!
#62140804
1!
1#
#62150396
0#
0!
#62150404
1!
1#
#62159996
0#
0!
#62160004
1!
1#
#62169596
0#
0!
#62169604
1!
1#
#62179196
0#
0!
#62179204
1!
1#
#62188796
0#
0!
#62188804
1!
1#
#62198396
0#
0!
#62198404
1!
1#
#62207996
0#
0!
#62208004
1!
1#
#62217596
0#
0!
#62217604
1!
1#
#62227196
0#
0!
#62227204
1!
1#
#62236796
0#
0!
#62236804
1!
1#
#62246396
0#
0!
#62246404
1!
1#
#62255996
0#
0!
#62256004
1!
1#
#62265596
0#
0!
#62265604
1!
1#
#62275196
0#
0!
#62275204
1!
1#
#62284796
0#
0!
#62284804
1!
1#
#62294396
0#
0!
#62294404
1!
1#
#62303996
0#
0!
#62304004
1!
1#
#62313596
0#
0!
#62313604
1!
1#
#62323196
0#
0!
#62323204
1!
1#
#62332796
0#
0!
#62332804
1!
1#
#62342396
0#
0!
#62342404
1!
1#
#62351996
0#
0!
#62352004
1!
1#
#62361596
0#
0!
#62361604
1!
1#
#62371196
0#
0!
#62371204
1!
1#
#62380796
0#
0!
#62380804
1!
1#
#62390396
0#
0!
#62390404
1!
1#
#62399996
0#
0!
#62400004
1!
1#
#62409596
0#
0!
#62409604
1!
1#
#62419196
0#
0!
#62419204
1!
1#
#62428796
0#
0!
#62428804
1!
1#
#62438396
0#
0!
#62438404
1!
1#
#62447996
0#
0!
#62448004
1!
1#
#62457596
0#
0!
#62457604
1!
1#
#62467196
0#
0!
#62467204
1!
1#
#62476796
0#
0!
#62476804
1!
1#
#62486396
0#
0!
#62486404
1!
1#
#62495996
0#
0!
#62496004
1!
1#
#62505596
0#
0!
#62505604
1!
1#
#62515196
0#
0!
#62515204
1!
1#
#62524796
0#
0!
#62524804
1!
1#
#62534396
0#
0!
#62534404
1!
1#
#62543996
0#
0!
#62544004
1!
1#
#62553596
0#
0!
#62553604
1!
1#
#62563196
0#
0!
#62563204
1!
1#
#62572796
0#
0!
#62572804
1!
1#
#62582396
0#
0!
#62582404
1!
1#
#62591996
0#
0!
#62592004
1!
1#
#62601596
0#
0!
#62601604
1!
1#
#62611196
0#
0!
#62611204
1!
1#
#62620796
0#
0!
#62620804
1!
1#
#62630396
0#
0!
#62630404
1!
1#
#62639996
0#
0!
#62640004
1!
1#
#62649596
0#
0!
#62649604
1!
1#
#62659196
0#
0!
#62659204
1!
1#
#62668796
0#
0!
#62668804
1!
1#
#62678396
0#
0!
#62678404
1!
1#
#62687996
0#
0!
#62688004
1!
1#
#62697596
0#
0!
#62697604
1!
1#
#62707196
0#
0!
#62707204
1!
1#
#62716796
0#
0!
#62716804
1!
1#
#62726396
0#
0!
#62726404
1!
1#
#62735996
0#
0!
#62736004
1!
1#
#62745596
0#
0!
#62745604
1!
1#
#62755196
0#
0!
#62755204
1!
1#
#62764796
0#
0!
#62764804
1!
1#
#62774396
0#
0!
#62774404
1!
1#
#62783996
0#
0!
#62784004
1!
1#
#62793596
0#
0!
#62793604
1!
1#
#62803196
0#
0!
#62803204
1!
1#
#62812796
0#
0!
#62812804
1!
1#
#62822396
0#
0!
#62822404
1!
1#
#62831996
0#
0!
#62832004
1!
1#
#62841596
0#
0!
#62841604
1!
1#
#62851196
0#
0!
#62851204
1!
1#
#62860796
0#
0!
#62860804
1!
1#
#62870396
0#
0!
#62870404
1!
1#
#62879996
0#
0!
#62880004
1!
1#
#62889596
0#
0!
#62889604
1!
1#
#62899196
0#
0!
#62899204
1!
1#
#62908796
0#
0!
#62908804
1!
1#
#62918396
0#
0!
#62918404
1!
1#
#62927996
0#
0!
#62928004
1!
1#
#62937596
0#
0!
#62937604
1!
1#
#62947196
0#
0!
#62947204
1!
1#
#62956796
0#
0!
#62956804
1!
1#
#62966396
0#
0!
#62966404
1!
1#
#62975996
0#
0!
#62976004
1!
1#
#62985596
0#
0!
#62985604
1!
1#
#62995196
0#
0!
#62995204
1!
1#
#63004796
0#
0!
#63004804
1!
1#
#63014396
0#
0!
#63014404
1!
1#
#63023996
0#
0!
#63024004
1!
1#
#63033596
0#
0!
#63033604
1!
1#
#63043196
0#
0!
#63043204
1!
1#
#63052796
0#
0!
#63052804
1!
1#
#63062396
0#
0!
#63062404
1!
1#
#63071996
0#
0!
#63072004
1!
1#
#63081596
0#
0!
#63081604
1!
1#
#63091196
0#
0!
#63091204
1!
1#
#63100796
0#
0!
#63100804
1!
1#
#63110396
0#
0!
#63110404
1!
1#
#63119996
0#
0!
#63120004
1!
1#
#63129596
0#
0!
#63129604
1!
1#
#63139196
0#
0!
#63139204
1!
1#
#63148796
0#
0!
#63148804
1!
1#
#63158396
0#
0!
#63158404
1!
1#
#63167996
0#
0!
#63168004
1!
1#
#63177596
0#
0!
#63177604
1!
1#
#63187196
0#
0!
#63187204
1!
1#
#63196796
0#
0!
#63196804
1!
1#
#63206396
0#
0!
#63206404
1!
1#
#63215996
0#
0!
#63216004
1!
1#
#63225596
0#
0!
#63225604
1!
1#
#63235196
0#
0!
#63235204
1!
1#
#63244796
0#
0!
#63244804
1!
1#
#63254396
0#
0!
#63254404
1!
1#
#63263996
0#
0!
#63264004
1!
1#
#63273596
0#
0!
#63273604
1!
1#
#63283196
0#
0!
#63283204
1!
1#
#63292796
0#
0!
#63292804
1!
1#
#63302396
0#
0!
#63302404
1!
1#
#63311996
0#
0!
#63312004
1!
1#
#63321596
0#
0!
#63321604
1!
1#
#63331196
0#
0!
#63331204
1!
1#
#63340796
0#
0!
#63340804
1!
1#
#63350396
0#
0!
#63350404
1!
1#
#63359996
0#
0!
#63360004
1!
1#
#63369596
0#
0!
#63369604
1!
1#
#63379196
0#
0!
#63379204
1!
1#
#63388796
0#
0!
#63388804
1!
1#
#63398396
0#
0!
#63398404
1!
1#
#63407996
0#
0!
#63408004
1!
1#
#63417596
0#
0!
#63417604
1!
1#
#63427196
0#
0!
#63427204
1!
1#
#63436796
0#
0!
#63436804
1!
1#
#63446396
0#
0!
#63446404
1!
1#
#63455996
0#
0!
#63456004
1!
1#
#63465596
0#
0!
#63465604
1!
1#
#63475196
0#
0!
#63475204
1!
1#
#63484796
0#
0!
#63484804
1!
1#
#63494396
0#
0!
#63494404
1!
1#
#63503996
0#
0!
#63504004
1!
1#
#63513596
0#
0!
#63513604
1!
1#
#63523196
0#
0!
#63523204
1!
1#
#63532796
0#
0!
#63532804
1!
1#
#63542396
0#
0!
#63542404
1!
1#
#63551996
0#
0!
#63552004
1!
1#
#63561596
0#
0!
#63561604
1!
1#
#63571196
0#
0!
#63571204
1!
1#
#63580796
0#
0!
#63580804
1!
1#
#63590396
0#
0!
#63590404
1!
1#
#63599996
0#
0!
#63600004
1!
1#
#63609596
0#
0!
#63609604
1!
1#
#63619196
0#
0!
#63619204
1!
1#
#63628796
0#
0!
#63628804
1!
1#
#63638396
0#
0!
#63638404
1!
1#
#63647996
0#
0!
#63648004
1!
1#
#63657596
0#
0!
#63657604
1!
1#
#63667196
0#
0!
#63667204
1!
1#
#63676796
0#
0!
#63676804
1!
1#
#63686396
0#
0!
#63686404
1!
1#
#63695996
0#
0!
#63696004
1!
1#
#63705596
0#
0!
#63705604
1!
1#
#63715196
0#
0!
#63715204
1!
1#
#63724796
0#
0!
#63724804
1!
1#
#63734396
0#
0!
#63734404
1!
1#
#63743996
0#
0!
#63744004
1!
1#
#63753596
0#
0!
#63753604
1!
1#
#63763196
0#
0!
#63763204
1!
1#
#63772796
0#
0!
#63772804
1!
1#
#63782396
0#
0!
#63782404
1!
1#
#63791996
0#
0!
#63792004
1!
1#
#63801596
0#
0!
#63801604
1!
1#
#63811196
0#
0!
#63811204
1!
1#
#63820796
0#
0!
#63820804
1!
1#
#63830396
0#
0!
#63830404
1!
1#
#63839996
0#
0!
#63840004
1!
1#
#63849596
0#
0!
#63849604
1!
1#
#63859196
0#
0!
#63859204
1!
1#
#63868796
0#
0!
#63868804
1!
1#
#63878396
0#
0!
#63878404
1!
1#
#63887996
0#
0!
#63888004
1!
1#
#63897596
0#
0!
#63897604
1!
1#
#63907196
0#
0!
#63907204
1!
1#
#63916796
0#
0!
#63916804
1!
1#
#63926396
0#
0!
#63926404
1!
1#
#63935996
0#
0!
#63936004
1!
1#
#63945596
0#
0!
#63945604
1!
1#
#63955196
0#
0!
#63955204
1!
1#
#63964796
0#
0!
#63964804
1!
1#
#63974396
0#
0!
#63974404
1!
1#
#63983996
0#
0!
#63984004
1!
1#
#63993596
0#
0!
#63993604
1!
1#
#64003196
0#
0!
#64003204
1!
1#
#64012796
0#
0!
#64012804
1!
1#
#64022396
0#
0!
#64022404
1!
1#
#64031996
0#
0!
#64032004
1!
1#
#64041596
0#
0!
#64041604
1!
1#
#64051196
0#
0!
#64051204
1!
1#
#64060796
0#
0!
#64060804
1!
1#
#64070396
0#
0!
#64070404
1!
1#
#64079996
0#
0!
#64080004
1!
1#
#64089596
0#
0!
#64089604
1!
1#
#64099196
0#
0!
#64099204
1!
1#
#64108796
0#
0!
#64108804
1!
1#
#64118396
0#
0!
#64118404
1!
1#
#64127996
0#
0!
#64128004
1!
1#
#64137596
0#
0!
#64137604
1!
1#
#64147196
0#
0!
#64147204
1!
1#
#64156796
0#
0!
#64156804
1!
1#
#64159996
b111 $
#64166396
0#
0!
#64166404
1#
#64166460
1!
#64175996
0#
0!
#64176004
1#
#64176060
1!
#64185596
0#
0!
#64185604
1#
#64185660
1!
#64195196
0#
0!
#64195204
1#
#64195260
1!
#64204796
0#
0!
#64204804
1#
#64204860
1!
#64214396
0#
0!
#64214404
1#
#64214460
1!
#64223996
0#
0!
#64224004
1#
#64224060
1!
#64233596
0#
0!
#64233604
1#
#64233660
1!
#64243196
0#
0!
#64243204
1#
#64243260
1!
#64252796
0#
0!
#64252804
1#
#64252860
1!
#64255996
b1110 $
#64262396
0#
0!
#64262404
1#
#64262516
1!
#64271996
0#
0!
#64272004
1#
#64272116
1!
#64281596
0#
0!
#64281604
1#
#64281716
1!
#64291196
0#
0!
#64291204
1#
#64291316
1!
#64300796
0#
0!
#64300804
1#
#64300916
1!
#64310396
0#
0!
#64310404
1#
#64310516
1!
#64319996
0#
0!
#64320004
1#
#64320116
1!
#64329596
0#
0!
#64329604
1#
#64329716
1!
#64339196
0#
0!
#64339204
1#
#64339316
1!
#64348796
0#
0!
#64348804
1#
#64348916
1!
#64351996
b10101 $
#64358396
0#
0!
#64358404
1#
#64358572
1!
#64367996
0#
0!
#64368004
1#
#64368172
1!
#64377596
0#
0!
#64377604
1#
#64377772
1!
#64387196
0#
0!
#64387204
1#
#64387372
1!
#64396796
0#
0!
#64396804
1#
#64396972
1!
#64406396
0#
0!
#64406404
1#
#64406572
1!
#64415996
0#
0!
#64416004
1#
#64416172
1!
#64425596
0#
0!
#64425604
1#
#64425772
1!
#64435196
0#
0!
#64435204
1#
#64435372
1!
#64444796
0#
0!
#64444804
1#
#64444972
1!
#64447996
b11100 $
#64454396
0#
0!
#64454404
1#
#64454628
1!
#64463996
0#
0!
#64464004
1#
#64464228
1!
#64473596
0#
0!
#64473604
1#
#64473828
1!
#64483196
0#
0!
#64483204
1#
#64483428
1!
#64492796
0#
0!
#64492804
1#
#64493028
1!
#64502396
0#
0!
#64502404
1#
#64502628
1!
#64511996
0#
0!
#64512004
1#
#64512228
1!
#64521596
0#
0!
#64521604
1#
#64521828
1!
#64531196
0#
0!
#64531204
1#
#64531428
1!
#64540796
0#
0!
#64540804
1#
#64541028
1!
#64543996
b100011 $
#64550396
0#
0!
#64550404
1#
#64550684
1!
#64559996
0#
0!
#64560004
1#
#64560284
1!
#64569596
0#
0!
#64569604
1#
#64569884
1!
#64579196
0#
0!
#64579204
1#
#64579484
1!
#64588796
0#
0!
#64588804
1#
#64589084
1!
#64598396
0#
0!
#64598404
1#
#64598684
1!
#64607996
0#
0!
#64608004
1#
#64608284
1!
#64617596
0#
0!
#64617604
1#
#64617884
1!
#64627196
0#
0!
#64627204
1#
#64627484
1!
#64636796
0#
0!
#64636804
1#
#64637084
1!
#64639996
b101010 $
#64646396
0#
0!
#64646404
1#
#64646740
1!
#64655996
0#
0!
#64656004
1#
#64656340
1!
#64665596
0#
0!
#64665604
1#
#64665940
1!
#64675196
0#
0!
#64675204
1#
#64675540
1!
#64684796
0#
0!
#64684804
1#
#64685140
1!
#64694396
0#
0!
#64694404
1#
#64694740
1!
#64703996
0#
0!
#64704004
1#
#64704340
1!
#64713596
0#
0!
#64713604
1#
#64713940
1!
#64723196
0#
0!
#64723204
1#
#64723540
1!
#64732796
0#
0!
#64732804
1#
#64733140
1!
#64735996
b110001 $
#64742396
0#
0!
#64742404
1#
#64742796
1!
#64751996
0#
0!
#64752004
1#
#64752396
1!
#64761596
0#
0!
#64761604
1#
#64761996
1!
#64771196
0#
0!
#64771204
1#
#64771596
1!
#64780796
0#
0!
#64780804
1#
#64781196
1!
#64790396
0#
0!
#64790404
1#
#64790796
1!
#64799996
0#
0!
#64800004
1#
#64800396
1!
#64809596
0#
0!
#64809604
1#
#64809996
1!
#64819196
0#
0!
#64819204
1#
#64819596
1!
#64828796
0#
0!
#64828804
1#
#64829196
1!
#64831996
b111000 $
#64838396
0#
0!
#64838404
1#
#64838852
1!
#64847996
0#
0!
#64848004
1#
#64848452
1!
#64857596
0#
0!
#64857604
1#
#64858052
1!
#64867196
0#
0!
#64867204
1#
#64867652
1!
#64876796
0#
0!
#64876804
1#
#64877252
1!
#64886396
0#
0!
#64886404
1#
#64886852
1!
#64895996
0#
0!
#64896004
1#
#64896452
1!
#64905596
0#
0!
#64905604
1#
#64906052
1!
#64915196
0#
0!
#64915204
1#
#64915652
1!
#64924796
0#
0!
#64924804
1#
#64925252
1!
#64927996
b111111 $
#64934396
0#
0!
#64934404
1#
#64934908
1!
#64943996
0#
0!
#64944004
1#
#64944508
1!
#64953596
0#
0!
#64953604
1#
#64954108
1!
#64963196
0#
0!
#64963204
1#
#64963708
1!
#64972796
0#
0!
#64972804
1#
#64973308
1!
#64982396
0#
0!
#64982404
1#
#64982908
1!
#64991996
0#
0!
#64992004
1#
#64992508
1!
#65001596
0#
0!
#65001604
1#
#65002108
1!
#65011196
0#
0!
#65011204
1#
#65011708
1!
#65020796
0#
0!
#65020804
1#
#65021308
1!
#65023996
b1000110 $
#65030396
0#
0!
#65030404
1#
#65030964
1!
#65039996
0#
0!
#65040004
1#
#65040564
1!
#65049596
0#
0!
#65049604
1#
#65050164
1!
#65059196
0#
0!
#65059204
1#
#65059764
1!
#65068796
0#
0!
#65068804
1#
#65069364
1!
#65078396
0#
0!
#65078404
1#
#65078964
1!
#65087996
0#
0!
#65088004
1#
#65088564
1!
#65097596
0#
0!
#65097604
1#
#65098164
1!
#65107196
0#
0!
#65107204
1#
#65107764
1!
#65116796
0#
0!
#65116804
1#
#65117364
1!
#65119996
b1001101 $
#65126396
0#
0!
#65126404
1#
#65127020
1!
#65135996
0#
0!
#65136004
1#
#65136620
1!
#65145596
0#
0!
#65145604
1#
#65146220
1!
#65155196
0#
0!
#65155204
1#
#65155820
1!
#65164796
0#
0!
#65164804
1#
#65165420
1!
#65174396
0#
0!
#65174404
1#
#65175020
1!
#65183996
0#
0!
#65184004
1#
#65184620
1!
#65193596
0#
0!
#65193604
1#
#65194220
1!
#65203196
0#
0!
#65203204
1#
#65203820
1!
#65212796
0#
0!
#65212804
1#
#65213420
1!
#65215996
b1010100 $
#65222396
0#
0!
#65222404
1#
#65223076
1!
#65231996
0#
0!
#65232004
1#
#65232676
1!
#65241596
0#
0!
#65241604
1#
#65242276
1!
#65251196
0#
0!
#65251204
1#
#65251876
1!
#65260796
0#
0!
#65260804
1#
#65261476
1!
#65270396
0#
0!
#65270404
1#
#65271076
1!
#65279996
0#
0!
#65280004
1#
#65280676
1!
#65289596
0#
0!
#65289604
1#
#65290276
1!
#65299196
0#
0!
#65299204
1#
#65299876
1!
#65308796
0#
0!
#65308804
1#
#65309476
1!
#65311996
b1011011 $
#65318396
0#
0!
#65318404
1#
#65319132
1!
#65327996
0#
0!
#65328004
1#
#65328732
1!
#65337596
0#
0!
#65337604
1#
#65338332
1!
#65347196
0#
0!
#65347204
1#
#65347932
1!
#65356796
0#
0!
#65356804
1#
#65357532
1!
#65366396
0#
0!
#65366404
1#
#65367132
1!
#65375996
0#
0!
#65376004
1#
#65376732
1!
#65385596
0#
0!
#65385604
1#
#65386332
1!
#65395196
0#
0!
#65395204
1#
#65395932
1!
#65404796
0#
0!
#65404804
1#
#65405532
1!
#65407996
b1100010 $
#65414396
0#
0!
#65414404
1#
#65415188
1!
#65423996
0#
0!
#65424004
1#
#65424788
1!
#65433596
0#
0!
#65433604
1#
#65434388
1!
#65443196
0#
0!
#65443204
1#
#65443988
1!
#65452796
0#
0!
#65452804
1#
#65453588
1!
#65462396
0#
0!
#65462404
1#
#65463188
1!
#65471996
0#
0!
#65472004
1#
#65472788
1!
#65481596
0#
0!
#65481604
1#
#65482388
1!
#65491196
0#
0!
#65491204
1#
#65491988
1!
#65500796
0#
0!
#65500804
1#
#65501588
1!
#65503996
b1101001 $
#65510396
0#
0!
#65510404
1#
#65511244
1!
#65519996
0#
0!
#65520004
1#
#65520844
1!
#65529596
0#
0!
#65529604
1#
#65530444
1!
#65539196
0#
0!
#65539204
1#
#65540044
1!
#65548796
0#
0!
#65548804
1#
#65549644
1!
#65558396
0#
0!
#65558404
1#
#65559244
1!
#65567996
0#
0!
#65568004
1#
#65568844
1!
#65577596
0#
0!
#65577604
1#
#65578444
1!
#65587196
0#
0!
#65587204
1#
#65588044
1!
#65596796
0#
0!
#65596804
1#
#65597644
1!
#65599996
b1110000 $
#65606396
0#
0!
#65606404
1#
#65607300
1!
#65615996
0#
0!
#65616004
1#
#65616900
1!
#65625596
0#
0!
#65625604
1#
#65626500
1!
#65635196
0#
0!
#65635204
1#
#65636100
1!
#65644796
0#
0!
#65644804
1#
#65645700
1!
#65654396
0#
0!
#65654404
1#
#65655300
1!
#65663996
0#
0!
#65664004
1#
#65664900
1!
#65673596
0#
0!
#65673604
1#
#65674500
1!
#65683196
0#
0!
#65683204
1#
#65684100
1!
#65692796
0#
0!
#65692804
1#
#65693700
1!
#65695996
b1110111 $
#65702396
0#
0!
#65702404
1#
#65703356
1!
#65711996
0#
0!
#65712004
1#
#65712956
1!
#65721596
0#
0!
#65721604
1#
#65722556
1!
#65731196
0#
0!
#65731204
1#
#65732156
1!
#65740796
0#
0!
#65740804
1#
#65741756
1!
#65750396
0#
0!
#65750404
1#
#65751356
1!
#65759996
0#
0!
#65760004
1#
#65760956
1!
#65769596
0#
0!
#65769604
1#
#65770556
1!
#65779196
0#
0!
#65779204
1#
#65780156
1!
#65788796
0#
0!
#65788804
1#
#65789756
1!
#65791996
b1111110 $
#65798396
0#
0!
#65798404
1#
#65799412
1!
#65807996
0#
0!
#65808004
1#
#65809012
1!
#65817596
0#
0!
#65817604
1#
#65818612
1!
#65827196
0#
0!
#65827204
1#
#65828212
1!
#65836796
0#
0!
#65836804
1#
#65837812
1!
#65846396
0#
0!
#65846404
1#
#65847412
1!
#65855996
0#
0!
#65856004
1#
#65857012
1!
#65865596
0#
0!
#65865604
1#
#65866612
1!
#65875196
0#
0!
#65875204
1#
#65876212
1!
#65884796
0#
0!
#65884804
1#
#65885812
1!
#65887996
b10000101 $
#65894396
0#
0!
#65894404
1#
#65895468
1!
#65903996
0#
0!
#65904004
1#
#65905068
1!
#65913596
0#
0!
#65913604
1#
#65914668
1!
#65923196
0#
0!
#65923204
1#
#65924268
1!
#65932796
0#
0!
#65932804
1#
#65933868
1!
#65942396
0#
0!
#65942404
1#
#65943468
1!
#65951996
0#
0!
#65952004
1#
#65953068
1!
#65961596
0#
0!
#65961604
1#
#65962668
1!
#65971196
0#
0!
#65971204
1#
#65972268
1!
#65980796
0#
0!
#65980804
1#
#65981868
1!
#65983996
b10001100 $
#65990396
0#
0!
#65990404
1#
#65991524
1!
#65999996
0#
0!
#66000004
1#
#66001124
1!
#66009596
0#
0!
#66009604
1#
#66010724
1!
#66019196
0#
0!
#66019204
1#
#66020324
1!
#66028796
0#
0!
#66028804
1#
#66029924
1!
#66038396
0#
0!
#66038404
1#
#66039524
1!
#66047996
0#
0!
#66048004
1#
#66049124
1!
#66057596
0#
0!
#66057604
1#
#66058724
1!
#66067196
0#
0!
#66067204
1#
#66068324
1!
#66076796
0#
0!
#66076804
1#
#66077924
1!
#66079996
b10010011 $
#66086396
0#
0!
#66086404
1#
#66087580
1!
#66095996
0#
0!
#66096004
1#
#66097180
1!
#66105596
0#
0!
#66105604
1#
#66106780
1!
#66115196
0#
0!
#66115204
1#
#66116380
1!
#66124796
0#
0!
#66124804
1#
#66125980
1!
#66134396
0#
0!
#66134404
1#
#66135580
1!
#66143996
0#
0!
#66144004
1#
#66145180
1!
#66153596
0#
0!
#66153604
1#
#66154780
1!
#66163196
0#
0!
#66163204
1#
#66164380
1!
#66172796
0#
0!
#66172804
1#
#66173980
1!
#66175996
b10011010 $
#66182396
0#
0!
#66182404
1#
#66183636
1!
#66191996
0#
0!
#66192004
1#
#66193236
1!
#66201596
0#
0!
#66201604
1#
#66202836
1!
#66211196
0#
0!
#66211204
1#
#66212436
1!
#66220796
0#
0!
#66220804
1#
#66222036
1!
#66230396
0#
0!
#66230404
1#
#66231636
1!
#66239996
0#
0!
#66240004
1#
#66241236
1!
#66249596
0#
0!
#66249604
1#
#66250836
1!
#66259196
0#
0!
#66259204
1#
#66260436
1!
#66268796
0#
0!
#66268804
1#
#66270036
1!
#66271996
b10100001 $
#66278396
0#
0!
#66278404
1#
#66279692
1!
#66287996
0#
0!
#66288004
1#
#66289292
1!
#66297596
0#
0!
#66297604
1#
#66298892
1!
#66307196
0#
0!
#66307204
1#
#66308492
1!
#66316796
0#
0!
#66316804
1#
#66318092
1!
#66326396
0#
0!
#66326404
1#
#66327692
1!
#66335996
0#
0!
#66336004
1#
#66337292
1!
#66345596
0#
0!
#66345604
1#
#66346892
1!
#66355196
0#
0!
#66355204
1#
#66356492
1!
#66364796
0#
0!
#66364804
1#
#66366092
1!
#66367996
b10101000 $
#66374396
0#
0!
#66374404
1#
#66375748
1!
#66383996
0#
0!
#66384004
1#
#66385348
1!
#66393596
0#
0!
#66393604
1#
#66394948
1!
#66403196
0#
0!
#66403204
1#
#66404548
1!
#66412796
0#
0!
#66412804
1#
#66414148
1!
#66422396
0#
0!
#66422404
1#
#66423748
1!
#66431996
0#
0!
#66432004
1#
#66433348
1!
#66441596
0#
0!
#66441604
1#
#66442948
1!
#66451196
0#
0!
#66451204
1#
#66452548
1!
#66460796
0#
0!
#66460804
1#
#66462148
1!
#66463996
b10101111 $
#66470396
0#
0!
#66470404
1#
#66471804
1!
#66479996
0#
0!
#66480004
1#
#66481404
1!
#66489596
0#
0!
#66489604
1#
#66491004
1!
#66499196
0#
0!
#66499204
1#
#66500604
1!
#66508796
0#
0!
#66508804
1#
#66510204
1!
#66518396
0#
0!
#66518404
1#
#66519804
1!
#66527996
0#
0!
#66528004
1#
#66529404
1!
#66537596
0#
0!
#66537604
1#
#66539004
1!
#66547196
0#
0!
#66547204
1#
#66548604
1!
#66556796
0#
0!
#66556804
1#
#66558204
1!
#66559996
b10110110 $
#66566396
0#
0!
#66566404
1#
#66567860
1!
#66575996
0#
0!
#66576004
1#
#66577460
1!
#66585596
0#
0!
#66585604
1#
#66587060
1!
#66595196
0#
0!
#66595204
1#
#66596660
1!
#66604796
0#
0!
#66604804
1#
#66606260
1!
#66614396
0#
0!
#66614404
1#
#66615860
1!
#66623996
0#
0!
#66624004
1#
#66625460
1!
#66633596
0#
0!
#66633604
1#
#66635060
1!
#66643196
0#
0!
#66643204
1#
#66644660
1!
#66652796
0#
0!
#66652804
1#
#66654260
1!
#66655996
b10111101 $
#66662396
0#
0!
#66662404
1#
#66663916
1!
#66671996
0#
0!
#66672004
1#
#66673516
1!
#66681596
0#
0!
#66681604
1#
#66683116
1!
#66691196
0#
0!
#66691204
1#
#66692716
1!
#66700796
0#
0!
#66700804
1#
#66702316
1!
#66710396
0#
0!
#66710404
1#
#66711916
1!
#66719996
0#
0!
#66720004
1#
#66721516
1!
#66729596
0#
0!
#66729604
1#
#66731116
1!
#66739196
0#
0!
#66739204
1#
#66740716
1!
#66748796
0#
0!
#66748804
1#
#66750316
1!
#66751996
b11000100 $
#66758396
0#
0!
#66758404
1#
#66759972
1!
#66767996
0#
0!
#66768004
1#
#66769572
1!
#66777596
0#
0!
#66777604
1#
#66779172
1!
#66787196
0#
0!
#66787204
1#
#66788772
1!
#66796796
0#
0!
#66796804
1#
#66798372
1!
#66806396
0#
0!
#66806404
1#
#66807972
1!
#66815996
0#
0!
#66816004
1#
#66817572
1!
#66825596
0#
0!
#66825604
1#
#66827172
1!
#66835196
0#
0!
#66835204
1#
#66836772
1!
#66844796
0#
0!
#66844804
1#
#66846372
1!
#66847996
b11001011 $
#66854396
0#
0!
#66854404
1#
#66856028
1!
#66863996
0#
0!
#66864004
1#
#66865628
1!
#66873596
0#
0!
#66873604
1#
#66875228
1!
#66883196
0#
0!
#66883204
1#
#66884828
1!
#66892796
0#
0!
#66892804
1#
#66894428
1!
#66902396
0#
0!
#66902404
1#
#66904028
1!
#66911996
0#
0!
#66912004
1#
#66913628
1!
#66921596
0#
0!
#66921604
1#
#66923228
1!
#66931196
0#
0!
#66931204
1#
#66932828
1!
#66940796
0#
0!
#66940804
1#
#66942428
1!
#66943996
b11010010 $
#66950396
0#
0!
#66950404
1#
#66952084
1!
#66959996
0#
0!
#66960004
1#
#66961684
1!
#66969596
0#
0!
#66969604
1#
#66971284
1!
#66979196
0#
0!
#66979204
1#
#66980884
1!
#66988796
0#
0!
#66988804
1#
#66990484
1!
#66998396
0#
0!
#66998404
1#
#67000084
1!
#67007996
0#
0!
#67008004
1#
#67009684
1!
#67017596
0#
0!
#67017604
1#
#67019284
1!
#67027196
0#
0!
#67027204
1#
#67028884
1!
#67036796
0#
0!
#67036804
1#
#67038484
1!
#67039996
b11011001 $
#67046396
0#
0!
#67046404
1#
#67048140
1!
#67055996
0#
0!
#67056004
1#
#67057740
1!
#67065596
0#
0!
#67065604
1#
#67067340
1!
#67075196
0#
0!
#67075204
1#
#67076940
1!
#67084796
0#
0!
#67084804
1#
#67086540
1!
#67094396
0#
0!
#67094404
1#
#67096140
1!
#67103996
0#
0!
#67104004
1#
#67105740
1!
#67113596
0#
0!
#67113604
1#
#67115340
1!
#67123196
0#
0!
#67123204
1#
#67124940
1!
#67132796
0#
0!
#67132804
1#
#67134540
1!
#67135996
b11100000 $
#67142396
0#
0!
#67142404
1#
#67144196
1!
#67151996
0#
0!
#67152004
1#
#67153796
1!
#67161596
0#
0!
#67161604
1#
#67163396
1!
#67171196
0#
0!
#67171204
1#
#67172996
1!
#67180796
0#
0!
#67180804
1#
#67182596
1!
#67190396
0#
0!
#67190404
1#
#67192196
1!
#67199996
0#
0!
#67200004
1#
#67201796
1!
#67209596
0#
0!
#67209604
1#
#67211396
1!
#67219196
0#
0!
#67219204
1#
#67220996
1!
#67228796
0#
0!
#67228804
1#
#67230596
1!
#67231996
b11100111 $
#67238396
0#
0!
#67238404
1#
#67240252
1!
#67247996
0#
0!
#67248004
1#
#67249852
1!
#67257596
0#
0!
#67257604
1#
#67259452
1!
#67267196
0#
0!
#67267204
1#
#67269052
1!
#67276796
0#
0!
#67276804
1#
#67278652
1!
#67286396
0#
0!
#67286404
1#
#67288252
1!
#67295996
0#
0!
#67296004
1#
#67297852
1!
#67305596
0#
0!
#67305604
1#
#67307452
1!
#67315196
0#
0!
#67315204
1#
#67317052
1!
#67324796
0#
0!
#67324804
1#
#67326652
1!
#67327996
b11101110 $
#67334396
0#
0!
#67334404
1#
#67336308
1!
#67343996
0#
0!
#67344004
1#
#67345908
1!
#67353596
0#
0!
#67353604
1#
#67355508
1!
#67363196
0#
0!
#67363204
1#
#67365108
1!
#67372796
0#
0!
#67372804
1#
#67374708
1!
#67382396
0#
0!
#67382404
1#
#67384308
1!
#67391996
0#
0!
#67392004
1#
#67393908
1!
#67401596
0#
0!
#67401604
1#
#67403508
1!
#67411196
0#
0!
#67411204
1#
#67413108
1!
#67420796
0#
0!
#67420804
1#
#67422708
1!
#67423996
b11110101 $
#67430396
0#
0!
#67430404
1#
#67432364
1!
#67439996
0#
0!
#67440004
1#
#67441964
1!
#67449596
0#
0!
#67449604
1#
#67451564
1!
#67459196
0#
0!
#67459204
1#
#67461164
1!
#67468796
0#
0!
#67468804
1#
#67470764
1!
#67478396
0#
0!
#67478404
1#
#67480364
1!
#67487996
0#
0!
#67488004
1#
#67489964
1!
#67497596
0#
0!
#67497604
1#
#67499564
1!
#67507196
0#
0!
#67507204
1#
#67509164
1!
#67516796
0#
0!
#67516804
1#
#67518764
1!
#67519996
b11111100 $
#67526396
0#
0!
#67526404
1#
#67528420
1!
#67535996
0#
0!
#67536004
1#
#67538020
1!
#67545596
0#
0!
#67545604
1#
#67547620
1!
#67555196
0#
0!
#67555204
1#
#67557220
1!
#67564796
0#
0!
#67564804
1#
#67566820
1!
#67574396
0#
0!
#67574404
1#
#67576420
1!
#67583996
0#
0!
#67584004
1#
#67586020
1!
#67593596
0#
0!
#67593604
1#
#67595620
1!
#67603196
0#
0!
#67603204
1#
#67605220
1!
#67612796
0#
0!
#67612804
1#
#67614820
1!
#67615996
b100000011 $
#67622396
0#
0!
#67622404
1#
#67624476
1!
#67631996
0#
0!
#67632004
1#
#67634076
1!
#67641596
0#
0!
#67641604
1#
#67643676
1!
#67651196
0#
0!
#67651204
1#
#67653276
1!
#67660796
0#
0!
#67660804
1#
#67662876
1!
#67670396
0#
0!
#67670404
1#
#67672476
1!
#67679996
0#
0!
#67680004
1#
#67682076
1!
#67689596
0#
0!
#67689604
1#
#67691676
1!
#67699196
0#
0!
#67699204
1#
#67701276
1!
#67708796
0#
0!
#67708804
1#
#67710876
1!
#67711996
b100001010 $
#67718396
0#
0!
#67718404
1#
#67720532
1!
#67727996
0#
0!
#67728004
1#
#67730132
1!
#67737596
0#
0!
#67737604
1#
#67739732
1!
#67747196
0#
0!
#67747204
1#
#67749332
1!
#67756796
0#
0!
#67756804
1#
#67758932
1!
#67766396
0#
0!
#67766404
1#
#67768532
1!
#67775996
0#
0!
#67776004
1#
#67778132
1!
#67785596
0#
0!
#67785604
1#
#67787732
1!
#67795196
0#
0!
#67795204
1#
#67797332
1!
#67804796
0#
0!
#67804804
1#
#67806932
1!
#67807996
b100010001 $
#67814396
0#
0!
#67814404
1#
#67816588
1!
#67823996
0#
0!
#67824004
1#
#67826188
1!
#67833596
0#
0!
#67833604
1#
#67835788
1!
#67843196
0#
0!
#67843204
1#
#67845388
1!
#67852796
0#
0!
#67852804
1#
#67854988
1!
#67862396
0#
0!
#67862404
1#
#67864588
1!
#67871996
0#
0!
#67872004
1#
#67874188
1!
#67881596
0#
0!
#67881604
1#
#67883788
1!
#67891196
0#
0!
#67891204
1#
#67893388
1!
#67900796
0#
0!
#67900804
1#
#67902988
1!
#67903996
b100011000 $
#67910396
0#
0!
#67910404
1#
#67912644
1!
#67919996
0#
0!
#67920004
1#
#67922244
1!
#67929596
0#
0!
#67929604
1#
#67931844
1!
#67939196
0#
0!
#67939204
1#
#67941444
1!
#67948796
0#
0!
#67948804
1#
#67951044
1!
#67958396
0#
0!
#67958404
1#
#67960644
1!
#67967996
0#
0!
#67968004
1#
#67970244
1!
#67977596
0#
0!
#67977604
1#
#67979844
1!
#67987196
0#
0!
#67987204
1#
#67989444
1!
#67996796
0#
0!
#67996804
1#
#67999044
1!
#67999996
b100011111 $
#68006396
0#
0!
#68006404
1#
#68008700
1!
#68015996
0#
0!
#68016004
1#
#68018300
1!
#68025596
0#
0!
#68025604
1#
#68027900
1!
#68035196
0#
0!
#68035204
1#
#68037500
1!
#68044796
0#
0!
#68044804
1#
#68047100
1!
#68054396
0#
0!
#68054404
1#
#68056700
1!
#68063996
0#
0!
#68064004
1#
#68066300
1!
#68073596
0#
0!
#68073604
1#
#68075900
1!
#68083196
0#
0!
#68083204
1#
#68085500
1!
#68092796
0#
0!
#68092804
1#
#68095100
1!
#68095996
b100100110 $
#68102396
0#
0!
#68102404
1#
#68104756
1!
#68111996
0#
0!
#68112004
1#
#68114356
1!
#68121596
0#
0!
#68121604
1#
#68123956
1!
#68131196
0#
0!
#68131204
1#
#68133556
1!
#68140796
0#
0!
#68140804
1#
#68143156
1!
#68150396
0#
0!
#68150404
1#
#68152756
1!
#68159996
0#
0!
#68160004
1#
#68162356
1!
#68169596
0#
0!
#68169604
1#
#68171956
1!
#68179196
0#
0!
#68179204
1#
#68181556
1!
#68188796
0#
0!
#68188804
1#
#68191156
1!
#68191996
b100101101 $
#68198396
0#
0!
#68198404
1#
#68200812
1!
#68207996
0#
0!
#68208004
1#
#68210412
1!
#68217596
0#
0!
#68217604
1#
#68220012
1!
#68227196
0#
0!
#68227204
1#
#68229612
1!
#68236796
0#
0!
#68236804
1#
#68239212
1!
#68246396
0#
0!
#68246404
1#
#68248812
1!
#68255996
0#
0!
#68256004
1#
#68258412
1!
#68265596
0#
0!
#68265604
1#
#68268012
1!
#68275196
0#
0!
#68275204
1#
#68277612
1!
#68284796
0#
0!
#68284804
1#
#68287212
1!
#68287996
b100110100 $
#68294396
0#
0!
#68294404
1#
#68296868
1!
#68303996
0#
0!
#68304004
1#
#68306468
1!
#68313596
0#
0!
#68313604
1#
#68316068
1!
#68323196
0#
0!
#68323204
1#
#68325668
1!
#68332796
0#
0!
#68332804
1#
#68335268
1!
#68342396
0#
0!
#68342404
1#
#68344868
1!
#68351996
0#
0!
#68352004
1#
#68354468
1!
#68361596
0#
0!
#68361604
1#
#68364068
1!
#68371196
0#
0!
#68371204
1#
#68373668
1!
#68380796
0#
0!
#68380804
1#
#68383268
1!
#68383996
b100111011 $
#68390396
0#
0!
#68390404
1#
#68392924
1!
#68399996
0#
0!
#68400004
1#
#68402524
1!
#68409596
0#
0!
#68409604
1#
#68412124
1!
#68419196
0#
0!
#68419204
1#
#68421724
1!
#68428796
0#
0!
#68428804
1#
#68431324
1!
#68438396
0#
0!
#68438404
1#
#68440924
1!
#68447996
0#
0!
#68448004
1#
#68450524
1!
#68457596
0#
0!
#68457604
1#
#68460124
1!
#68467196
0#
0!
#68467204
1#
#68469724
1!
#68476796
0#
0!
#68476804
1#
#68479324
1!
#68479996
b101000010 $
#68486396
0#
0!
#68486404
1#
#68488980
1!
#68495996
0#
0!
#68496004
1#
#68498580
1!
#68505596
0#
0!
#68505604
1#
#68508180
1!
#68515196
0#
0!
#68515204
1#
#68517780
1!
#68524796
0#
0!
#68524804
1#
#68527380
1!
#68534396
0#
0!
#68534404
1#
#68536980
1!
#68543996
0#
0!
#68544004
1#
#68546580
1!
#68553596
0#
0!
#68553604
1#
#68556180
1!
#68563196
0#
0!
#68563204
1#
#68565780
1!
#68572796
0#
0!
#68572804
1#
#68575380
1!
#68575996
b101001001 $
#68582396
0#
0!
#68582404
1#
#68585036
1!
#68591996
0#
0!
#68592004
1#
#68594636
1!
#68601596
0#
0!
#68601604
1#
#68604236
1!
#68611196
0#
0!
#68611204
1#
#68613836
1!
#68620796
0#
0!
#68620804
1#
#68623436
1!
#68630396
0#
0!
#68630404
1#
#68633036
1!
#68639996
0#
0!
#68640004
1#
#68642636
1!
#68649596
0#
0!
#68649604
1#
#68652236
1!
#68659196
0#
0!
#68659204
1#
#68661836
1!
#68668796
0#
0!
#68668804
1#
#68671436
1!
#68671996
b101010000 $
#68678396
0#
0!
#68678404
1#
#68681092
1!
#68687996
0#
0!
#68688004
1#
#68690692
1!
#68697596
0#
0!
#68697604
1#
#68700292
1!
#68707196
0#
0!
#68707204
1#
#68709892
1!
#68716796
0#
0!
#68716804
1#
#68719492
1!
#68726396
0#
0!
#68726404
1#
#68729092
1!
#68735996
0#
0!
#68736004
1#
#68738692
1!
#68745596
0#
0!
#68745604
1#
#68748292
1!
#68755196
0#
0!
#68755204
1#
#68757892
1!
#68764796
0#
0!
#68764804
1#
#68767492
1!
#68767996
b101010111 $
#68774396
0#
0!
#68774404
1#
#68777148
1!
#68783996
0#
0!
#68784004
1#
#68786748
1!
#68793596
0#
0!
#68793604
1#
#68796348
1!
#68803196
0#
0!
#68803204
1#
#68805948
1!
#68812796
0#
0!
#68812804
1#
#68815548
1!
#68822396
0#
0!
#68822404
1#
#68825148
1!
#68831996
0#
0!
#68832004
1#
#68834748
1!
#68841596
0#
0!
#68841604
1#
#68844348
1!
#68851196
0#
0!
#68851204
1#
#68853948
1!
#68860796
0#
0!
#68860804
1#
#68863548
1!
#68863996
b101011110 $
#68870396
0#
0!
#68870404
1#
#68873204
1!
#68879996
0#
0!
#68880004
1#
#68882804
1!
#68889596
0#
0!
#68889604
1#
#68892404
1!
#68899196
0#
0!
#68899204
1#
#68902004
1!
#68908796
0#
0!
#68908804
1#
#68911604
1!
#68918396
0#
0!
#68918404
1#
#68921204
1!
#68927996
0#
0!
#68928004
1#
#68930804
1!
#68937596
0#
0!
#68937604
1#
#68940404
1!
#68947196
0#
0!
#68947204
1#
#68950004
1!
#68956796
0#
0!
#68956804
1#
#68959604
1!
#68959996
b101100101 $
#68966396
0#
0!
#68966404
1#
#68969260
1!
#68975996
0#
0!
#68976004
1#
#68978860
1!
#68985596
0#
0!
#68985604
1#
#68988460
1!
#68995196
0#
0!
#68995204
1#
#68998060
1!
#69004796
0#
0!
#69004804
1#
#69007660
1!
#69014396
0#
0!
#69014404
1#
#69017260
1!
#69023996
0#
0!
#69024004
1#
#69026860
1!
#69033596
0#
0!
#69033604
1#
#69036460
1!
#69043196
0#
0!
#69043204
1#
#69046060
1!
#69052796
0#
0!
#69052804
1#
#69055660
1!
#69055996
b101101100 $
#69062396
0#
0!
#69062404
1#
#69065316
1!
#69071996
0#
0!
#69072004
1#
#69074916
1!
#69081596
0#
0!
#69081604
1#
#69084516
1!
#69091196
0#
0!
#69091204
1#
#69094116
1!
#69100796
0#
0!
#69100804
1#
#69103716
1!
#69110396
0#
0!
#69110404
1#
#69113316
1!
#69119996
0#
0!
#69120004
1#
#69122916
1!
#69129596
0#
0!
#69129604
1#
#69132516
1!
#69139196
0#
0!
#69139204
1#
#69142116
1!
#69148796
0#
0!
#69148804
1#
#69151716
1!
#69151996
b101110011 $
#69158396
0#
0!
#69158404
1#
#69161372
1!
#69167996
0#
0!
#69168004
1#
#69170972
1!
#69177596
0#
0!
#69177604
1#
#69180572
1!
#69187196
0#
0!
#69187204
1#
#69190172
1!
#69196796
0#
0!
#69196804
1#
#69199772
1!
#69206396
0#
0!
#69206404
1#
#69209372
1!
#69215996
0#
0!
#69216004
1#
#69218972
1!
#69225596
0#
0!
#69225604
1#
#69228572
1!
#69235196
0#
0!
#69235204
1#
#69238172
1!
#69244796
0#
0!
#69244804
1#
#69247772
1!
#69247996
b101111010 $
#69254396
0#
0!
#69254404
1#
#69257428
1!
#69263996
0#
0!
#69264004
1#
#69267028
1!
#69273596
0#
0!
#69273604
1#
#69276628
1!
#69283196
0#
0!
#69283204
1#
#69286228
1!
#69292796
0#
0!
#69292804
1#
#69295828
1!
#69302396
0#
0!
#69302404
1#
#69305428
1!
#69311996
0#
0!
#69312004
1#
#69315028
1!
#69321596
0#
0!
#69321604
1#
#69324628
1!
#69331196
0#
0!
#69331204
1#
#69334228
1!
#69340796
0#
0!
#69340804
1#
#69343828
1!
#69343996
b110000001 $
#69350396
0#
0!
#69350404
1#
#69353484
1!
#69359996
0#
0!
#69360004
1#
#69363084
1!
#69369596
0#
0!
#69369604
1#
#69372684
1!
#69379196
0#
0!
#69379204
1#
#69382284
1!
#69388796
0#
0!
#69388804
1#
#69391884
1!
#69398396
0#
0!
#69398404
1#
#69401484
1!
#69407996
0#
0!
#69408004
1#
#69411084
1!
#69417596
0#
0!
#69417604
1#
#69420684
1!
#69427196
0#
0!
#69427204
1#
#69430284
1!
#69436796
0#
0!
#69436804
1#
#69439884
1!
#69439996
b110001000 $
#69446396
0#
0!
#69446404
1#
#69449540
1!
#69455996
0#
0!
#69456004
1#
#69459140
1!
#69465596
0#
0!
#69465604
1#
#69468740
1!
#69475196
0#
0!
#69475204
1#
#69478340
1!
#69484796
0#
0!
#69484804
1#
#69487940
1!
#69494396
0#
0!
#69494404
1#
#69497540
1!
#69503996
0#
0!
#69504004
1#
#69507140
1!
#69513596
0#
0!
#69513604
1#
#69516740
1!
#69523196
0#
0!
#69523204
1#
#69526340
1!
#69532796
0#
0!
#69532804
1#
#69535940
1!
#69535996
b110001111 $
#69542396
0#
0!
#69542404
1#
#69545596
1!
#69551996
0#
0!
#69552004
1#
#69555196
1!
#69561596
0#
0!
#69561604
1#
#69564796
1!
#69571196
0#
0!
#69571204
1#
#69574396
1!
#69580796
0#
0!
#69580804
1#
#69583996
1!
#69590396
0#
0!
#69590404
1#
#69593596
1!
#69599996
0#
0!
#69600004
1#
#69603196
1!
#69609596
0#
0!
#69609604
1#
#69612796
1!
#69619196
0#
0!
#69619204
1#
#69622396
1!
#69628796
0#
0!
#69628804
1#
#69631996
b110010110 $
0!
#69632052
1!
#69638396
0#
0!
#69638404
1#
#69641652
1!
#69647996
0#
0!
#69648004
1#
#69651252
1!
#69657596
0#
0!
#69657604
1#
#69660852
1!
#69667196
0#
0!
#69667204
1#
#69670452
1!
#69676796
0#
0!
#69676804
1#
#69680052
1!
#69686396
0#
0!
#69686404
1#
#69689652
1!
#69695996
0#
0!
#69696004
1#
#69699252
1!
#69705596
0#
0!
#69705604
1#
#69708852
1!
#69715196
0#
0!
#69715204
1#
#69718452
1!
#69724796
0#
0!
#69724804
1#
#69727996
b110011101 $
#69728108
1!
#69734396
0#
0!
#69734404
1#
#69737708
1!
#69743996
0#
0!
#69744004
1#
#69747308
1!
#69753596
0#
0!
#69753604
1#
#69756908
1!
#69763196
0#
0!
#69763204
1#
#69766508
1!
#69772796
0#
0!
#69772804
1#
#69776108
1!
#69782396
0#
0!
#69782404
1#
#69785708
1!
#69791996
0#
0!
#69792004
1#
#69795308
1!
#69801596
0#
0!
#69801604
1#
#69804908
1!
#69811196
0#
0!
#69811204
1#
#69814508
1!
#69820796
0#
0!
#69820804
1#
#69823996
b110100100 $
#69824164
1!
#69830396
0#
0!
#69830404
1#
#69833764
1!
#69839996
0#
0!
#69840004
1#
#69843364
1!
#69849596
0#
0!
#69849604
1#
#69852964
1!
#69859196
0#
0!
#69859204
1#
#69862564
1!
#69868796
0#
0!
#69868804
1#
#69872164
1!
#69878396
0#
0!
#69878404
1#
#69881764
1!
#69887996
0#
0!
#69888004
1#
#69891364
1!
#69897596
0#
0!
#69897604
1#
#69900964
1!
#69907196
0#
0!
#69907204
1#
#69910564
1!
#69916796
0#
0!
#69916804
1#
#69919996
b110101011 $
#69920220
1!
#69926396
0#
0!
#69926404
1#
#69929820
1!
#69935996
0#
0!
#69936004
1#
#69939420
1!
#69945596
0#
0!
#69945604
1#
#69949020
1!
#69955196
0#
0!
#69955204
1#
#69958620
1!
#69964796
0#
0!
#69964804
1#
#69968220
1!
#69974396
0#
0!
#69974404
1#
#69977820
1!
#69983996
0#
0!
#69984004
1#
#69987420
1!
#69993596
0#
0!
#69993604
1#
#69997020
1!
#70003196
0#
0!
#70003204
1#
#70006620
1!
#70012796
0#
0!
#70012804
1#
#70015996
b110110010 $
#70016276
1!
#70022396
0#
0!
#70022404
1#
#70025876
1!
#70031996
0#
0!
#70032004
1#
#70035476
1!
#70041596
0#
0!
#70041604
1#
#70045076
1!
#70051196
0#
0!
#70051204
1#
#70054676
1!
#70060796
0#
0!
#70060804
1#
#70064276
1!
#70070396
0#
0!
#70070404
1#
#70073876
1!
#70079996
0#
0!
#70080004
1#
#70083476
1!
#70089596
0#
0!
#70089604
1#
#70093076
1!
#70099196
0#
0!
#70099204
1#
#70102676
1!
#70108796
0#
0!
#70108804
1#
#70111996
b110111001 $
#70112332
1!
#70118396
0#
0!
#70118404
1#
#70121932
1!
#70127996
0#
0!
#70128004
1#
#70131532
1!
#70137596
0#
0!
#70137604
1#
#70141132
1!
#70147196
0#
0!
#70147204
1#
#70150732
1!
#70156796
0#
0!
#70156804
1#
#70160332
1!
#70166396
0#
0!
#70166404
1#
#70169932
1!
#70175996
0#
0!
#70176004
1#
#70179532
1!
#70185596
0#
0!
#70185604
1#
#70189132
1!
#70195196
0#
0!
#70195204
1#
#70198732
1!
#70204796
0#
0!
#70204804
1#
#70207996
b111000000 $
#70208388
1!
#70214396
0#
0!
#70214404
1#
#70217988
1!
#70223996
0#
0!
#70224004
1#
#70227588
1!
#70233596
0#
0!
#70233604
1#
#70237188
1!
#70243196
0#
0!
#70243204
1#
#70246788
1!
#70252796
0#
0!
#70252804
1#
#70256388
1!
#70262396
0#
0!
#70262404
1#
#70265988
1!
#70271996
0#
0!
#70272004
1#
#70275588
1!
#70281596
0#
0!
#70281604
1#
#70285188
1!
#70291196
0#
0!
#70291204
1#
#70294788
1!
#70300796
0#
0!
#70300804
1#
#70303996
b111000111 $
#70304444
1!
#70310396
0#
0!
#70310404
1#
#70314044
1!
#70319996
0#
0!
#70320004
1#
#70323644
1!
#70329596
0#
0!
#70329604
1#
#70333244
1!
#70339196
0#
0!
#70339204
1#
#70342844
1!
#70348796
0#
0!
#70348804
1#
#70352444
1!
#70358396
0#
0!
#70358404
1#
#70362044
1!
#70367996
0#
0!
#70368004
1#
#70371644
1!
#70377596
0#
0!
#70377604
1#
#70381244
1!
#70387196
0#
0!
#70387204
1#
#70390844
1!
#70396796
0#
0!
#70396804
1#
#70399996
b111001110 $
#70400500
1!
#70406396
0#
0!
#70406404
1#
#70410100
1!
#70415996
0#
0!
#70416004
1#
#70419700
1!
#70425596
0#
0!
#70425604
1#
#70429300
1!
#70435196
0#
0!
#70435204
1#
#70438900
1!
#70444796
0#
0!
#70444804
1#
#70448500
1!
#70454396
0#
0!
#70454404
1#
#70458100
1!
#70463996
0#
0!
#70464004
1#
#70467700
1!
#70473596
0#
0!
#70473604
1#
#70477300
1!
#70483196
0#
0!
#70483204
1#
#70486900
1!
#70492796
0#
0!
#70492804
1#
#70495996
b111010101 $
#70496556
1!
#70502396
0#
0!
#70502404
1#
#70506156
1!
#70511996
0#
0!
#70512004
1#
#70515756
1!
#70521596
0#
0!
#70521604
1#
#70525356
1!
#70531196
0#
0!
#70531204
1#
#70534956
1!
#70540796
0#
0!
#70540804
1#
#70544556
1!
#70550396
0#
0!
#70550404
1#
#70554156
1!
#70559996
0#
0!
#70560004
1#
#70563756
1!
#70569596
0#
0!
#70569604
1#
#70573356
1!
#70579196
0#
0!
#70579204
1#
#70582956
1!
#70588796
0#
0!
#70588804
1#
#70591996
b111011100 $
#70592612
1!
#70598396
0#
0!
#70598404
1#
#70602212
1!
#70607996
0#
0!
#70608004
1#
#70611812
1!
#70617596
0#
0!
#70617604
1#
#70621412
1!
#70627196
0#
0!
#70627204
1#
#70631012
1!
#70636796
0#
0!
#70636804
1#
#70640612
1!
#70646396
0#
0!
#70646404
1#
#70650212
1!
#70655996
0#
0!
#70656004
1#
#70659812
1!
#70665596
0#
0!
#70665604
1#
#70669412
1!
#70675196
0#
0!
#70675204
1#
#70679012
1!
#70684796
0#
0!
#70684804
1#
#70687996
b111100011 $
#70688668
1!
#70694396
0#
0!
#70694404
1#
#70698268
1!
#70703996
0#
0!
#70704004
1#
#70707868
1!
#70713596
0#
0!
#70713604
1#
#70717468
1!
#70723196
0#
0!
#70723204
1#
#70727068
1!
#70732796
0#
0!
#70732804
1#
#70736668
1!
#70742396
0#
0!
#70742404
1#
#70746268
1!
#70751996
0#
0!
#70752004
1#
#70755868
1!
#70761596
0#
0!
#70761604
1#
#70765468
1!
#70771196
0#
0!
#70771204
1#
#70775068
1!
#70780796
0#
0!
#70780804
1#
#70783996
b111101010 $
#70784724
1!
#70790396
0#
0!
#70790404
1#
#70794324
1!
#70799996
0#
0!
#70800004
1#
#70803924
1!
#70809596
0#
0!
#70809604
1#
#70813524
1!
#70819196
0#
0!
#70819204
1#
#70823124
1!
#70828796
0#
0!
#70828804
1#
#70832724
1!
#70838396
0#
0!
#70838404
1#
#70842324
1!
#70847996
0#
0!
#70848004
1#
#70851924
1!
#70857596
0#
0!
#70857604
1#
#70861524
1!
#70867196
0#
0!
#70867204
1#
#70871124
1!
#70876796
0#
0!
#70876804
1#
#70879996
b111110001 $
#70880780
1!
#70886396
0#
0!
#70886404
1#
#70890380
1!
#70895996
0#
0!
#70896004
1#
#70899980
1!
#70905596
0#
0!
#70905604
1#
#70909580
1!
#70915196
0#
0!
#70915204
1#
#70919180
1!
#70924796
0#
0!
#70924804
1#
#70928780
1!
#70934396
0#
0!
#70934404
1#
#70938380
1!
#70943996
0#
0!
#70944004
1#
#70947980
1!
#70953596
0#
0!
#70953604
1#
#70957580
1!
#70963196
0#
0!
#70963204
1#
#70967180
1!
#70972796
0#
0!
#70972804
1#
#70975996
b111111000 $
#70976836
1!
#70982396
0#
0!
#70982404
1#
#70986436
1!
#70991996
0#
0!
#70992004
1#
#70996036
1!
#71001596
0#
0!
#71001604
1#
#71005636
1!
#71011196
0#
0!
#71011204
1#
#71015236
1!
#71020796
0#
0!
#71020804
1#
#71024836
1!
#71030396
0#
0!
#71030404
1#
#71034436
1!
#71039996
0#
0!
#71040004
1#
#71044036
1!
#71049596
0#
0!
#71049604
1#
#71053636
1!
#71059196
0#
0!
#71059204
1#
#71063236
1!
#71068796
0#
0!
#71068804
1#
#71071996
b111111111 $
#71072892
1!
#71078396
0#
0!
#71078404
1#
#71082492
1!
#71087996
0#
0!
#71088004
1#
#71092092
1!
#71097596
0#
0!
#71097604
1#
#71101692
1!
#71107196
0#
0!
#71107204
1#
#71111292
1!
#71116796
0#
0!
#71116804
1#
#71120892
1!
#71126396
0#
0!
#71126404
1#
#71130492
1!
#71135996
0#
0!
#71136004
1#
#71140092
1!
#71145596
0#
0!
#71145604
1#
#71149692
1!
#71155196
0#
0!
#71155204
1#
#71159292
1!
#71164796
0#
0!
#71164804
1#
#71167996
b1000000110 $
#71168948
1!
#71174396
0#
0!
#71174404
1#
#71178548
1!
#71183996
0#
0!
#71184004
1#
#71188148
1!
#71193596
0#
0!
#71193604
1#
#71197748
1!
#71203196
0#
0!
#71203204
1#
#71207348
1!
#71212796
0#
0!
#71212804
1#
#71216948
1!
#71222396
0#
0!
#71222404
1#
#71226548
1!
#71231996
0#
0!
#71232004
1#
#71236148
1!
#71241596
0#
0!
#71241604
1#
#71245748
1!
#71251196
0#
0!
#71251204
1#
#71255348
1!
#71260796
0#
0!
#71260804
1#
#71263996
b1000001101 $
#71265004
1!
#71270396
0#
0!
#71270404
1#
#71274604
1!
#71279996
0#
0!
#71280004
1#
#71284204
1!
#71289596
0#
0!
#71289604
1#
#71293804
1!
#71299196
0#
0!
#71299204
1#
#71303404
1!
#71308796
0#
0!
#71308804
1#
#71313004
1!
#71318396
0#
0!
#71318404
1#
#71322604
1!
#71327996
0#
0!
#71328004
1#
#71332204
1!
#71337596
0#
0!
#71337604
1#
#71341804
1!
#71347196
0#
0!
#71347204
1#
#71351404
1!
#71356796
0#
0!
#71356804
1#
#71359996
b1000010100 $
#71361060
1!
#71366396
0#
0!
#71366404
1#
#71370660
1!
#71375996
0#
0!
#71376004
1#
#71380260
1!
#71385596
0#
0!
#71385604
1#
#71389860
1!
#71395196
0#
0!
#71395204
1#
#71399460
1!
#71404796
0#
0!
#71404804
1#
#71409060
1!
#71414396
0#
0!
#71414404
1#
#71418660
1!
#71423996
0#
0!
#71424004
1#
#71428260
1!
#71433596
0#
0!
#71433604
1#
#71437860
1!
#71443196
0#
0!
#71443204
1#
#71447460
1!
#71452796
0#
0!
#71452804
1#
#71455996
b1000011011 $
#71457116
1!
#71462396
0#
0!
#71462404
1#
#71466716
1!
#71471996
0#
0!
#71472004
1#
#71476316
1!
#71481596
0#
0!
#71481604
1#
#71485916
1!
#71491196
0#
0!
#71491204
1#
#71495516
1!
#71500796
0#
0!
#71500804
1#
#71505116
1!
#71510396
0#
0!
#71510404
1#
#71514716
1!
#71519996
0#
0!
#71520004
1#
#71524316
1!
#71529596
0#
0!
#71529604
1#
#71533916
1!
#71539196
0#
0!
#71539204
1#
#71543516
1!
#71548796
0#
0!
#71548804
1#
#71551996
b1000100010 $
#71553172
1!
#71558396
0#
0!
#71558404
1#
#71562772
1!
#71567996
0#
0!
#71568004
1#
#71572372
1!
#71577596
0#
0!
#71577604
1#
#71581972
1!
#71587196
0#
0!
#71587204
1#
#71591572
1!
#71596796
0#
0!
#71596804
1#
#71601172
1!
#71606396
0#
0!
#71606404
1#
#71610772
1!
#71615996
0#
0!
#71616004
1#
#71620372
1!
#71625596
0#
0!
#71625604
1#
#71629972
1!
#71635196
0#
0!
#71635204
1#
#71639572
1!
#71644796
0#
0!
#71644804
1#
#71647996
b1000101001 $
#71649228
1!
#71654396
0#
0!
#71654404
1#
#71658828
1!
#71663996
0#
0!
#71664004
1#
#71668428
1!
#71673596
0#
0!
#71673604
1#
#71678028
1!
#71683196
0#
0!
#71683204
1#
#71687628
1!
#71692796
0#
0!
#71692804
1#
#71697228
1!
#71702396
0#
0!
#71702404
1#
#71706828
1!
#71711996
0#
0!
#71712004
1#
#71716428
1!
#71721596
0#
0!
#71721604
1#
#71726028
1!
#71731196
0#
0!
#71731204
1#
#71735628
1!
#71740796
0#
0!
#71740804
1#
#71743996
b1000110000 $
#71745284
1!
#71750396
0#
0!
#71750404
1#
#71754884
1!
#71759996
0#
0!
#71760004
1#
#71764484
1!
#71769596
0#
0!
#71769604
1#
#71774084
1!
#71779196
0#
0!
#71779204
1#
#71783684
1!
#71788796
0#
0!
#71788804
1#
#71793284
1!
#71798396
0#
0!
#71798404
1#
#71802884
1!
#71807996
0#
0!
#71808004
1#
#71812484
1!
#71817596
0#
0!
#71817604
1#
#71822084
1!
#71827196
0#
0!
#71827204
1#
#71831684
1!
#71836796
0#
0!
#71836804
1#
#71839996
b1000110111 $
#71841340
1!
#71846396
0#
0!
#71846404
1#
#71850940
1!
#71855996
0#
0!
#71856004
1#
#71860540
1!
#71865596
0#
0!
#71865604
1#
#71870140
1!
#71875196
0#
0!
#71875204
1#
#71879740
1!
#71884796
0#
0!
#71884804
1#
#71889340
1!
#71894396
0#
0!
#71894404
1#
#71898940
1!
#71903996
0#
0!
#71904004
1#
#71908540
1!
#71913596
0#
0!
#71913604
1#
#71918140
1!
#71923196
0#
0!
#71923204
1#
#71927740
1!
#71932796
0#
0!
#71932804
1#
#71935996
b1000111110 $
#71937396
1!
#71942396
0#
0!
#71942404
1#
#71946996
1!
#71951996
0#
0!
#71952004
1#
#71956596
1!
#71961596
0#
0!
#71961604
1#
#71966196
1!
#71971196
0#
0!
#71971204
1#
#71975796
1!
#71980796
0#
0!
#71980804
1#
#71985396
1!
#71990396
0#
0!
#71990404
1#
#71994996
1!
#71999996
0#
0!
#72000004
1#
#72004596
1!
#72009596
0#
0!
#72009604
1#
#72014196
1!
#72019196
0#
0!
#72019204
1#
#72023796
1!
#72028796
0#
0!
#72028804
1#
#72031996
b1001000101 $
#72033452
1!
#72038396
0#
0!
#72038404
1#
#72043052
1!
#72047996
0#
0!
#72048004
1#
#72052652
1!
#72057596
0#
0!
#72057604
1#
#72062252
1!
#72067196
0#
0!
#72067204
1#
#72071852
1!
#72076796
0#
0!
#72076804
1#
#72081452
1!
#72086396
0#
0!
#72086404
1#
#72091052
1!
#72095996
0#
0!
#72096004
1#
#72100652
1!
#72105596
0#
0!
#72105604
1#
#72110252
1!
#72115196
0#
0!
#72115204
1#
#72119852
1!
#72124796
0#
0!
#72124804
1#
#72127996
b1001001100 $
#72129508
1!
#72134396
0#
0!
#72134404
1#
#72139108
1!
#72143996
0#
0!
#72144004
1#
#72148708
1!
#72153596
0#
0!
#72153604
1#
#72158308
1!
#72163196
0#
0!
#72163204
1#
#72167908
1!
#72172796
0#
0!
#72172804
1#
#72177508
1!
#72182396
0#
0!
#72182404
1#
#72187108
1!
#72191996
0#
0!
#72192004
1#
#72196708
1!
#72201596
0#
0!
#72201604
1#
#72206308
1!
#72211196
0#
0!
#72211204
1#
#72215908
1!
#72220796
0#
0!
#72220804
1#
#72223996
b1001010011 $
#72225564
1!
#72230396
0#
0!
#72230404
1#
#72235164
1!
#72239996
0#
0!
#72240004
1#
#72244764
1!
#72249596
0#
0!
#72249604
1#
#72254364
1!
#72259196
0#
0!
#72259204
1#
#72263964
1!
#72268796
0#
0!
#72268804
1#
#72273564
1!
#72278396
0#
0!
#72278404
1#
#72283164
1!
#72287996
0#
0!
#72288004
1#
#72292764
1!
#72297596
0#
0!
#72297604
1#
#72302364
1!
#72307196
0#
0!
#72307204
1#
#72311964
1!
#72316796
0#
0!
#72316804
1#
#72319996
b1001011010 $
#72321620
1!
#72326396
0#
0!
#72326404
1#
#72331220
1!
#72335996
0#
0!
#72336004
1#
#72340820
1!
#72345596
0#
0!
#72345604
1#
#72350420
1!
#72355196
0#
0!
#72355204
1#
#72360020
1!
#72364796
0#
0!
#72364804
1#
#72369620
1!
#72374396
0#
0!
#72374404
1#
#72379220
1!
#72383996
0#
0!
#72384004
1#
#72388820
1!
#72393596
0#
0!
#72393604
1#
#72398420
1!
#72403196
0#
0!
#72403204
1#
#72408020
1!
#72412796
0#
0!
#72412804
1#
#72415996
b1001100001 $
#72417676
1!
#72422396
0#
0!
#72422404
1#
#72427276
1!
#72431996
0#
0!
#72432004
1#
#72436876
1!
#72441596
0#
0!
#72441604
1#
#72446476
1!
#72451196
0#
0!
#72451204
1#
#72456076
1!
#72460796
0#
0!
#72460804
1#
#72465676
1!
#72470396
0#
0!
#72470404
1#
#72475276
1!
#72479996
0#
0!
#72480004
1#
#72484876
1!
#72489596
0#
0!
#72489604
1#
#72494476
1!
#72499196
0#
0!
#72499204
1#
#72504076
1!
#72508796
0#
0!
#72508804
1#
#72511996
b1001101000 $
#72513732
1!
#72518396
0#
0!
#72518404
1#
#72523332
1!
#72527996
0#
0!
#72528004
1#
#72532932
1!
#72537596
0#
0!
#72537604
1#
#72542532
1!
#72547196
0#
0!
#72547204
1#
#72552132
1!
#72556796
0#
0!
#72556804
1#
#72561732
1!
#72566396
0#
0!
#72566404
1#
#72571332
1!
#72575996
0#
0!
#72576004
1#
#72580932
1!
#72585596
0#
0!
#72585604
1#
#72590532
1!
#72595196
0#
0!
#72595204
1#
#72600132
1!
#72604796
0#
0!
#72604804
1#
#72607996
b1001101111 $
#72609788
1!
#72614396
0#
0!
#72614404
1#
#72619388
1!
#72623996
0#
0!
#72624004
1#
#72628988
1!
#72633596
0#
0!
#72633604
1#
#72638588
1!
#72643196
0#
0!
#72643204
1#
#72648188
1!
#72652796
0#
0!
#72652804
1#
#72657788
1!
#72662396
0#
0!
#72662404
1#
#72667388
1!
#72671996
0#
0!
#72672004
1#
#72676988
1!
#72681596
0#
0!
#72681604
1#
#72686588
1!
#72691196
0#
0!
#72691204
1#
#72696188
1!
#72700796
0#
0!
#72700804
1#
#72703996
b1001110110 $
#72705844
1!
#72710396
0#
0!
#72710404
1#
#72715444
1!
#72719996
0#
0!
#72720004
1#
#72725044
1!
#72729596
0#
0!
#72729604
1#
#72734644
1!
#72739196
0#
0!
#72739204
1#
#72744244
1!
#72748796
0#
0!
#72748804
1#
#72753844
1!
#72758396
0#
0!
#72758404
1#
#72763444
1!
#72767996
0#
0!
#72768004
1#
#72773044
1!
#72777596
0#
0!
#72777604
1#
#72782644
1!
#72787196
0#
0!
#72787204
1#
#72792244
1!
#72796796
0#
0!
#72796804
1#
#72799996
b1001111101 $
#72801900
1!
#72806396
0#
0!
#72806404
1#
#72811500
1!
#72815996
0#
0!
#72816004
1#
#72821100
1!
#72825596
0#
0!
#72825604
1#
#72830700
1!
#72835196
0#
0!
#72835204
1#
#72840300
1!
#72844796
0#
0!
#72844804
1#
#72849900
1!
#72854396
0#
0!
#72854404
1#
#72859500
1!
#72863996
0#
0!
#72864004
1#
#72869100
1!
#72873596
0#
0!
#72873604
1#
#72878700
1!
#72883196
0#
0!
#72883204
1#
#72888300
1!
#72892796
0#
0!
#72892804
1#
#72895996
b1010000100 $
#72897956
1!
#72902396
0#
0!
#72902404
1#
#72907556
1!
#72911996
0#
0!
#72912004
1#
#72917156
1!
#72921596
0#
0!
#72921604
1#
#72926756
1!
#72931196
0#
0!
#72931204
1#
#72936356
1!
#72940796
0#
0!
#72940804
1#
#72945956
1!
#72950396
0#
0!
#72950404
1#
#72955556
1!
#72959996
0#
0!
#72960004
1#
#72965156
1!
#72969596
0#
0!
#72969604
1#
#72974756
1!
#72979196
0#
0!
#72979204
1#
#72984356
1!
#72988796
0#
0!
#72988804
1#
#72991996
b1010001011 $
#72994012
1!
#72998396
0#
0!
#72998404
1#
#73003612
1!
#73007996
0#
0!
#73008004
1#
#73013212
1!
#73017596
0#
0!
#73017604
1#
#73022812
1!
#73027196
0#
0!
#73027204
1#
#73032412
1!
#73036796
0#
0!
#73036804
1#
#73042012
1!
#73046396
0#
0!
#73046404
1#
#73051612
1!
#73055996
0#
0!
#73056004
1#
#73061212
1!
#73065596
0#
0!
#73065604
1#
#73070812
1!
#73075196
0#
0!
#73075204
1#
#73080412
1!
#73084796
0#
0!
#73084804
1#
#73087996
b1010010010 $
#73090068
1!
#73094396
0#
0!
#73094404
1#
#73099668
1!
#73103996
0#
0!
#73104004
1#
#73109268
1!
#73113596
0#
0!
#73113604
1#
#73118868
1!
#73123196
0#
0!
#73123204
1#
#73128468
1!
#73132796
0#
0!
#73132804
1#
#73138068
1!
#73142396
0#
0!
#73142404
1#
#73147668
1!
#73151996
0#
0!
#73152004
1#
#73157268
1!
#73161596
0#
0!
#73161604
1#
#73166868
1!
#73171196
0#
0!
#73171204
1#
#73176468
1!
#73180796
0#
0!
#73180804
1#
#73183996
b1010011001 $
#73186124
1!
#73190396
0#
0!
#73190404
1#
#73195724
1!
#73199996
0#
0!
#73200004
1#
#73205324
1!
#73209596
0#
0!
#73209604
1#
#73214924
1!
#73219196
0#
0!
#73219204
1#
#73224524
1!
#73228796
0#
0!
#73228804
1#
#73234124
1!
#73238396
0#
0!
#73238404
1#
#73243724
1!
#73247996
0#
0!
#73248004
1#
#73253324
1!
#73257596
0#
0!
#73257604
1#
#73262924
1!
#73267196
0#
0!
#73267204
1#
#73272524
1!
#73276796
0#
0!
#73276804
1#
#73279996
b1010100000 $
#73282180
1!
#73286396
0#
0!
#73286404
1#
#73291780
1!
#73295996
0#
0!
#73296004
1#
#73301380
1!
#73305596
0#
0!
#73305604
1#
#73310980
1!
#73315196
0#
0!
#73315204
1#
#73320580
1!
#73324796
0#
0!
#73324804
1#
#73330180
1!
#73334396
0#
0!
#73334404
1#
#73339780
1!
#73343996
0#
0!
#73344004
1#
#73349380
1!
#73353596
0#
0!
#73353604
1#
#73358980
1!
#73363196
0#
0!
#73363204
1#
#73368580
1!
#73372796
0#
0!
#73372804
1#
#73375996
b1010100111 $
#73378236
1!
#73382396
0#
0!
#73382404
1#
#73387836
1!
#73391996
0#
0!
#73392004
1#
#73397436
1!
#73401596
0#
0!
#73401604
1#
#73407036
1!
#73411196
0#
0!
#73411204
1#
#73416636
1!
#73420796
0#
0!
#73420804
1#
#73426236
1!
#73430396
0#
0!
#73430404
1#
#73435836
1!
#73439996
0#
0!
#73440004
1#
#73445436
1!
#73449596
0#
0!
#73449604
1#
#73455036
1!
#73459196
0#
0!
#73459204
1#
#73464636
1!
#73468796
0#
0!
#73468804
1#
#73471996
b1010101110 $
#73474292
1!
#73478396
0#
0!
#73478404
1#
#73483892
1!
#73487996
0#
0!
#73488004
1#
#73493492
1!
#73497596
0#
0!
#73497604
1#
#73503092
1!
#73507196
0#
0!
#73507204
1#
#73512692
1!
#73516796
0#
0!
#73516804
1#
#73522292
1!
#73526396
0#
0!
#73526404
1#
#73531892
1!
#73535996
0#
0!
#73536004
1#
#73541492
1!
#73545596
0#
0!
#73545604
1#
#73551092
1!
#73555196
0#
0!
#73555204
1#
#73560692
1!
#73564796
0#
0!
#73564804
1#
#73567996
b1010110101 $
#73570348
1!
#73574396
0#
0!
#73574404
1#
#73579948
1!
#73583996
0#
0!
#73584004
1#
#73589548
1!
#73593596
0#
0!
#73593604
1#
#73599148
1!
#73603196
0#
0!
#73603204
1#
#73608748
1!
#73612796
0#
0!
#73612804
1#
#73618348
1!
#73622396
0#
0!
#73622404
1#
#73627948
1!
#73631996
0#
0!
#73632004
1#
#73637548
1!
#73641596
0#
0!
#73641604
1#
#73647148
1!
#73651196
0#
0!
#73651204
1#
#73656748
1!
#73660796
0#
0!
#73660804
1#
#73663996
b1010111100 $
#73666404
1!
#73670396
0#
0!
#73670404
1#
#73676004
1!
#73679996
0#
0!
#73680004
1#
#73685604
1!
#73689596
0#
0!
#73689604
1#
#73695204
1!
#73699196
0#
0!
#73699204
1#
#73704804
1!
#73708796
0#
0!
#73708804
1#
#73714404
1!
#73718396
0#
0!
#73718404
1#
#73724004
1!
#73727996
0#
0!
#73728004
1#
#73733604
1!
#73737596
0#
0!
#73737604
1#
#73743204
1!
#73747196
0#
0!
#73747204
1#
#73752804
1!
#73756796
0#
0!
#73756804
1#
#73759996
b1011000011 $
#73762460
1!
#73766396
0#
0!
#73766404
1#
#73772060
1!
#73775996
0#
0!
#73776004
1#
#73781660
1!
#73785596
0#
0!
#73785604
1#
#73791260
1!
#73795196
0#
0!
#73795204
1#
#73800860
1!
#73804796
0#
0!
#73804804
1#
#73810460
1!
#73814396
0#
0!
#73814404
1#
#73820060
1!
#73823996
0#
0!
#73824004
1#
#73829660
1!
#73833596
0#
0!
#73833604
1#
#73839260
1!
#73843196
0#
0!
#73843204
1#
#73848860
1!
#73852796
0#
0!
#73852804
1#
#73855996
b1011001010 $
#73858516
1!
#73862396
0#
0!
#73862404
1#
#73868116
1!
#73871996
0#
0!
#73872004
1#
#73877716
1!
#73881596
0#
0!
#73881604
1#
#73887316
1!
#73891196
0#
0!
#73891204
1#
#73896916
1!
#73900796
0#
0!
#73900804
1#
#73906516
1!
#73910396
0#
0!
#73910404
1#
#73916116
1!
#73919996
0#
0!
#73920004
1#
#73925716
1!
#73929596
0#
0!
#73929604
1#
#73935316
1!
#73939196
0#
0!
#73939204
1#
#73944916
1!
#73948796
0#
0!
#73948804
1#
#73951996
b1011010001 $
#73954572
1!
#73958396
0#
0!
#73958404
1#
#73964172
1!
#73967996
0#
0!
#73968004
1#
#73973772
1!
#73977596
0#
0!
#73977604
1#
#73983372
1!
#73987196
0#
0!
#73987204
1#
#73992972
1!
#73996796
0#
0!
#73996804
1#
#74002572
1!
#74006396
0#
0!
#74006404
1#
#74012172
1!
#74015996
0#
0!
#74016004
1#
#74021772
1!
#74025596
0#
0!
#74025604
1#
#74031372
1!
#74035196
0#
0!
#74035204
1#
#74040972
1!
#74044796
0#
0!
#74044804
1#
#74047996
b1011011000 $
#74050628
1!
#74054396
0#
0!
#74054404
1#
#74060228
1!
#74063996
0#
0!
#74064004
1#
#74069828
1!
#74073596
0#
0!
#74073604
1#
#74079428
1!
#74083196
0#
0!
#74083204
1#
#74089028
1!
#74092796
0#
0!
#74092804
1#
#74098628
1!
#74102396
0#
0!
#74102404
1#
#74108228
1!
#74111996
0#
0!
#74112004
1#
#74117828
1!
#74121596
0#
0!
#74121604
1#
#74127428
1!
#74131196
0#
0!
#74131204
1#
#74137028
1!
#74140796
0#
0!
#74140804
1#
#74143996
b1011011111 $
#74146684
1!
#74150396
0#
0!
#74150404
1#
#74156284
1!
#74159996
0#
0!
#74160004
1#
#74165884
1!
#74169596
0#
0!
#74169604
1#
#74175484
1!
#74179196
0#
0!
#74179204
1#
#74185084
1!
#74188796
0#
0!
#74188804
1#
#74194684
1!
#74198396
0#
0!
#74198404
1#
#74204284
1!
#74207996
0#
0!
#74208004
1#
#74213884
1!
#74217596
0#
0!
#74217604
1#
#74223484
1!
#74227196
0#
0!
#74227204
1#
#74233084
1!
#74236796
0#
0!
#74236804
1#
#74239996
b1011100110 $
#74242740
1!
#74246396
0#
0!
#74246404
1#
#74252340
1!
#74255996
0#
0!
#74256004
1#
#74261940
1!
#74265596
0#
0!
#74265604
1#
#74271540
1!
#74275196
0#
0!
#74275204
1#
#74281140
1!
#74284796
0#
0!
#74284804
1#
#74290740
1!
#74294396
0#
0!
#74294404
1#
#74300340
1!
#74303996
0#
0!
#74304004
1#
#74309940
1!
#74313596
0#
0!
#74313604
1#
#74319540
1!
#74323196
0#
0!
#74323204
1#
#74329140
1!
#74332796
0#
0!
#74332804
1#
#74335996
b1011101101 $
#74338796
1!
#74342396
0#
0!
#74342404
1#
#74348396
1!
#74351996
0#
0!
#74352004
1#
#74357996
1!
#74361596
0#
0!
#74361604
1#
#74367596
1!
#74371196
0#
0!
#74371204
1#
#74377196
1!
#74380796
0#
0!
#74380804
1#
#74386796
1!
#74390396
0#
0!
#74390404
1#
#74396396
1!
#74399996
0#
0!
#74400004
1#
#74405996
1!
#74409596
0#
0!
#74409604
1#
#74415596
1!
#74419196
0#
0!
#74419204
1#
#74425196
1!
#74428796
0#
0!
#74428804
1#
#74431996
b1011110100 $
#74434852
1!
#74438396
0#
0!
#74438404
1#
#74444452
1!
#74447996
0#
0!
#74448004
1#
#74454052
1!
#74457596
0#
0!
#74457604
1#
#74463652
1!
#74467196
0#
0!
#74467204
1#
#74473252
1!
#74476796
0#
0!
#74476804
1#
#74482852
1!
#74486396
0#
0!
#74486404
1#
#74492452
1!
#74495996
0#
0!
#74496004
1#
#74502052
1!
#74505596
0#
0!
#74505604
1#
#74511652
1!
#74515196
0#
0!
#74515204
1#
#74521252
1!
#74524796
0#
0!
#74524804
1#
#74527996
b1011111011 $
#74530908
1!
#74534396
0#
0!
#74534404
1#
#74540508
1!
#74543996
0#
0!
#74544004
1#
#74550108
1!
#74553596
0#
0!
#74553604
1#
#74559708
1!
#74563196
0#
0!
#74563204
1#
#74569308
1!
#74572796
0#
0!
#74572804
1#
#74578908
1!
#74582396
0#
0!
#74582404
1#
#74588508
1!
#74591996
0#
0!
#74592004
1#
#74598108
1!
#74601596
0#
0!
#74601604
1#
#74607708
1!
#74611196
0#
0!
#74611204
1#
#74617308
1!
#74620796
0#
0!
#74620804
1#
#74623996
b1100000010 $
#74626964
1!
#74630396
0#
0!
#74630404
1#
#74636564
1!
#74639996
0#
0!
#74640004
1#
#74646164
1!
#74649596
0#
0!
#74649604
1#
#74655764
1!
#74659196
0#
0!
#74659204
1#
#74665364
1!
#74668796
0#
0!
#74668804
1#
#74674964
1!
#74678396
0#
0!
#74678404
1#
#74684564
1!
#74687996
0#
0!
#74688004
1#
#74694164
1!
#74697596
0#
0!
#74697604
1#
#74703764
1!
#74707196
0#
0!
#74707204
1#
#74713364
1!
#74716796
0#
0!
#74716804
1#
#74719996
b1100001001 $
#74723020
1!
#74726396
0#
0!
#74726404
1#
#74732620
1!
#74735996
0#
0!
#74736004
1#
#74742220
1!
#74745596
0#
0!
#74745604
1#
#74751820
1!
#74755196
0#
0!
#74755204
1#
#74761420
1!
#74764796
0#
0!
#74764804
1#
#74771020
1!
#74774396
0#
0!
#74774404
1#
#74780620
1!
#74783996
0#
0!
#74784004
1#
#74790220
1!
#74793596
0#
0!
#74793604
1#
#74799820
1!
#74803196
0#
0!
#74803204
1#
#74809420
1!
#74812796
0#
0!
#74812804
1#
#74815996
b1100010000 $
#74819076
1!
#74822396
0#
0!
#74822404
1#
#74828676
1!
#74831996
0#
0!
#74832004
1#
#74838276
1!
#74841596
0#
0!
#74841604
1#
#74847876
1!
#74851196
0#
0!
#74851204
1#
#74857476
1!
#74860796
0#
0!
#74860804
1#
#74867076
1!
#74870396
0#
0!
#74870404
1#
#74876676
1!
#74879996
0#
0!
#74880004
1#
#74886276
1!
#74889596
0#
0!
#74889604
1#
#74895876
1!
#74899196
0#
0!
#74899204
1#
#74905476
1!
#74908796
0#
0!
#74908804
1#
#74911996
b1100010111 $
#74915132
1!
#74918396
0#
0!
#74918404
1#
#74924732
1!
#74927996
0#
0!
#74928004
1#
#74934332
1!
#74937596
0#
0!
#74937604
1#
#74943932
1!
#74947196
0#
0!
#74947204
1#
#74953532
1!
#74956796
0#
0!
#74956804
1#
#74963132
1!
#74966396
0#
0!
#74966404
1#
#74972732
1!
#74975996
0#
0!
#74976004
1#
#74982332
1!
#74985596
0#
0!
#74985604
1#
#74991932
1!
#74995196
0#
0!
#74995204
1#
#75001532
1!
#75004796
0#
0!
#75004804
1#
#75007996
b1100011110 $
#75011188
1!
#75014396
0#
0!
#75014404
1#
#75020788
1!
#75023996
0#
0!
#75024004
1#
#75030388
1!
#75033596
0#
0!
#75033604
1#
#75039988
1!
#75043196
0#
0!
#75043204
1#
#75049588
1!
#75052796
0#
0!
#75052804
1#
#75059188
1!
#75062396
0#
0!
#75062404
1#
#75068788
1!
#75071996
0#
0!
#75072004
1#
#75078388
1!
#75081596
0#
0!
#75081604
1#
#75087988
1!
#75091196
0#
0!
#75091204
1#
#75097588
1!
#75100796
0#
0!
#75100804
1#
#75103996
b1100100101 $
#75107244
1!
#75110396
0#
0!
#75110404
1#
#75116844
1!
#75119996
0#
0!
#75120004
1#
#75126444
1!
#75129596
0#
0!
#75129604
1#
#75136044
1!
#75139196
0#
0!
#75139204
1#
#75145644
1!
#75148796
0#
0!
#75148804
1#
#75155244
1!
#75158396
0#
0!
#75158404
1#
#75164844
1!
#75167996
0#
0!
#75168004
1#
#75174444
1!
#75177596
0#
0!
#75177604
1#
#75184044
1!
#75187196
0#
0!
#75187204
1#
#75193644
1!
#75196796
0#
0!
#75196804
1#
#75199996
b1100101100 $
#75203300
1!
#75206396
0#
0!
#75206404
1#
#75212900
1!
#75215996
0#
0!
#75216004
1#
#75222500
1!
#75225596
0#
0!
#75225604
1#
#75232100
1!
#75235196
0#
0!
#75235204
1#
#75241700
1!
#75244796
0#
0!
#75244804
1#
#75251300
1!
#75254396
0#
0!
#75254404
1#
#75260900
1!
#75263996
0#
0!
#75264004
1#
#75270500
1!
#75273596
0#
0!
#75273604
1#
#75280100
1!
#75283196
0#
0!
#75283204
1#
#75289700
1!
#75292796
0#
0!
#75292804
1#
#75295996
b1100110011 $
#75299356
1!
#75302396
0#
0!
#75302404
1#
#75308956
1!
#75311996
0#
0!
#75312004
1#
#75318556
1!
#75321596
0#
0!
#75321604
1#
#75328156
1!
#75331196
0#
0!
#75331204
1#
#75337756
1!
#75340796
0#
0!
#75340804
1#
#75347356
1!
#75350396
0#
0!
#75350404
1#
#75356956
1!
#75359996
0#
0!
#75360004
1#
#75366556
1!
#75369596
0#
0!
#75369604
1#
#75376156
1!
#75379196
0#
0!
#75379204
1#
#75385756
1!
#75388796
0#
0!
#75388804
1#
#75391996
b1100111010 $
#75395412
1!
#75398396
0#
0!
#75398404
1#
#75405012
1!
#75407996
0#
0!
#75408004
1#
#75414612
1!
#75417596
0#
0!
#75417604
1#
#75424212
1!
#75427196
0#
0!
#75427204
1#
#75433812
1!
#75436796
0#
0!
#75436804
1#
#75443412
1!
#75446396
0#
0!
#75446404
1#
#75453012
1!
#75455996
0#
0!
#75456004
1#
#75462612
1!
#75465596
0#
0!
#75465604
1#
#75472212
1!
#75475196
0#
0!
#75475204
1#
#75481812
1!
#75484796
0#
0!
#75484804
1#
#75487996
b1101000001 $
#75491468
1!
#75494396
0#
0!
#75494404
1#
#75501068
1!
#75503996
0#
0!
#75504004
1#
#75510668
1!
#75513596
0#
0!
#75513604
1#
#75520268
1!
#75523196
0#
0!
#75523204
1#
#75529868
1!
#75532796
0#
0!
#75532804
1#
#75539468
1!
#75542396
0#
0!
#75542404
1#
#75549068
1!
#75551996
0#
0!
#75552004
1#
#75558668
1!
#75561596
0#
0!
#75561604
1#
#75568268
1!
#75571196
0#
0!
#75571204
1#
#75577868
1!
#75580796
0#
0!
#75580804
1#
#75583996
b1101001000 $
#75587524
1!
#75590396
0#
0!
#75590404
1#
#75597124
1!
#75599996
0#
0!
#75600004
1#
#75606724
1!
#75609596
0#
0!
#75609604
1#
#75616324
1!
#75619196
0#
0!
#75619204
1#
#75625924
1!
#75628796
0#
0!
#75628804
1#
#75635524
1!
#75638396
0#
0!
#75638404
1#
#75645124
1!
#75647996
0#
0!
#75648004
1#
#75654724
1!
#75657596
0#
0!
#75657604
1#
#75664324
1!
#75667196
0#
0!
#75667204
1#
#75673924
1!
#75676796
0#
0!
#75676804
1#
#75679996
b1101001111 $
#75683580
1!
#75686396
0#
0!
#75686404
1#
#75693180
1!
#75695996
0#
0!
#75696004
1#
#75702780
1!
#75705596
0#
0!
#75705604
1#
#75712380
1!
#75715196
0#
0!
#75715204
1#
#75721980
1!
#75724796
0#
0!
#75724804
1#
#75731580
1!
#75734396
0#
0!
#75734404
1#
#75741180
1!
#75743996
0#
0!
#75744004
1#
#75750780
1!
#75753596
0#
0!
#75753604
1#
#75760380
1!
#75763196
0#
0!
#75763204
1#
#75769980
1!
#75772796
0#
0!
#75772804
1#
#75775996
b1101010110 $
#75779636
1!
#75782396
0#
0!
#75782404
1#
#75789236
1!
#75791996
0#
0!
#75792004
1#
#75798836
1!
#75801596
0#
0!
#75801604
1#
#75808436
1!
#75811196
0#
0!
#75811204
1#
#75818036
1!
#75820796
0#
0!
#75820804
1#
#75827636
1!
#75830396
0#
0!
#75830404
1#
#75837236
1!
#75839996
0#
0!
#75840004
1#
#75846836
1!
#75849596
0#
0!
#75849604
1#
#75856436
1!
#75859196
0#
0!
#75859204
1#
#75866036
1!
#75868796
0#
0!
#75868804
1#
#75871996
b1101011101 $
#75875692
1!
#75878396
0#
0!
#75878404
1#
#75885292
1!
#75887996
0#
0!
#75888004
1#
#75894892
1!
#75897596
0#
0!
#75897604
1#
#75904492
1!
#75907196
0#
0!
#75907204
1#
#75914092
1!
#75916796
0#
0!
#75916804
1#
#75923692
1!
#75926396
0#
0!
#75926404
1#
#75933292
1!
#75935996
0#
0!
#75936004
1#
#75942892
1!
#75945596
0#
0!
#75945604
1#
#75952492
1!
#75955196
0#
0!
#75955204
1#
#75962092
1!
#75964796
0#
0!
#75964804
1#
#75967996
b1101100100 $
#75971748
1!
#75974396
0#
0!
#75974404
1#
#75981348
1!
#75983996
0#
0!
#75984004
1#
#75990948
1!
#75993596
0#
0!
#75993604
1#
#76000548
1!
#76003196
0#
0!
#76003204
1#
#76010148
1!
#76012796
0#
0!
#76012804
1#
#76019748
1!
#76022396
0#
0!
#76022404
1#
#76029348
1!
#76031996
0#
0!
#76032004
1#
#76038948
1!
#76041596
0#
0!
#76041604
1#
#76048548
1!
#76051196
0#
0!
#76051204
1#
#76058148
1!
#76060796
0#
0!
#76060804
1#
#76063996
b1101101011 $
#76067804
1!
#76070396
0#
0!
#76070404
1#
#76077404
1!
#76079996
0#
0!
#76080004
1#
#76087004
1!
#76089596
0#
0!
#76089604
1#
#76096604
1!
#76099196
0#
0!
#76099204
1#
#76106204
1!
#76108796
0#
0!
#76108804
1#
#76115804
1!
#76118396
0#
0!
#76118404
1#
#76125404
1!
#76127996
0#
0!
#76128004
1#
#76135004
1!
#76137596
0#
0!
#76137604
1#
#76144604
1!
#76147196
0#
0!
#76147204
1#
#76154204
1!
#76156796
0#
0!
#76156804
1#
#76159996
b1101110010 $
#76163860
1!
#76166396
0#
0!
#76166404
1#
#76173460
1!
#76175996
0#
0!
#76176004
1#
#76183060
1!
#76185596
0#
0!
#76185604
1#
#76192660
1!
#76195196
0#
0!
#76195204
1#
#76202260
1!
#76204796
0#
0!
#76204804
1#
#76211860
1!
#76214396
0#
0!
#76214404
1#
#76221460
1!
#76223996
0#
0!
#76224004
1#
#76231060
1!
#76233596
0#
0!
#76233604
1#
#76240660
1!
#76243196
0#
0!
#76243204
1#
#76250260
1!
#76252796
0#
0!
#76252804
1#
#76255996
b1101111001 $
#76259916
1!
#76262396
0#
0!
#76262404
1#
#76269516
1!
#76271996
0#
0!
#76272004
1#
#76279116
1!
#76281596
0#
0!
#76281604
1#
#76288716
1!
#76291196
0#
0!
#76291204
1#
#76298316
1!
#76300796
0#
0!
#76300804
1#
#76307916
1!
#76310396
0#
0!
#76310404
1#
#76317516
1!
#76319996
0#
0!
#76320004
1#
#76327116
1!
#76329596
0#
0!
#76329604
1#
#76336716
1!
#76339196
0#
0!
#76339204
1#
#76346316
1!
#76348796
0#
0!
#76348804
1#
#76351996
b1110000000 $
#76355972
1!
#76358396
0#
0!
#76358404
1#
#76365572
1!
#76367996
0#
0!
#76368004
1#
#76375172
1!
#76377596
0#
0!
#76377604
1#
#76384772
1!
#76387196
0#
0!
#76387204
1#
#76394372
1!
#76396796
0#
0!
#76396804
1#
#76403972
1!
#76406396
0#
0!
#76406404
1#
#76413572
1!
#76415996
0#
0!
#76416004
1#
#76423172
1!
#76425596
0#
0!
#76425604
1#
#76432772
1!
#76435196
0#
0!
#76435204
1#
#76442372
1!
#76444796
0#
0!
#76444804
1#
#76447996
b1110000111 $
#76452028
1!
#76454396
0#
0!
#76454404
1#
#76461628
1!
#76463996
0#
0!
#76464004
1#
#76471228
1!
#76473596
0#
0!
#76473604
1#
#76480828
1!
#76483196
0#
0!
#76483204
1#
#76490428
1!
#76492796
0#
0!
#76492804
1#
#76500028
1!
#76502396
0#
0!
#76502404
1#
#76509628
1!
#76511996
0#
0!
#76512004
1#
#76519228
1!
#76521596
0#
0!
#76521604
1#
#76528828
1!
#76531196
0#
0!
#76531204
1#
#76538428
1!
#76540796
0#
0!
#76540804
1#
#76543996
b1110001110 $
#76548084
1!
#76550396
0#
0!
#76550404
1#
#76557684
1!
#76559996
0#
0!
#76560004
1#
#76567284
1!
#76569596
0#
0!
#76569604
1#
#76576884
1!
#76579196
0#
0!
#76579204
1#
#76586484
1!
#76588796
0#
0!
#76588804
1#
#76596084
1!
#76598396
0#
0!
#76598404
1#
#76605684
1!
#76607996
0#
0!
#76608004
1#
#76615284
1!
#76617596
0#
0!
#76617604
1#
#76624884
1!
#76627196
0#
0!
#76627204
1#
#76634484
1!
#76636796
0#
0!
#76636804
1#
#76639996
b1110010101 $
#76644140
1!
#76646396
0#
0!
#76646404
1#
#76653740
1!
#76655996
0#
0!
#76656004
1#
#76663340
1!
#76665596
0#
0!
#76665604
1#
#76672940
1!
#76675196
0#
0!
#76675204
1#
#76682540
1!
#76684796
0#
0!
#76684804
1#
#76692140
1!
#76694396
0#
0!
#76694404
1#
#76701740
1!
#76703996
0#
0!
#76704004
1#
#76711340
1!
#76713596
0#
0!
#76713604
1#
#76720940
1!
#76723196
0#
0!
#76723204
1#
#76730540
1!
#76732796
0#
0!
#76732804
1#
#76735996
b1110011100 $
#76740196
1!
#76742396
0#
0!
#76742404
1#
#76749796
1!
#76751996
0#
0!
#76752004
1#
#76759396
1!
#76761596
0#
0!
#76761604
1#
#76768996
1!
#76771196
0#
0!
#76771204
1#
#76778596
1!
#76780796
0#
0!
#76780804
1#
#76788196
1!
#76790396
0#
0!
#76790404
1#
#76797796
1!
#76799996
0#
0!
#76800004
1#
#76807396
1!
#76809596
0#
0!
#76809604
1#
#76816996
1!
#76819196
0#
0!
#76819204
1#
#76826596
1!
#76828796
0#
0!
#76828804
1#
#76831996
b1110100011 $
#76836252
1!
#76838396
0#
0!
#76838404
1#
#76845852
1!
#76847996
0#
0!
#76848004
1#
#76855452
1!
#76857596
0#
0!
#76857604
1#
#76865052
1!
#76867196
0#
0!
#76867204
1#
#76874652
1!
#76876796
0#
0!
#76876804
1#
#76884252
1!
#76886396
0#
0!
#76886404
1#
#76893852
1!
#76895996
0#
0!
#76896004
1#
#76903452
1!
#76905596
0#
0!
#76905604
1#
#76913052
1!
#76915196
0#
0!
#76915204
1#
#76922652
1!
#76924796
0#
0!
#76924804
1#
#76927996
b1110101010 $
#76932308
1!
#76934396
0#
0!
#76934404
1#
#76941908
1!
#76943996
0#
0!
#76944004
1#
#76951508
1!
#76953596
0#
0!
#76953604
1#
#76961108
1!
#76963196
0#
0!
#76963204
1#
#76970708
1!
#76972796
0#
0!
#76972804
1#
#76980308
1!
#76982396
0#
0!
#76982404
1#
#76989908
1!
#76991996
0#
0!
#76992004
1#
#76999508
1!
#77001596
0#
0!
#77001604
1#
#77009108
1!
#77011196
0#
0!
#77011204
1#
#77018708
1!
#77020796
0#
0!
#77020804
1#
#77023996
b1110110001 $
#77028364
1!
#77030396
0#
0!
#77030404
1#
#77037964
1!
#77039996
0#
0!
#77040004
1#
#77047564
1!
#77049596
0#
0!
#77049604
1#
#77057164
1!
#77059196
0#
0!
#77059204
1#
#77066764
1!
#77068796
0#
0!
#77068804
1#
#77076364
1!
#77078396
0#
0!
#77078404
1#
#77085964
1!
#77087996
0#
0!
#77088004
1#
#77095564
1!
#77097596
0#
0!
#77097604
1#
#77105164
1!
#77107196
0#
0!
#77107204
1#
#77114764
1!
#77116796
0#
0!
#77116804
1#
#77119996
b1110111000 $
#77124420
1!
#77126396
0#
0!
#77126404
1#
#77134020
1!
#77135996
0#
0!
#77136004
1#
#77143620
1!
#77145596
0#
0!
#77145604
1#
#77153220
1!
#77155196
0#
0!
#77155204
1#
#77162820
1!
#77164796
0#
0!
#77164804
1#
#77172420
1!
#77174396
0#
0!
#77174404
1#
#77182020
1!
#77183996
0#
0!
#77184004
1#
#77191620
1!
#77193596
0#
0!
#77193604
1#
#77201220
1!
#77203196
0#
0!
#77203204
1#
#77210820
1!
#77212796
0#
0!
#77212804
1#
#77215996
b1110111111 $
#77220476
1!
#77222396
0#
0!
#77222404
1#
#77230076
1!
#77231996
0#
0!
#77232004
1#
#77239676
1!
#77241596
0#
0!
#77241604
1#
#77249276
1!
#77251196
0#
0!
#77251204
1#
#77258876
1!
#77260796
0#
0!
#77260804
1#
#77268476
1!
#77270396
0#
0!
#77270404
1#
#77278076
1!
#77279996
0#
0!
#77280004
1#
#77287676
1!
#77289596
0#
0!
#77289604
1#
#77297276
1!
#77299196
0#
0!
#77299204
1#
#77306876
1!
#77308796
0#
0!
#77308804
1#
#77311996
b1111000110 $
#77316532
1!
#77318396
0#
0!
#77318404
1#
#77326132
1!
#77327996
0#
0!
#77328004
1#
#77335732
1!
#77337596
0#
0!
#77337604
1#
#77345332
1!
#77347196
0#
0!
#77347204
1#
#77354932
1!
#77356796
0#
0!
#77356804
1#
#77364532
1!
#77366396
0#
0!
#77366404
1#
#77374132
1!
#77375996
0#
0!
#77376004
1#
#77383732
1!
#77385596
0#
0!
#77385604
1#
#77393332
1!
#77395196
0#
0!
#77395204
1#
#77402932
1!
#77404796
0#
0!
#77404804
1#
#77407996
b1111001101 $
#77412588
1!
#77414396
0#
0!
#77414404
1#
#77422188
1!
#77423996
0#
0!
#77424004
1#
#77431788
1!
#77433596
0#
0!
#77433604
1#
#77441388
1!
#77443196
0#
0!
#77443204
1#
#77450988
1!
#77452796
0#
0!
#77452804
1#
#77460588
1!
#77462396
0#
0!
#77462404
1#
#77470188
1!
#77471996
0#
0!
#77472004
1#
#77479788
1!
#77481596
0#
0!
#77481604
1#
#77489388
1!
#77491196
0#
0!
#77491204
1#
#77498988
1!
#77500796
0#
0!
#77500804
1#
#77503996
b1111010100 $
#77508644
1!
#77510396
0#
0!
#77510404
1#
#77518244
1!
#77519996
0#
0!
#77520004
1#
#77527844
1!
#77529596
0#
0!
#77529604
1#
#77537444
1!
#77539196
0#
0!
#77539204
1#
#77547044
1!
#77548796
0#
0!
#77548804
1#
#77556644
1!
#77558396
0#
0!
#77558404
1#
#77566244
1!
#77567996
0#
0!
#77568004
1#
#77575844
1!
#77577596
0#
0!
#77577604
1#
#77585444
1!
#77587196
0#
0!
#77587204
1#
#77595044
1!
#77596796
0#
0!
#77596804
1#
#77599996
b1111011011 $
#77604700
1!
#77606396
0#
0!
#77606404
1#
#77614300
1!
#77615996
0#
0!
#77616004
1#
#77623900
1!
#77625596
0#
0!
#77625604
1#
#77633500
1!
#77635196
0#
0!
#77635204
1#
#77643100
1!
#77644796
0#
0!
#77644804
1#
#77652700
1!
#77654396
0#
0!
#77654404
1#
#77662300
1!
#77663996
0#
0!
#77664004
1#
#77671900
1!
#77673596
0#
0!
#77673604
1#
#77681500
1!
#77683196
0#
0!
#77683204
1#
#77691100
1!
#77692796
0#
0!
#77692804
1#
#77695996
b1111100010 $
#77700756
1!
#77702396
0#
0!
#77702404
1#
#77710356
1!
#77711996
0#
0!
#77712004
1#
#77719956
1!
#77721596
0#
0!
#77721604
1#
#77729556
1!
#77731196
0#
0!
#77731204
1#
#77739156
1!
#77740796
0#
0!
#77740804
1#
#77748756
1!
#77750396
0#
0!
#77750404
1#
#77758356
1!
#77759996
0#
0!
#77760004
1#
#77767956
1!
#77769596
0#
0!
#77769604
1#
#77777556
1!
#77779196
0#
0!
#77779204
1#
#77787156
1!
#77788796
0#
0!
#77788804
1#
#77791996
b1111101001 $
#77796812
1!
#77798396
0#
0!
#77798404
1#
#77806412
1!
#77807996
0#
0!
#77808004
1#
#77816012
1!
#77817596
0#
0!
#77817604
1#
#77825612
1!
#77827196
0#
0!
#77827204
1#
#77835212
1!
#77836796
0#
0!
#77836804
1#
#77844812
1!
#77846396
0#
0!
#77846404
1#
#77854412
1!
#77855996
0#
0!
#77856004
1#
#77864012
1!
#77865596
0#
0!
#77865604
1#
#77873612
1!
#77875196
0#
0!
#77875204
1#
#77883212
1!
#77884796
0#
0!
#77884804
1#
#77887996
b1111110000 $
#77892868
1!
#77894396
0#
0!
#77894404
1#
#77902468
1!
#77903996
0#
0!
#77904004
1#
#77912068
1!
#77913596
0#
0!
#77913604
1#
#77921668
1!
#77923196
0#
0!
#77923204
1#
#77931268
1!
#77932796
0#
0!
#77932804
1#
#77940868
1!
#77942396
0#
0!
#77942404
1#
#77950468
1!
#77951996
0#
0!
#77952004
1#
#77960068
1!
#77961596
0#
0!
#77961604
1#
#77969668
1!
#77971196
0#
0!
#77971204
1#
#77979268
1!
#77980796
0#
0!
#77980804
1#
#77983996
b1111110111 $
#77988924
1!
#77990396
0#
0!
#77990404
1#
#77998524
1!
#77999996
0#
0!
#78000004
1#
#78008124
1!
#78009596
0#
0!
#78009604
1#
#78017724
1!
#78019196
0#
0!
#78019204
1#
#78027324
1!
#78028796
0#
0!
#78028804
1#
#78036924
1!
#78038396
0#
0!
#78038404
1#
#78046524
1!
#78047996
0#
0!
#78048004
1#
#78056124
1!
#78057596
0#
0!
#78057604
1#
#78065724
1!
#78067196
0#
0!
#78067204
1#
#78075324
1!
#78076796
0#
0!
#78076804
1#
#78079996
b1111111110 $
#78084980
1!
#78086396
0#
0!
#78086404
1#
#78094580
1!
#78095996
0#
0!
#78096004
1#
#78104180
1!
#78105596
0#
0!
#78105604
1#
#78113780
1!
#78115196
0#
0!
#78115204
1#
#78123380
1!
#78124796
0#
0!
#78124804
1#
#78132980
1!
#78134396
0#
0!
#78134404
1#
#78142580
1!
#78143996
0#
0!
#78144004
1#
#78152180
1!
#78153596
0#
0!
#78153604
1#
#78161780
1!
#78163196
0#
0!
#78163204
1#
#78171380
1!
#78172796
0#
0!
#78172804
1#
#78175996
b10000000101 $
#78181036
1!
#78182396
0#
0!
#78182404
1#
#78190636
1!
#78191996
0#
0!
#78192004
1#
#78200236
1!
#78201596
0#
0!
#78201604
1#
#78209836
1!
#78211196
0#
0!
#78211204
1#
#78219436
1!
#78220796
0#
0!
#78220804
1#
#78229036
1!
#78230396
0#
0!
#78230404
1#
#78238636
1!
#78239996
0#
0!
#78240004
1#
#78248236
1!
#78249596
0#
0!
#78249604
1#
#78257836
1!
#78259196
0#
0!
#78259204
1#
#78267436
1!
#78268796
0#
0!
#78268804
1#
#78271996
b10000001100 $
#78277092
1!
#78278396
0#
0!
#78278404
1#
#78286692
1!
#78287996
0#
0!
#78288004
1#
#78296292
1!
#78297596
0#
0!
#78297604
1#
#78305892
1!
#78307196
0#
0!
#78307204
1#
#78315492
1!
#78316796
0#
0!
#78316804
1#
#78325092
1!
#78326396
0#
0!
#78326404
1#
#78334692
1!
#78335996
0#
0!
#78336004
1#
#78344292
1!
#78345596
0#
0!
#78345604
1#
#78353892
1!
#78355196
0#
0!
#78355204
1#
#78363492
1!
#78364796
0#
0!
#78364804
1#
#78367996
b10000010011 $
#78373148
1!
#78374396
0#
0!
#78374404
1#
#78382748
1!
#78383996
0#
0!
#78384004
1#
#78392348
1!
#78393596
0#
0!
#78393604
1#
#78401948
1!
#78403196
0#
0!
#78403204
1#
#78411548
1!
#78412796
0#
0!
#78412804
1#
#78421148
1!
#78422396
0#
0!
#78422404
1#
#78430748
1!
#78431996
0#
0!
#78432004
1#
#78440348
1!
#78441596
0#
0!
#78441604
1#
#78449948
1!
#78451196
0#
0!
#78451204
1#
#78459548
1!
#78460796
0#
0!
#78460804
1#
#78463996
b10000011010 $
#78469204
1!
#78470396
0#
0!
#78470404
1#
#78478804
1!
#78479996
0#
0!
#78480004
1#
#78488404
1!
#78489596
0#
0!
#78489604
1#
#78498004
1!
#78499196
0#
0!
#78499204
1#
#78507604
1!
#78508796
0#
0!
#78508804
1#
#78517204
1!
#78518396
0#
0!
#78518404
1#
#78526804
1!
#78527996
0#
0!
#78528004
1#
#78536404
1!
#78537596
0#
0!
#78537604
1#
#78546004
1!
#78547196
0#
0!
#78547204
1#
#78555604
1!
#78556796
0#
0!
#78556804
1#
#78559996
b10000100001 $
#78565260
1!
#78566396
0#
0!
#78566404
1#
#78574860
1!
#78575996
0#
0!
#78576004
1#
#78584460
1!
#78585596
0#
0!
#78585604
1#
#78594060
1!
#78595196
0#
0!
#78595204
1#
#78603660
1!
#78604796
0#
0!
#78604804
1#
#78613260
1!
#78614396
0#
0!
#78614404
1#
#78622860
1!
#78623996
0#
0!
#78624004
1#
#78632460
1!
#78633596
0#
0!
#78633604
1#
#78642060
1!
#78643196
0#
0!
#78643204
1#
#78651660
1!
#78652796
0#
0!
#78652804
1#
#78655996
b10000101000 $
#78661316
1!
#78662396
0#
0!
#78662404
1#
#78670916
1!
#78671996
0#
0!
#78672004
1#
#78680516
1!
#78681596
0#
0!
#78681604
1#
#78690116
1!
#78691196
0#
0!
#78691204
1#
#78699716
1!
#78700796
0#
0!
#78700804
1#
#78709316
1!
#78710396
0#
0!
#78710404
1#
#78718916
1!
#78719996
0#
0!
#78720004
1#
#78728516
1!
#78729596
0#
0!
#78729604
1#
#78738116
1!
#78739196
0#
0!
#78739204
1#
#78747716
1!
#78748796
0#
0!
#78748804
1#
#78751996
b10000101111 $
#78757372
1!
#78758396
0#
0!
#78758404
1#
#78766972
1!
#78767996
0#
0!
#78768004
1#
#78776572
1!
#78777596
0#
0!
#78777604
1#
#78786172
1!
#78787196
0#
0!
#78787204
1#
#78795772
1!
#78796796
0#
0!
#78796804
1#
#78805372
1!
#78806396
0#
0!
#78806404
1#
#78814972
1!
#78815996
0#
0!
#78816004
1#
#78824572
1!
#78825596
0#
0!
#78825604
1#
#78834172
1!
#78835196
0#
0!
#78835204
1#
#78843772
1!
#78844796
0#
0!
#78844804
1#
#78847996
b10000110110 $
#78853428
1!
#78854396
0#
0!
#78854404
1#
#78863028
1!
#78863996
0#
0!
#78864004
1#
#78872628
1!
#78873596
0#
0!
#78873604
1#
#78882228
1!
#78883196
0#
0!
#78883204
1#
#78891828
1!
#78892796
0#
0!
#78892804
1#
#78901428
1!
#78902396
0#
0!
#78902404
1#
#78911028
1!
#78911996
0#
0!
#78912004
1#
#78920628
1!
#78921596
0#
0!
#78921604
1#
#78930228
1!
#78931196
0#
0!
#78931204
1#
#78939828
1!
#78940796
0#
0!
#78940804
1#
#78943996
b10000111101 $
#78949484
1!
#78950396
0#
0!
#78950404
1#
#78959084
1!
#78959996
0#
0!
#78960004
1#
#78968684
1!
#78969596
0#
0!
#78969604
1#
#78978284
1!
#78979196
0#
0!
#78979204
1#
#78987884
1!
#78988796
0#
0!
#78988804
1#
#78997484
1!
#78998396
0#
0!
#78998404
1#
#79007084
1!
#79007996
0#
0!
#79008004
1#
#79016684
1!
#79017596
0#
0!
#79017604
1#
#79026284
1!
#79027196
0#
0!
#79027204
1#
#79035884
1!
#79036796
0#
0!
#79036804
1#
#79039996
b10001000100 $
#79045540
1!
#79046396
0#
0!
#79046404
1#
#79055140
1!
#79055996
0#
0!
#79056004
1#
#79064740
1!
#79065596
0#
0!
#79065604
1#
#79074340
1!
#79075196
0#
0!
#79075204
1#
#79083940
1!
#79084796
0#
0!
#79084804
1#
#79093540
1!
#79094396
0#
0!
#79094404
1#
#79103140
1!
#79103996
0#
0!
#79104004
1#
#79112740
1!
#79113596
0#
0!
#79113604
1#
#79122340
1!
#79123196
0#
0!
#79123204
1#
#79131940
1!
#79132796
0#
0!
#79132804
1#
#79135996
b10001001011 $
#79141596
1!
#79142396
0#
0!
#79142404
1#
#79151196
1!
#79151996
0#
0!
#79152004
1#
#79160796
1!
#79161596
0#
0!
#79161604
1#
#79170396
1!
#79171196
0#
0!
#79171204
1#
#79179996
1!
#79180796
0#
0!
#79180804
1#
#79189596
1!
#79190396
0#
0!
#79190404
1#
#79199196
1!
#79199996
0#
0!
#79200004
1#
#79208796
1!
#79209596
0#
0!
#79209604
1#
#79218396
1!
#79219196
0#
0!
#79219204
1#
#79227996
1!
#79228796
0#
0!
#79228804
1#
#79231996
b10001010010 $
#79237652
1!
#79238396
0#
0!
#79238404
1#
#79247252
1!
#79247996
0#
0!
#79248004
1#
#79256852
1!
#79257596
0#
0!
#79257604
1#
#79266452
1!
#79267196
0#
0!
#79267204
1#
#79276052
1!
#79276796
0#
0!
#79276804
1#
#79285652
1!
#79286396
0#
0!
#79286404
1#
#79295252
1!
#79295996
0#
0!
#79296004
1#
#79304852
1!
#79305596
0#
0!
#79305604
1#
#79314452
1!
#79315196
0#
0!
#79315204
1#
#79324052
1!
#79324796
0#
0!
#79324804
1#
#79327996
b10001011001 $
#79333708
1!
#79334396
0#
0!
#79334404
1#
#79343308
1!
#79343996
0#
0!
#79344004
1#
#79352908
1!
#79353596
0#
0!
#79353604
1#
#79362508
1!
#79363196
0#
0!
#79363204
1#
#79372108
1!
#79372796
0#
0!
#79372804
1#
#79381708
1!
#79382396
0#
0!
#79382404
1#
#79391308
1!
#79391996
0#
0!
#79392004
1#
#79400908
1!
#79401596
0#
0!
#79401604
1#
#79410508
1!
#79411196
0#
0!
#79411204
1#
#79420108
1!
#79420796
0#
0!
#79420804
1#
#79423996
b10001100000 $
#79429764
1!
#79430396
0#
0!
#79430404
1#
#79439364
1!
#79439996
0#
0!
#79440004
1#
#79448964
1!
#79449596
0#
0!
#79449604
1#
#79458564
1!
#79459196
0#
0!
#79459204
1#
#79468164
1!
#79468796
0#
0!
#79468804
1#
#79477764
1!
#79478396
0#
0!
#79478404
1#
#79487364
1!
#79487996
0#
0!
#79488004
1#
#79496964
1!
#79497596
0#
0!
#79497604
1#
#79506564
1!
#79507196
0#
0!
#79507204
1#
#79516164
1!
#79516796
0#
0!
#79516804
1#
#79519996
b10001100111 $
#79525820
1!
#79526396
0#
0!
#79526404
1#
#79535420
1!
#79535996
0#
0!
#79536004
1#
#79545020
1!
#79545596
0#
0!
#79545604
1#
#79554620
1!
#79555196
0#
0!
#79555204
1#
#79564220
1!
#79564796
0#
0!
#79564804
1#
#79573820
1!
#79574396
0#
0!
#79574404
1#
#79583420
1!
#79583996
0#
0!
#79584004
1#
#79593020
1!
#79593596
0#
0!
#79593604
1#
#79602620
1!
#79603196
0#
0!
#79603204
1#
#79612220
1!
#79612796
0#
0!
#79612804
1#
#79615996
b10001101110 $
#79621876
1!
#79622396
0#
0!
#79622404
1#
#79631476
1!
#79631996
0#
0!
#79632004
1#
#79641076
1!
#79641596
0#
0!
#79641604
1#
#79650676
1!
#79651196
0#
0!
#79651204
1#
#79660276
1!
#79660796
0#
0!
#79660804
1#
#79669876
1!
#79670396
0#
0!
#79670404
1#
#79679476
1!
#79679996
0#
0!
#79680004
1#
#79689076
1!
#79689596
0#
0!
#79689604
1#
#79698676
1!
#79699196
0#
0!
#79699204
1#
#79708276
1!
#79708796
0#
0!
#79708804
1#
#79711996
b10001110101 $
#79717932
1!
#79718396
0#
0!
#79718404
1#
#79727532
1!
#79727996
0#
0!
#79728004
1#
#79737132
1!
#79737596
0#
0!
#79737604
1#
#79746732
1!
#79747196
0#
0!
#79747204
1#
#79756332
1!
#79756796
0#
0!
#79756804
1#
#79765932
1!
#79766396
0#
0!
#79766404
1#
#79775532
1!
#79775996
0#
0!
#79776004
1#
#79785132
1!
#79785596
0#
0!
#79785604
1#
#79794732
1!
#79795196
0#
0!
#79795204
1#
#79804332
1!
#79804796
0#
0!
#79804804
1#
#79807996
b10001111100 $
#79813988
1!
#79814396
0#
0!
#79814404
1#
#79823588
1!
#79823996
0#
0!
#79824004
1#
#79833188
1!
#79833596
0#
0!
#79833604
1#
#79842788
1!
#79843196
0#
0!
#79843204
1#
#79852388
1!
#79852796
0#
0!
#79852804
1#
#79861988
1!
#79862396
0#
0!
#79862404
1#
#79871588
1!
#79871996
0#
0!
#79872004
1#
#79881188
1!
#79881596
0#
0!
#79881604
1#
#79890788
1!
#79891196
0#
0!
#79891204
1#
#79900388
1!
#79900796
0#
0!
#79900804
1#
#79903996
b10010000011 $
#79910044
1!
#79910396
0#
0!
#79910404
1#
#79919644
1!
#79919996
0#
0!
#79920004
1#
#79929244
1!
#79929596
0#
0!
#79929604
1#
#79938844
1!
#79939196
0#
0!
#79939204
1#
#79948444
1!
#79948796
0#
0!
#79948804
1#
#79958044
1!
#79958396
0#
0!
#79958404
1#
#79967644
1!
#79967996
0#
0!
#79968004
1#
#79977244
1!
#79977596
0#
0!
#79977604
1#
#79986844
1!
#79987196
0#
0!
#79987204
1#
#79996444
1!
#79996796
0#
0!
#79996804
1#
#79999996
b10010001010 $
#80006100
1!
#80006396
0#
0!
#80006404
1#
#80015700
1!
#80015996
0#
0!
#80016004
1#
#80025300
1!
#80025596
0#
0!
#80025604
1#
#80034900
1!
#80035196
0#
0!
#80035204
1#
#80044500
1!
#80044796
0#
0!
#80044804
1#
#80054100
1!
#80054396
0#
0!
#80054404
1#
#80063700
1!
#80063996
0#
0!
#80064004
1#
#80073300
1!
#80073596
0#
0!
#80073604
1#
#80082900
1!
#80083196
0#
0!
#80083204
1#
#80092500
1!
#80092796
0#
0!
#80092804
1#
#80095996
b10010010001 $
#80102156
1!
#80102396
0#
0!
#80102404
1#
#80111756
1!
#80111996
0#
0!
#80112004
1#
#80121356
1!
#80121596
0#
0!
#80121604
1#
#80130956
1!
#80131196
0#
0!
#80131204
1#
#80140556
1!
#80140796
0#
0!
#80140804
1#
#80150156
1!
#80150396
0#
0!
#80150404
1#
#80159756
1!
#80159996
0#
0!
#80160004
1#
#80169356
1!
#80169596
0#
0!
#80169604
1#
#80178956
1!
#80179196
0#
0!
#80179204
1#
#80188556
1!
#80188796
0#
0!
#80188804
1#
#80191996
b10010110000 $
#80198396
0#
#80198404
1#
#80207996
0#
#80208004
1#
#80217596
0#
#80217604
1#
#80227196
0#
#80227204
1#
#80236796
0#
#80236804
1#
#80246396
0#
#80246404
1#
#80255996
0#
#80256004
b10010101001 %
1#
#80265548
1"
#80265596
0#
0"
#80265604
1#
#80275148
1"
#80275196
0#
0"
#80275204
1#
#80284748
1"
#80284796
0#
0"
#80284804
1#
#80294348
1"
#80294396
0#
0"
#80294404
1#
#80303948
1"
#80303996
0#
0"
#80304004
1#
#80313548
1"
#80313596
0#
0"
#80313604
1#
#80323148
1"
#80323196
0#
0"
#80323204
1#
#80332748
1"
#80332796
0#
0"
#80332804
1#
#80342348
1"
#80342396
0#
0"
#80342404
1#
#80351948
1"
#80351996
0#
0"
#80352004
b10010100010 %
1#
#80361492
1"
#80361596
0#
0"
#80361604
1#
#80371092
1"
#80371196
0#
0"
#80371204
1#
#80380692
1"
#80380796
0#
0"
#80380804
1#
#80390292
1"
#80390396
0#
0"
#80390404
1#
#80399892
1"
#80399996
0#
0"
#80400004
1#
#80409492
1"
#80409596
0#
0"
#80409604
1#
#80419092
1"
#80419196
0#
0"
#80419204
1#
#80428692
1"
#80428796
0#
0"
#80428804
1#
#80438292
1"
#80438396
0#
0"
#80438404
1#
#80447892
1"
#80447996
0#
0"
#80448004
b10010011011 %
1#
#80457436
1"
#80457596
0#
0"
#80457604
1#
#80467036
1"
#80467196
0#
0"
#80467204
1#
#80476636
1"
#80476796
0#
0"
#80476804
1#
#80486236
1"
#80486396
0#
0"
#80486404
1#
#80495836
1"
#80495996
0#
0"
#80496004
1#
#80505436
1"
#80505596
0#
0"
#80505604
1#
#80515036
1"
#80515196
0#
0"
#80515204
1#
#80524636
1"
#80524796
0#
0"
#80524804
1#
#80534236
1"
#80534396
0#
0"
#80534404
1#
#80543836
1"
#80543996
0#
0"
#80544004
b10010010100 %
1#
#80553380
1"
#80553596
0#
0"
#80553604
1#
#80562980
1"
#80563196
0#
0"
#80563204
1#
#80572580
1"
#80572796
0#
0"
#80572804
1#
#80582180
1"
#80582396
0#
0"
#80582404
1#
#80591780
1"
#80591996
0#
0"
#80592004
1#
#80601380
1"
#80601596
0#
0"
#80601604
1#
#80610980
1"
#80611196
0#
0"
#80611204
1#
#80620580
1"
#80620796
0#
0"
#80620804
1#
#80630180
1"
#80630396
0#
0"
#80630404
1#
#80639780
1"
#80639996
0#
0"
#80640004
b10010001101 %
1#
#80649324
1"
#80649596
0#
0"
#80649604
1#
#80658924
1"
#80659196
0#
0"
#80659204
1#
#80668524
1"
#80668796
0#
0"
#80668804
1#
#80678124
1"
#80678396
0#
0"
#80678404
1#
#80687724
1"
#80687996
0#
0"
#80688004
1#
#80697324
1"
#80697596
0#
0"
#80697604
1#
#80706924
1"
#80707196
0#
0"
#80707204
1#
#80716524
1"
#80716796
0#
0"
#80716804
1#
#80726124
1"
#80726396
0#
0"
#80726404
1#
#80735724
1"
#80735996
0#
0"
#80736004
b10010000110 %
1#
#80745268
1"
#80745596
0#
0"
#80745604
1#
#80754868
1"
#80755196
0#
0"
#80755204
1#
#80764468
1"
#80764796
0#
0"
#80764804
1#
#80774068
1"
#80774396
0#
0"
#80774404
1#
#80783668
1"
#80783996
0#
0"
#80784004
1#
#80793268
1"
#80793596
0#
0"
#80793604
1#
#80802868
1"
#80803196
0#
0"
#80803204
1#
#80812468
1"
#80812796
0#
0"
#80812804
1#
#80822068
1"
#80822396
0#
0"
#80822404
1#
#80831668
1"
#80831996
0#
0"
#80832004
b10001111111 %
1#
#80841212
1"
#80841596
0#
0"
#80841604
1#
#80850812
1"
#80851196
0#
0"
#80851204
1#
#80860412
1"
#80860796
0#
0"
#80860804
1#
#80870012
1"
#80870396
0#
0"
#80870404
1#
#80879612
1"
#80879996
0#
0"
#80880004
1#
#80889212
1"
#80889596
0#
0"
#80889604
1#
#80898812
1"
#80899196
0#
0"
#80899204
1#
#80908412
1"
#80908796
0#
0"
#80908804
1#
#80918012
1"
#80918396
0#
0"
#80918404
1#
#80927612
1"
#80927996
0#
0"
#80928004
b10001111000 %
1#
#80937156
1"
#80937596
0#
0"
#80937604
1#
#80946756
1"
#80947196
0#
0"
#80947204
1#
#80956356
1"
#80956796
0#
0"
#80956804
1#
#80965956
1"
#80966396
0#
0"
#80966404
1#
#80975556
1"
#80975996
0#
0"
#80976004
1#
#80985156
1"
#80985596
0#
0"
#80985604
1#
#80994756
1"
#80995196
0#
0"
#80995204
1#
#81004356
1"
#81004796
0#
0"
#81004804
1#
#81013956
1"
#81014396
0#
0"
#81014404
1#
#81023556
1"
#81023996
0#
0"
#81024004
b10001110001 %
1#
#81033100
1"
#81033596
0#
0"
#81033604
1#
#81042700
1"
#81043196
0#
0"
#81043204
1#
#81052300
1"
#81052796
0#
0"
#81052804
1#
#81061900
1"
#81062396
0#
0"
#81062404
1#
#81071500
1"
#81071996
0#
0"
#81072004
1#
#81081100
1"
#81081596
0#
0"
#81081604
1#
#81090700
1"
#81091196
0#
0"
#81091204
1#
#81100300
1"
#81100796
0#
0"
#81100804
1#
#81109900
1"
#81110396
0#
0"
#81110404
1#
#81119500
1"
#81119996
0#
0"
#81120004
b10001101010 %
1#
#81129044
1"
#81129596
0#
0"
#81129604
1#
#81138644
1"
#81139196
0#
0"
#81139204
1#
#81148244
1"
#81148796
0#
0"
#81148804
1#
#81157844
1"
#81158396
0#
0"
#81158404
1#
#81167444
1"
#81167996
0#
0"
#81168004
1#
#81177044
1"
#81177596
0#
0"
#81177604
1#
#81186644
1"
#81187196
0#
0"
#81187204
1#
#81196244
1"
#81196796
0#
0"
#81196804
1#
#81205844
1"
#81206396
0#
0"
#81206404
1#
#81215444
1"
#81215996
0#
0"
#81216004
b10001100011 %
1#
#81224988
1"
#81225596
0#
0"
#81225604
1#
#81234588
1"
#81235196
0#
0"
#81235204
1#
#81244188
1"
#81244796
0#
0"
#81244804
1#
#81253788
1"
#81254396
0#
0"
#81254404
1#
#81263388
1"
#81263996
0#
0"
#81264004
1#
#81272988
1"
#81273596
0#
0"
#81273604
1#
#81282588
1"
#81283196
0#
0"
#81283204
1#
#81292188
1"
#81292796
0#
0"
#81292804
1#
#81301788
1"
#81302396
0#
0"
#81302404
1#
#81311388
1"
#81311996
0#
0"
#81312004
b10001011100 %
1#
#81320932
1"
#81321596
0#
0"
#81321604
1#
#81330532
1"
#81331196
0#
0"
#81331204
1#
#81340132
1"
#81340796
0#
0"
#81340804
1#
#81349732
1"
#81350396
0#
0"
#81350404
1#
#81359332
1"
#81359996
0#
0"
#81360004
1#
#81368932
1"
#81369596
0#
0"
#81369604
1#
#81378532
1"
#81379196
0#
0"
#81379204
1#
#81388132
1"
#81388796
0#
0"
#81388804
1#
#81397732
1"
#81398396
0#
0"
#81398404
1#
#81407332
1"
#81407996
0#
0"
#81408004
b10001010101 %
1#
#81416876
1"
#81417596
0#
0"
#81417604
1#
#81426476
1"
#81427196
0#
0"
#81427204
1#
#81436076
1"
#81436796
0#
0"
#81436804
1#
#81445676
1"
#81446396
0#
0"
#81446404
1#
#81455276
1"
#81455996
0#
0"
#81456004
1#
#81464876
1"
#81465596
0#
0"
#81465604
1#
#81474476
1"
#81475196
0#
0"
#81475204
1#
#81484076
1"
#81484796
0#
0"
#81484804
1#
#81493676
1"
#81494396
0#
0"
#81494404
1#
#81503276
1"
#81503996
0#
0"
#81504004
b10001001110 %
1#
#81512820
1"
#81513596
0#
0"
#81513604
1#
#81522420
1"
#81523196
0#
0"
#81523204
1#
#81532020
1"
#81532796
0#
0"
#81532804
1#
#81541620
1"
#81542396
0#
0"
#81542404
1#
#81551220
1"
#81551996
0#
0"
#81552004
1#
#81560820
1"
#81561596
0#
0"
#81561604
1#
#81570420
1"
#81571196
0#
0"
#81571204
1#
#81580020
1"
#81580796
0#
0"
#81580804
1#
#81589620
1"
#81590396
0#
0"
#81590404
1#
#81599220
1"
#81599996
0#
0"
#81600004
b10001000111 %
1#
#81608764
1"
#81609596
0#
0"
#81609604
1#
#81618364
1"
#81619196
0#
0"
#81619204
1#
#81627964
1"
#81628796
0#
0"
#81628804
1#
#81637564
1"
#81638396
0#
0"
#81638404
1#
#81647164
1"
#81647996
0#
0"
#81648004
1#
#81656764
1"
#81657596
0#
0"
#81657604
1#
#81666364
1"
#81667196
0#
0"
#81667204
1#
#81675964
1"
#81676796
0#
0"
#81676804
1#
#81685564
1"
#81686396
0#
0"
#81686404
1#
#81695164
1"
#81695996
0#
0"
#81696004
b10001000000 %
1#
#81704708
1"
#81705596
0#
0"
#81705604
1#
#81714308
1"
#81715196
0#
0"
#81715204
1#
#81723908
1"
#81724796
0#
0"
#81724804
1#
#81733508
1"
#81734396
0#
0"
#81734404
1#
#81743108
1"
#81743996
0#
0"
#81744004
1#
#81752708
1"
#81753596
0#
0"
#81753604
1#
#81762308
1"
#81763196
0#
0"
#81763204
1#
#81771908
1"
#81772796
0#
0"
#81772804
1#
#81781508
1"
#81782396
0#
0"
#81782404
1#
#81791108
1"
#81791996
0#
0"
#81792004
b10000111001 %
1#
#81800652
1"
#81801596
0#
0"
#81801604
1#
#81810252
1"
#81811196
0#
0"
#81811204
1#
#81819852
1"
#81820796
0#
0"
#81820804
1#
#81829452
1"
#81830396
0#
0"
#81830404
1#
#81839052
1"
#81839996
0#
0"
#81840004
1#
#81848652
1"
#81849596
0#
0"
#81849604
1#
#81858252
1"
#81859196
0#
0"
#81859204
1#
#81867852
1"
#81868796
0#
0"
#81868804
1#
#81877452
1"
#81878396
0#
0"
#81878404
1#
#81887052
1"
#81887996
0#
0"
#81888004
b10000110010 %
1#
#81896596
1"
#81897596
0#
0"
#81897604
1#
#81906196
1"
#81907196
0#
0"
#81907204
1#
#81915796
1"
#81916796
0#
0"
#81916804
1#
#81925396
1"
#81926396
0#
0"
#81926404
1#
#81934996
1"
#81935996
0#
0"
#81936004
1#
#81944596
1"
#81945596
0#
0"
#81945604
1#
#81954196
1"
#81955196
0#
0"
#81955204
1#
#81963796
1"
#81964796
0#
0"
#81964804
1#
#81973396
1"
#81974396
0#
0"
#81974404
1#
#81982996
1"
#81983996
0#
0"
#81984004
b10000101011 %
1#
#81992540
1"
#81993596
0#
0"
#81993604
1#
#82002140
1"
#82003196
0#
0"
#82003204
1#
#82011740
1"
#82012796
0#
0"
#82012804
1#
#82021340
1"
#82022396
0#
0"
#82022404
1#
#82030940
1"
#82031996
0#
0"
#82032004
1#
#82040540
1"
#82041596
0#
0"
#82041604
1#
#82050140
1"
#82051196
0#
0"
#82051204
1#
#82059740
1"
#82060796
0#
0"
#82060804
1#
#82069340
1"
#82070396
0#
0"
#82070404
1#
#82078940
1"
#82079996
0#
0"
#82080004
b10000100100 %
1#
#82088484
1"
#82089596
0#
0"
#82089604
1#
#82098084
1"
#82099196
0#
0"
#82099204
1#
#82107684
1"
#82108796
0#
0"
#82108804
1#
#82117284
1"
#82118396
0#
0"
#82118404
1#
#82126884
1"
#82127996
0#
0"
#82128004
1#
#82136484
1"
#82137596
0#
0"
#82137604
1#
#82146084
1"
#82147196
0#
0"
#82147204
1#
#82155684
1"
#82156796
0#
0"
#82156804
1#
#82165284
1"
#82166396
0#
0"
#82166404
1#
#82174884
1"
#82175996
0#
0"
#82176004
b10000011101 %
1#
#82184428
1"
#82185596
0#
0"
#82185604
1#
#82194028
1"
#82195196
0#
0"
#82195204
1#
#82203628
1"
#82204796
0#
0"
#82204804
1#
#82213228
1"
#82214396
0#
0"
#82214404
1#
#82222828
1"
#82223996
0#
0"
#82224004
1#
#82232428
1"
#82233596
0#
0"
#82233604
1#
#82242028
1"
#82243196
0#
0"
#82243204
1#
#82251628
1"
#82252796
0#
0"
#82252804
1#
#82261228
1"
#82262396
0#
0"
#82262404
1#
#82270828
1"
#82271996
0#
0"
#82272004
b10000010110 %
1#
#82280372
1"
#82281596
0#
0"
#82281604
1#
#82289972
1"
#82291196
0#
0"
#82291204
1#
#82299572
1"
#82300796
0#
0"
#82300804
1#
#82309172
1"
#82310396
0#
0"
#82310404
1#
#82318772
1"
#82319996
0#
0"
#82320004
1#
#82328372
1"
#82329596
0#
0"
#82329604
1#
#82337972
1"
#82339196
0#
0"
#82339204
1#
#82347572
1"
#82348796
0#
0"
#82348804
1#
#82357172
1"
#82358396
0#
0"
#82358404
1#
#82366772
1"
#82367996
0#
0"
#82368004
b10000001111 %
1#
#82376316
1"
#82377596
0#
0"
#82377604
1#
#82385916
1"
#82387196
0#
0"
#82387204
1#
#82395516
1"
#82396796
0#
0"
#82396804
1#
#82405116
1"
#82406396
0#
0"
#82406404
1#
#82414716
1"
#82415996
0#
0"
#82416004
1#
#82424316
1"
#82425596
0#
0"
#82425604
1#
#82433916
1"
#82435196
0#
0"
#82435204
1#
#82443516
1"
#82444796
0#
0"
#82444804
1#
#82453116
1"
#82454396
0#
0"
#82454404
1#
#82462716
1"
#82463996
0#
0"
#82464004
b10000001000 %
1#
#82472260
1"
#82473596
0#
0"
#82473604
1#
#82481860
1"
#82483196
0#
0"
#82483204
1#
#82491460
1"
#82492796
0#
0"
#82492804
1#
#82501060
1"
#82502396
0#
0"
#82502404
1#
#82510660
1"
#82511996
0#
0"
#82512004
1#
#82520260
1"
#82521596
0#
0"
#82521604
1#
#82529860
1"
#82531196
0#
0"
#82531204
1#
#82539460
1"
#82540796
0#
0"
#82540804
1#
#82549060
1"
#82550396
0#
0"
#82550404
1#
#82558660
1"
#82559996
0#
0"
#82560004
b10000000001 %
1#
#82568204
1"
#82569596
0#
0"
#82569604
1#
#82577804
1"
#82579196
0#
0"
#82579204
1#
#82587404
1"
#82588796
0#
0"
#82588804
1#
#82597004
1"
#82598396
0#
0"
#82598404
1#
#82606604
1"
#82607996
0#
0"
#82608004
1#
#82616204
1"
#82617596
0#
0"
#82617604
1#
#82625804
1"
#82627196
0#
0"
#82627204
1#
#82635404
1"
#82636796
0#
0"
#82636804
1#
#82645004
1"
#82646396
0#
0"
#82646404
1#
#82654604
1"
#82655996
0#
0"
#82656004
b1111111010 %
1#
#82664148
1"
#82665596
0#
0"
#82665604
1#
#82673748
1"
#82675196
0#
0"
#82675204
1#
#82683348
1"
#82684796
0#
0"
#82684804
1#
#82692948
1"
#82694396
0#
0"
#82694404
1#
#82702548
1"
#82703996
0#
0"
#82704004
1#
#82712148
1"
#82713596
0#
0"
#82713604
1#
#82721748
1"
#82723196
0#
0"
#82723204
1#
#82731348
1"
#82732796
0#
0"
#82732804
1#
#82740948
1"
#82742396
0#
0"
#82742404
1#
#82750548
1"
#82751996
0#
0"
#82752004
b1111110011 %
1#
#82760092
1"
#82761596
0#
0"
#82761604
1#
#82769692
1"
#82771196
0#
0"
#82771204
1#
#82779292
1"
#82780796
0#
0"
#82780804
1#
#82788892
1"
#82790396
0#
0"
#82790404
1#
#82798492
1"
#82799996
0#
0"
#82800004
1#
#82808092
1"
#82809596
0#
0"
#82809604
1#
#82817692
1"
#82819196
0#
0"
#82819204
1#
#82827292
1"
#82828796
0#
0"
#82828804
1#
#82836892
1"
#82838396
0#
0"
#82838404
1#
#82846492
1"
#82847996
0#
0"
#82848004
b1111101100 %
1#
#82856036
1"
#82857596
0#
0"
#82857604
1#
#82865636
1"
#82867196
0#
0"
#82867204
1#
#82875236
1"
#82876796
0#
0"
#82876804
1#
#82884836
1"
#82886396
0#
0"
#82886404
1#
#82894436
1"
#82895996
0#
0"
#82896004
1#
#82904036
1"
#82905596
0#
0"
#82905604
1#
#82913636
1"
#82915196
0#
0"
#82915204
1#
#82923236
1"
#82924796
0#
0"
#82924804
1#
#82932836
1"
#82934396
0#
0"
#82934404
1#
#82942436
1"
#82943996
0#
0"
#82944004
b1111100101 %
1#
#82951980
1"
#82953596
0#
0"
#82953604
1#
#82961580
1"
#82963196
0#
0"
#82963204
1#
#82971180
1"
#82972796
0#
0"
#82972804
1#
#82980780
1"
#82982396
0#
0"
#82982404
1#
#82990380
1"
#82991996
0#
0"
#82992004
1#
#82999980
1"
#83001596
0#
0"
#83001604
1#
#83009580
1"
#83011196
0#
0"
#83011204
1#
#83019180
1"
#83020796
0#
0"
#83020804
1#
#83028780
1"
#83030396
0#
0"
#83030404
1#
#83038380
1"
#83039996
0#
0"
#83040004
b1111011110 %
1#
#83047924
1"
#83049596
0#
0"
#83049604
1#
#83057524
1"
#83059196
0#
0"
#83059204
1#
#83067124
1"
#83068796
0#
0"
#83068804
1#
#83076724
1"
#83078396
0#
0"
#83078404
1#
#83086324
1"
#83087996
0#
0"
#83088004
1#
#83095924
1"
#83097596
0#
0"
#83097604
1#
#83105524
1"
#83107196
0#
0"
#83107204
1#
#83115124
1"
#83116796
0#
0"
#83116804
1#
#83124724
1"
#83126396
0#
0"
#83126404
1#
#83134324
1"
#83135996
0#
0"
#83136004
b1111010111 %
1#
#83143868
1"
#83145596
0#
0"
#83145604
1#
#83153468
1"
#83155196
0#
0"
#83155204
1#
#83163068
1"
#83164796
0#
0"
#83164804
1#
#83172668
1"
#83174396
0#
0"
#83174404
1#
#83182268
1"
#83183996
0#
0"
#83184004
1#
#83191868
1"
#83193596
0#
0"
#83193604
1#
#83201468
1"
#83203196
0#
0"
#83203204
1#
#83211068
1"
#83212796
0#
0"
#83212804
1#
#83220668
1"
#83222396
0#
0"
#83222404
1#
#83230268
1"
#83231996
0#
0"
#83232004
b1111010000 %
1#
#83239812
1"
#83241596
0#
0"
#83241604
1#
#83249412
1"
#83251196
0#
0"
#83251204
1#
#83259012
1"
#83260796
0#
0"
#83260804
1#
#83268612
1"
#83270396
0#
0"
#83270404
1#
#83278212
1"
#83279996
0#
0"
#83280004
1#
#83287812
1"
#83289596
0#
0"
#83289604
1#
#83297412
1"
#83299196
0#
0"
#83299204
1#
#83307012
1"
#83308796
0#
0"
#83308804
1#
#83316612
1"
#83318396
0#
0"
#83318404
1#
#83326212
1"
#83327996
0#
0"
#83328004
b1111001001 %
1#
#83335756
1"
#83337596
0#
0"
#83337604
1#
#83345356
1"
#83347196
0#
0"
#83347204
1#
#83354956
1"
#83356796
0#
0"
#83356804
1#
#83364556
1"
#83366396
0#
0"
#83366404
1#
#83374156
1"
#83375996
0#
0"
#83376004
1#
#83383756
1"
#83385596
0#
0"
#83385604
1#
#83393356
1"
#83395196
0#
0"
#83395204
1#
#83402956
1"
#83404796
0#
0"
#83404804
1#
#83412556
1"
#83414396
0#
0"
#83414404
1#
#83422156
1"
#83423996
0#
0"
#83424004
b1111000010 %
1#
#83431700
1"
#83433596
0#
0"
#83433604
1#
#83441300
1"
#83443196
0#
0"
#83443204
1#
#83450900
1"
#83452796
0#
0"
#83452804
1#
#83460500
1"
#83462396
0#
0"
#83462404
1#
#83470100
1"
#83471996
0#
0"
#83472004
1#
#83479700
1"
#83481596
0#
0"
#83481604
1#
#83489300
1"
#83491196
0#
0"
#83491204
1#
#83498900
1"
#83500796
0#
0"
#83500804
1#
#83508500
1"
#83510396
0#
0"
#83510404
1#
#83518100
1"
#83519996
0#
0"
#83520004
b1110111011 %
1#
#83527644
1"
#83529596
0#
0"
#83529604
1#
#83537244
1"
#83539196
0#
0"
#83539204
1#
#83546844
1"
#83548796
0#
0"
#83548804
1#
#83556444
1"
#83558396
0#
0"
#83558404
1#
#83566044
1"
#83567996
0#
0"
#83568004
1#
#83575644
1"
#83577596
0#
0"
#83577604
1#
#83585244
1"
#83587196
0#
0"
#83587204
1#
#83594844
1"
#83596796
0#
0"
#83596804
1#
#83604444
1"
#83606396
0#
0"
#83606404
1#
#83614044
1"
#83615996
0#
0"
#83616004
b1110110100 %
1#
#83623588
1"
#83625596
0#
0"
#83625604
1#
#83633188
1"
#83635196
0#
0"
#83635204
1#
#83642788
1"
#83644796
0#
0"
#83644804
1#
#83652388
1"
#83654396
0#
0"
#83654404
1#
#83661988
1"
#83663996
0#
0"
#83664004
1#
#83671588
1"
#83673596
0#
0"
#83673604
1#
#83681188
1"
#83683196
0#
0"
#83683204
1#
#83690788
1"
#83692796
0#
0"
#83692804
1#
#83700388
1"
#83702396
0#
0"
#83702404
1#
#83709988
1"
#83711996
0#
0"
#83712004
b1110101101 %
1#
#83719532
1"
#83721596
0#
0"
#83721604
1#
#83729132
1"
#83731196
0#
0"
#83731204
1#
#83738732
1"
#83740796
0#
0"
#83740804
1#
#83748332
1"
#83750396
0#
0"
#83750404
1#
#83757932
1"
#83759996
0#
0"
#83760004
1#
#83767532
1"
#83769596
0#
0"
#83769604
1#
#83777132
1"
#83779196
0#
0"
#83779204
1#
#83786732
1"
#83788796
0#
0"
#83788804
1#
#83796332
1"
#83798396
0#
0"
#83798404
1#
#83805932
1"
#83807996
0#
0"
#83808004
b1110100110 %
1#
#83815476
1"
#83817596
0#
0"
#83817604
1#
#83825076
1"
#83827196
0#
0"
#83827204
1#
#83834676
1"
#83836796
0#
0"
#83836804
1#
#83844276
1"
#83846396
0#
0"
#83846404
1#
#83853876
1"
#83855996
0#
0"
#83856004
1#
#83863476
1"
#83865596
0#
0"
#83865604
1#
#83873076
1"
#83875196
0#
0"
#83875204
1#
#83882676
1"
#83884796
0#
0"
#83884804
1#
#83892276
1"
#83894396
0#
0"
#83894404
1#
#83901876
1"
#83903996
0#
0"
#83904004
b1110011111 %
1#
#83911420
1"
#83913596
0#
0"
#83913604
1#
#83921020
1"
#83923196
0#
0"
#83923204
1#
#83930620
1"
#83932796
0#
0"
#83932804
1#
#83940220
1"
#83942396
0#
0"
#83942404
1#
#83949820
1"
#83951996
0#
0"
#83952004
1#
#83959420
1"
#83961596
0#
0"
#83961604
1#
#83969020
1"
#83971196
0#
0"
#83971204
1#
#83978620
1"
#83980796
0#
0"
#83980804
1#
#83988220
1"
#83990396
0#
0"
#83990404
1#
#83997820
1"
#83999996
0#
0"
#84000004
b1110011000 %
1#
#84007364
1"
#84009596
0#
0"
#84009604
1#
#84016964
1"
#84019196
0#
0"
#84019204
1#
#84026564
1"
#84028796
0#
0"
#84028804
1#
#84036164
1"
#84038396
0#
0"
#84038404
1#
#84045764
1"
#84047996
0#
0"
#84048004
1#
#84055364
1"
#84057596
0#
0"
#84057604
1#
#84064964
1"
#84067196
0#
0"
#84067204
1#
#84074564
1"
#84076796
0#
0"
#84076804
1#
#84084164
1"
#84086396
0#
0"
#84086404
1#
#84093764
1"
#84095996
0#
0"
#84096004
b1110010001 %
1#
#84103308
1"
#84105596
0#
0"
#84105604
1#
#84112908
1"
#84115196
0#
0"
#84115204
1#
#84122508
1"
#84124796
0#
0"
#84124804
1#
#84132108
1"
#84134396
0#
0"
#84134404
1#
#84141708
1"
#84143996
0#
0"
#84144004
1#
#84151308
1"
#84153596
0#
0"
#84153604
1#
#84160908
1"
#84163196
0#
0"
#84163204
1#
#84170508
1"
#84172796
0#
0"
#84172804
1#
#84180108
1"
#84182396
0#
0"
#84182404
1#
#84189708
1"
#84191996
0#
0"
#84192004
b1110001010 %
1#
#84199252
1"
#84201596
0#
0"
#84201604
1#
#84208852
1"
#84211196
0#
0"
#84211204
1#
#84218452
1"
#84220796
0#
0"
#84220804
1#
#84228052
1"
#84230396
0#
0"
#84230404
1#
#84237652
1"
#84239996
0#
0"
#84240004
1#
#84247252
1"
#84249596
0#
0"
#84249604
1#
#84256852
1"
#84259196
0#
0"
#84259204
1#
#84266452
1"
#84268796
0#
0"
#84268804
1#
#84276052
1"
#84278396
0#
0"
#84278404
1#
#84285652
1"
#84287996
0#
0"
#84288004
b1110000011 %
1#
#84295196
1"
#84297596
0#
0"
#84297604
1#
#84304796
1"
#84307196
0#
0"
#84307204
1#
#84314396
1"
#84316796
0#
0"
#84316804
1#
#84323996
1"
#84326396
0#
0"
#84326404
1#
#84333596
1"
#84335996
0#
0"
#84336004
1#
#84343196
1"
#84345596
0#
0"
#84345604
1#
#84352796
1"
#84355196
0#
0"
#84355204
1#
#84362396
1"
#84364796
0#
0"
#84364804
1#
#84371996
1"
#84374396
0#
0"
#84374404
1#
#84381596
1"
#84383996
0#
0"
#84384004
b1101111100 %
1#
#84391140
1"
#84393596
0#
0"
#84393604
1#
#84400740
1"
#84403196
0#
0"
#84403204
1#
#84410340
1"
#84412796
0#
0"
#84412804
1#
#84419940
1"
#84422396
0#
0"
#84422404
1#
#84429540
1"
#84431996
0#
0"
#84432004
1#
#84439140
1"
#84441596
0#
0"
#84441604
1#
#84448740
1"
#84451196
0#
0"
#84451204
1#
#84458340
1"
#84460796
0#
0"
#84460804
1#
#84467940
1"
#84470396
0#
0"
#84470404
1#
#84477540
1"
#84479996
0#
0"
#84480004
b1101110101 %
1#
#84487084
1"
#84489596
0#
0"
#84489604
1#
#84496684
1"
#84499196
0#
0"
#84499204
1#
#84506284
1"
#84508796
0#
0"
#84508804
1#
#84515884
1"
#84518396
0#
0"
#84518404
1#
#84525484
1"
#84527996
0#
0"
#84528004
1#
#84535084
1"
#84537596
0#
0"
#84537604
1#
#84544684
1"
#84547196
0#
0"
#84547204
1#
#84554284
1"
#84556796
0#
0"
#84556804
1#
#84563884
1"
#84566396
0#
0"
#84566404
1#
#84573484
1"
#84575996
0#
0"
#84576004
b1101101110 %
1#
#84583028
1"
#84585596
0#
0"
#84585604
1#
#84592628
1"
#84595196
0#
0"
#84595204
1#
#84602228
1"
#84604796
0#
0"
#84604804
1#
#84611828
1"
#84614396
0#
0"
#84614404
1#
#84621428
1"
#84623996
0#
0"
#84624004
1#
#84631028
1"
#84633596
0#
0"
#84633604
1#
#84640628
1"
#84643196
0#
0"
#84643204
1#
#84650228
1"
#84652796
0#
0"
#84652804
1#
#84659828
1"
#84662396
0#
0"
#84662404
1#
#84669428
1"
#84671996
0#
0"
#84672004
b1101100111 %
1#
#84678972
1"
#84681596
0#
0"
#84681604
1#
#84688572
1"
#84691196
0#
0"
#84691204
1#
#84698172
1"
#84700796
0#
0"
#84700804
1#
#84707772
1"
#84710396
0#
0"
#84710404
1#
#84717372
1"
#84719996
0#
0"
#84720004
1#
#84726972
1"
#84729596
0#
0"
#84729604
1#
#84736572
1"
#84739196
0#
0"
#84739204
1#
#84746172
1"
#84748796
0#
0"
#84748804
1#
#84755772
1"
#84758396
0#
0"
#84758404
1#
#84765372
1"
#84767996
0#
0"
#84768004
b1101100000 %
1#
#84774916
1"
#84777596
0#
0"
#84777604
1#
#84784516
1"
#84787196
0#
0"
#84787204
1#
#84794116
1"
#84796796
0#
0"
#84796804
1#
#84803716
1"
#84806396
0#
0"
#84806404
1#
#84813316
1"
#84815996
0#
0"
#84816004
1#
#84822916
1"
#84825596
0#
0"
#84825604
1#
#84832516
1"
#84835196
0#
0"
#84835204
1#
#84842116
1"
#84844796
0#
0"
#84844804
1#
#84851716
1"
#84854396
0#
0"
#84854404
1#
#84861316
1"
#84863996
0#
0"
#84864004
b1101011001 %
1#
#84870860
1"
#84873596
0#
0"
#84873604
1#
#84880460
1"
#84883196
0#
0"
#84883204
1#
#84890060
1"
#84892796
0#
0"
#84892804
1#
#84899660
1"
#84902396
0#
0"
#84902404
1#
#84909260
1"
#84911996
0#
0"
#84912004
1#
#84918860
1"
#84921596
0#
0"
#84921604
1#
#84928460
1"
#84931196
0#
0"
#84931204
1#
#84938060
1"
#84940796
0#
0"
#84940804
1#
#84947660
1"
#84950396
0#
0"
#84950404
1#
#84957260
1"
#84959996
0#
0"
#84960004
b1101010010 %
1#
#84966804
1"
#84969596
0#
0"
#84969604
1#
#84976404
1"
#84979196
0#
0"
#84979204
1#
#84986004
1"
#84988796
0#
0"
#84988804
1#
#84995604
1"
#84998396
0#
0"
#84998404
1#
#85005204
1"
#85007996
0#
0"
#85008004
1#
#85014804
1"
#85017596
0#
0"
#85017604
1#
#85024404
1"
#85027196
0#
0"
#85027204
1#
#85034004
1"
#85036796
0#
0"
#85036804
1#
#85043604
1"
#85046396
0#
0"
#85046404
1#
#85053204
1"
#85055996
0#
0"
#85056004
b1101001011 %
1#
#85062748
1"
#85065596
0#
0"
#85065604
1#
#85072348
1"
#85075196
0#
0"
#85075204
1#
#85081948
1"
#85084796
0#
0"
#85084804
1#
#85091548
1"
#85094396
0#
0"
#85094404
1#
#85101148
1"
#85103996
0#
0"
#85104004
1#
#85110748
1"
#85113596
0#
0"
#85113604
1#
#85120348
1"
#85123196
0#
0"
#85123204
1#
#85129948
1"
#85132796
0#
0"
#85132804
1#
#85139548
1"
#85142396
0#
0"
#85142404
1#
#85149148
1"
#85151996
0#
0"
#85152004
b1101000100 %
1#
#85158692
1"
#85161596
0#
0"
#85161604
1#
#85168292
1"
#85171196
0#
0"
#85171204
1#
#85177892
1"
#85180796
0#
0"
#85180804
1#
#85187492
1"
#85190396
0#
0"
#85190404
1#
#85197092
1"
#85199996
0#
0"
#85200004
1#
#85206692
1"
#85209596
0#
0"
#85209604
1#
#85216292
1"
#85219196
0#
0"
#85219204
1#
#85225892
1"
#85228796
0#
0"
#85228804
1#
#85235492
1"
#85238396
0#
0"
#85238404
1#
#85245092
1"
#85247996
0#
0"
#85248004
b1100111101 %
1#
#85254636
1"
#85257596
0#
0"
#85257604
1#
#85264236
1"
#85267196
0#
0"
#85267204
1#
#85273836
1"
#85276796
0#
0"
#85276804
1#
#85283436
1"
#85286396
0#
0"
#85286404
1#
#85293036
1"
#85295996
0#
0"
#85296004
1#
#85302636
1"
#85305596
0#
0"
#85305604
1#
#85312236
1"
#85315196
0#
0"
#85315204
1#
#85321836
1"
#85324796
0#
0"
#85324804
1#
#85331436
1"
#85334396
0#
0"
#85334404
1#
#85341036
1"
#85343996
0#
0"
#85344004
b1100110110 %
1#
#85350580
1"
#85353596
0#
0"
#85353604
1#
#85360180
1"
#85363196
0#
0"
#85363204
1#
#85369780
1"
#85372796
0#
0"
#85372804
1#
#85379380
1"
#85382396
0#
0"
#85382404
1#
#85388980
1"
#85391996
0#
0"
#85392004
1#
#85398580
1"
#85401596
0#
0"
#85401604
1#
#85408180
1"
#85411196
0#
0"
#85411204
1#
#85417780
1"
#85420796
0#
0"
#85420804
1#
#85427380
1"
#85430396
0#
0"
#85430404
1#
#85436980
1"
#85439996
0#
0"
#85440004
b1100101111 %
1#
#85446524
1"
#85449596
0#
0"
#85449604
1#
#85456124
1"
#85459196
0#
0"
#85459204
1#
#85465724
1"
#85468796
0#
0"
#85468804
1#
#85475324
1"
#85478396
0#
0"
#85478404
1#
#85484924
1"
#85487996
0#
0"
#85488004
1#
#85494524
1"
#85497596
0#
0"
#85497604
1#
#85504124
1"
#85507196
0#
0"
#85507204
1#
#85513724
1"
#85516796
0#
0"
#85516804
1#
#85523324
1"
#85526396
0#
0"
#85526404
1#
#85532924
1"
#85535996
0#
0"
#85536004
b1100101000 %
1#
#85542468
1"
#85545596
0#
0"
#85545604
1#
#85552068
1"
#85555196
0#
0"
#85555204
1#
#85561668
1"
#85564796
0#
0"
#85564804
1#
#85571268
1"
#85574396
0#
0"
#85574404
1#
#85580868
1"
#85583996
0#
0"
#85584004
1#
#85590468
1"
#85593596
0#
0"
#85593604
1#
#85600068
1"
#85603196
0#
0"
#85603204
1#
#85609668
1"
#85612796
0#
0"
#85612804
1#
#85619268
1"
#85622396
0#
0"
#85622404
1#
#85628868
1"
#85631996
0#
0"
#85632004
b1100100001 %
1#
#85638412
1"
#85641596
0#
0"
#85641604
1#
#85648012
1"
#85651196
0#
0"
#85651204
1#
#85657612
1"
#85660796
0#
0"
#85660804
1#
#85667212
1"
#85670396
0#
0"
#85670404
1#
#85676812
1"
#85679996
0#
0"
#85680004
1#
#85686412
1"
#85689596
0#
0"
#85689604
1#
#85696012
1"
#85699196
0#
0"
#85699204
1#
#85705612
1"
#85708796
0#
0"
#85708804
1#
#85715212
1"
#85718396
0#
0"
#85718404
1#
#85724812
1"
#85727996
0#
0"
#85728004
b1100011010 %
1#
#85734356
1"
#85737596
0#
0"
#85737604
1#
#85743956
1"
#85747196
0#
0"
#85747204
1#
#85753556
1"
#85756796
0#
0"
#85756804
1#
#85763156
1"
#85766396
0#
0"
#85766404
1#
#85772756
1"
#85775996
0#
0"
#85776004
1#
#85782356
1"
#85785596
0#
0"
#85785604
1#
#85791956
1"
#85795196
0#
0"
#85795204
1#
#85801556
1"
#85804796
0#
0"
#85804804
1#
#85811156
1"
#85814396
0#
0"
#85814404
1#
#85820756
1"
#85823996
0#
0"
#85824004
b1100010011 %
1#
#85830300
1"
#85833596
0#
0"
#85833604
1#
#85839900
1"
#85843196
0#
0"
#85843204
1#
#85849500
1"
#85852796
0#
0"
#85852804
1#
#85859100
1"
#85862396
0#
0"
#85862404
1#
#85868700
1"
#85871996
0#
0"
#85872004
1#
#85878300
1"
#85881596
0#
0"
#85881604
1#
#85887900
1"
#85891196
0#
0"
#85891204
1#
#85897500
1"
#85900796
0#
0"
#85900804
1#
#85907100
1"
#85910396
0#
0"
#85910404
1#
#85916700
1"
#85919996
0#
0"
#85920004
b1100001100 %
1#
#85926244
1"
#85929596
0#
0"
#85929604
1#
#85935844
1"
#85939196
0#
0"
#85939204
1#
#85945444
1"
#85948796
0#
0"
#85948804
1#
#85955044
1"
#85958396
0#
0"
#85958404
1#
#85964644
1"
#85967996
0#
0"
#85968004
1#
#85974244
1"
#85977596
0#
0"
#85977604
1#
#85983844
1"
#85987196
0#
0"
#85987204
1#
#85993444
1"
#85996796
0#
0"
#85996804
1#
#86003044
1"
#86006396
0#
0"
#86006404
1#
#86012644
1"
#86015996
0#
0"
#86016004
b1100000101 %
1#
#86022188
1"
#86025596
0#
0"
#86025604
1#
#86031788
1"
#86035196
0#
0"
#86035204
1#
#86041388
1"
#86044796
0#
0"
#86044804
1#
#86050988
1"
#86054396
0#
0"
#86054404
1#
#86060588
1"
#86063996
0#
0"
#86064004
1#
#86070188
1"
#86073596
0#
0"
#86073604
1#
#86079788
1"
#86083196
0#
0"
#86083204
1#
#86089388
1"
#86092796
0#
0"
#86092804
1#
#86098988
1"
#86102396
0#
0"
#86102404
1#
#86108588
1"
#86111996
0#
0"
#86112004
b1011111110 %
1#
#86118132
1"
#86121596
0#
0"
#86121604
1#
#86127732
1"
#86131196
0#
0"
#86131204
1#
#86137332
1"
#86140796
0#
0"
#86140804
1#
#86146932
1"
#86150396
0#
0"
#86150404
1#
#86156532
1"
#86159996
0#
0"
#86160004
1#
#86166132
1"
#86169596
0#
0"
#86169604
1#
#86175732
1"
#86179196
0#
0"
#86179204
1#
#86185332
1"
#86188796
0#
0"
#86188804
1#
#86194932
1"
#86198396
0#
0"
#86198404
1#
#86204532
1"
#86207996
0#
0"
#86208004
b1011110111 %
1#
#86214076
1"
#86217596
0#
0"
#86217604
1#
#86223676
1"
#86227196
0#
0"
#86227204
1#
#86233276
1"
#86236796
0#
0"
#86236804
1#
#86242876
1"
#86246396
0#
0"
#86246404
1#
#86252476
1"
#86255996
0#
0"
#86256004
1#
#86262076
1"
#86265596
0#
0"
#86265604
1#
#86271676
1"
#86275196
0#
0"
#86275204
1#
#86281276
1"
#86284796
0#
0"
#86284804
1#
#86290876
1"
#86294396
0#
0"
#86294404
1#
#86300476
1"
#86303996
0#
0"
#86304004
b1011110000 %
1#
#86310020
1"
#86313596
0#
0"
#86313604
1#
#86319620
1"
#86323196
0#
0"
#86323204
1#
#86329220
1"
#86332796
0#
0"
#86332804
1#
#86338820
1"
#86342396
0#
0"
#86342404
1#
#86348420
1"
#86351996
0#
0"
#86352004
1#
#86358020
1"
#86361596
0#
0"
#86361604
1#
#86367620
1"
#86371196
0#
0"
#86371204
1#
#86377220
1"
#86380796
0#
0"
#86380804
1#
#86386820
1"
#86390396
0#
0"
#86390404
1#
#86396420
1"
#86399996
0#
0"
#86400004
b1011101001 %
1#
#86405964
1"
#86409596
0#
0"
#86409604
1#
#86415564
1"
#86419196
0#
0"
#86419204
1#
#86425164
1"
#86428796
0#
0"
#86428804
1#
#86434764
1"
#86438396
0#
0"
#86438404
1#
#86444364
1"
#86447996
0#
0"
#86448004
1#
#86453964
1"
#86457596
0#
0"
#86457604
1#
#86463564
1"
#86467196
0#
0"
#86467204
1#
#86473164
1"
#86476796
0#
0"
#86476804
1#
#86482764
1"
#86486396
0#
0"
#86486404
1#
#86492364
1"
#86495996
0#
0"
#86496004
b1011100010 %
1#
#86501908
1"
#86505596
0#
0"
#86505604
1#
#86511508
1"
#86515196
0#
0"
#86515204
1#
#86521108
1"
#86524796
0#
0"
#86524804
1#
#86530708
1"
#86534396
0#
0"
#86534404
1#
#86540308
1"
#86543996
0#
0"
#86544004
1#
#86549908
1"
#86553596
0#
0"
#86553604
1#
#86559508
1"
#86563196
0#
0"
#86563204
1#
#86569108
1"
#86572796
0#
0"
#86572804
1#
#86578708
1"
#86582396
0#
0"
#86582404
1#
#86588308
1"
#86591996
0#
0"
#86592004
b1011011011 %
1#
#86597852
1"
#86601596
0#
0"
#86601604
1#
#86607452
1"
#86611196
0#
0"
#86611204
1#
#86617052
1"
#86620796
0#
0"
#86620804
1#
#86626652
1"
#86630396
0#
0"
#86630404
1#
#86636252
1"
#86639996
0#
0"
#86640004
1#
#86645852
1"
#86649596
0#
0"
#86649604
1#
#86655452
1"
#86659196
0#
0"
#86659204
1#
#86665052
1"
#86668796
0#
0"
#86668804
1#
#86674652
1"
#86678396
0#
0"
#86678404
1#
#86684252
1"
#86687996
0#
0"
#86688004
b1011010100 %
1#
#86693796
1"
#86697596
0#
0"
#86697604
1#
#86703396
1"
#86707196
0#
0"
#86707204
1#
#86712996
1"
#86716796
0#
0"
#86716804
1#
#86722596
1"
#86726396
0#
0"
#86726404
1#
#86732196
1"
#86735996
0#
0"
#86736004
1#
#86741796
1"
#86745596
0#
0"
#86745604
1#
#86751396
1"
#86755196
0#
0"
#86755204
1#
#86760996
1"
#86764796
0#
0"
#86764804
1#
#86770596
1"
#86774396
0#
0"
#86774404
1#
#86780196
1"
#86783996
0#
0"
#86784004
b1011001101 %
1#
#86789740
1"
#86793596
0#
0"
#86793604
1#
#86799340
1"
#86803196
0#
0"
#86803204
1#
#86808940
1"
#86812796
0#
0"
#86812804
1#
#86818540
1"
#86822396
0#
0"
#86822404
1#
#86828140
1"
#86831996
0#
0"
#86832004
1#
#86837740
1"
#86841596
0#
0"
#86841604
1#
#86847340
1"
#86851196
0#
0"
#86851204
1#
#86856940
1"
#86860796
0#
0"
#86860804
1#
#86866540
1"
#86870396
0#
0"
#86870404
1#
#86876140
1"
#86879996
0#
0"
#86880004
b1011000110 %
1#
#86885684
1"
#86889596
0#
0"
#86889604
1#
#86895284
1"
#86899196
0#
0"
#86899204
1#
#86904884
1"
#86908796
0#
0"
#86908804
1#
#86914484
1"
#86918396
0#
0"
#86918404
1#
#86924084
1"
#86927996
0#
0"
#86928004
1#
#86933684
1"
#86937596
0#
0"
#86937604
1#
#86943284
1"
#86947196
0#
0"
#86947204
1#
#86952884
1"
#86956796
0#
0"
#86956804
1#
#86962484
1"
#86966396
0#
0"
#86966404
1#
#86972084
1"
#86975996
0#
0"
#86976004
b1010111111 %
1#
#86981628
1"
#86985596
0#
0"
#86985604
1#
#86991228
1"
#86995196
0#
0"
#86995204
1#
#87000828
1"
#87004796
0#
0"
#87004804
1#
#87010428
1"
#87014396
0#
0"
#87014404
1#
#87020028
1"
#87023996
0#
0"
#87024004
1#
#87029628
1"
#87033596
0#
0"
#87033604
1#
#87039228
1"
#87043196
0#
0"
#87043204
1#
#87048828
1"
#87052796
0#
0"
#87052804
1#
#87058428
1"
#87062396
0#
0"
#87062404
1#
#87068028
1"
#87071996
0#
0"
#87072004
b1010111000 %
1#
#87077572
1"
#87081596
0#
0"
#87081604
1#
#87087172
1"
#87091196
0#
0"
#87091204
1#
#87096772
1"
#87100796
0#
0"
#87100804
1#
#87106372
1"
#87110396
0#
0"
#87110404
1#
#87115972
1"
#87119996
0#
0"
#87120004
1#
#87125572
1"
#87129596
0#
0"
#87129604
1#
#87135172
1"
#87139196
0#
0"
#87139204
1#
#87144772
1"
#87148796
0#
0"
#87148804
1#
#87154372
1"
#87158396
0#
0"
#87158404
1#
#87163972
1"
#87167996
0#
0"
#87168004
b1010110001 %
1#
#87173516
1"
#87177596
0#
0"
#87177604
1#
#87183116
1"
#87187196
0#
0"
#87187204
1#
#87192716
1"
#87196796
0#
0"
#87196804
1#
#87202316
1"
#87206396
0#
0"
#87206404
1#
#87211916
1"
#87215996
0#
0"
#87216004
1#
#87221516
1"
#87225596
0#
0"
#87225604
1#
#87231116
1"
#87235196
0#
0"
#87235204
1#
#87240716
1"
#87244796
0#
0"
#87244804
1#
#87250316
1"
#87254396
0#
0"
#87254404
1#
#87259916
1"
#87263996
0#
0"
#87264004
b1010101010 %
1#
#87269460
1"
#87273596
0#
0"
#87273604
1#
#87279060
1"
#87283196
0#
0"
#87283204
1#
#87288660
1"
#87292796
0#
0"
#87292804
1#
#87298260
1"
#87302396
0#
0"
#87302404
1#
#87307860
1"
#87311996
0#
0"
#87312004
1#
#87317460
1"
#87321596
0#
0"
#87321604
1#
#87327060
1"
#87331196
0#
0"
#87331204
1#
#87336660
1"
#87340796
0#
0"
#87340804
1#
#87346260
1"
#87350396
0#
0"
#87350404
1#
#87355860
1"
#87359996
0#
0"
#87360004
b1010100011 %
1#
#87365404
1"
#87369596
0#
0"
#87369604
1#
#87375004
1"
#87379196
0#
0"
#87379204
1#
#87384604
1"
#87388796
0#
0"
#87388804
1#
#87394204
1"
#87398396
0#
0"
#87398404
1#
#87403804
1"
#87407996
0#
0"
#87408004
1#
#87413404
1"
#87417596
0#
0"
#87417604
1#
#87423004
1"
#87427196
0#
0"
#87427204
1#
#87432604
1"
#87436796
0#
0"
#87436804
1#
#87442204
1"
#87446396
0#
0"
#87446404
1#
#87451804
1"
#87455996
0#
0"
#87456004
b1010011100 %
1#
#87461348
1"
#87465596
0#
0"
#87465604
1#
#87470948
1"
#87475196
0#
0"
#87475204
1#
#87480548
1"
#87484796
0#
0"
#87484804
1#
#87490148
1"
#87494396
0#
0"
#87494404
1#
#87499748
1"
#87503996
0#
0"
#87504004
1#
#87509348
1"
#87513596
0#
0"
#87513604
1#
#87518948
1"
#87523196
0#
0"
#87523204
1#
#87528548
1"
#87532796
0#
0"
#87532804
1#
#87538148
1"
#87542396
0#
0"
#87542404
1#
#87547748
1"
#87551996
0#
0"
#87552004
b1010010101 %
1#
#87557292
1"
#87561596
0#
0"
#87561604
1#
#87566892
1"
#87571196
0#
0"
#87571204
1#
#87576492
1"
#87580796
0#
0"
#87580804
1#
#87586092
1"
#87590396
0#
0"
#87590404
1#
#87595692
1"
#87599996
0#
0"
#87600004
1#
#87605292
1"
#87609596
0#
0"
#87609604
1#
#87614892
1"
#87619196
0#
0"
#87619204
1#
#87624492
1"
#87628796
0#
0"
#87628804
1#
#87634092
1"
#87638396
0#
0"
#87638404
1#
#87643692
1"
#87647996
0#
0"
#87648004
b1010001110 %
1#
#87653236
1"
#87657596
0#
0"
#87657604
1#
#87662836
1"
#87667196
0#
0"
#87667204
1#
#87672436
1"
#87676796
0#
0"
#87676804
1#
#87682036
1"
#87686396
0#
0"
#87686404
1#
#87691636
1"
#87695996
0#
0"
#87696004
1#
#87701236
1"
#87705596
0#
0"
#87705604
1#
#87710836
1"
#87715196
0#
0"
#87715204
1#
#87720436
1"
#87724796
0#
0"
#87724804
1#
#87730036
1"
#87734396
0#
0"
#87734404
1#
#87739636
1"
#87743996
0#
0"
#87744004
b1010000111 %
1#
#87749180
1"
#87753596
0#
0"
#87753604
1#
#87758780
1"
#87763196
0#
0"
#87763204
1#
#87768380
1"
#87772796
0#
0"
#87772804
1#
#87777980
1"
#87782396
0#
0"
#87782404
1#
#87787580
1"
#87791996
0#
0"
#87792004
1#
#87797180
1"
#87801596
0#
0"
#87801604
1#
#87806780
1"
#87811196
0#
0"
#87811204
1#
#87816380
1"
#87820796
0#
0"
#87820804
1#
#87825980
1"
#87830396
0#
0"
#87830404
1#
#87835580
1"
#87839996
0#
0"
#87840004
b1010000000 %
1#
#87845124
1"
#87849596
0#
0"
#87849604
1#
#87854724
1"
#87859196
0#
0"
#87859204
1#
#87864324
1"
#87868796
0#
0"
#87868804
1#
#87873924
1"
#87878396
0#
0"
#87878404
1#
#87883524
1"
#87887996
0#
0"
#87888004
1#
#87893124
1"
#87897596
0#
0"
#87897604
1#
#87902724
1"
#87907196
0#
0"
#87907204
1#
#87912324
1"
#87916796
0#
0"
#87916804
1#
#87921924
1"
#87926396
0#
0"
#87926404
1#
#87931524
1"
#87935996
0#
0"
#87936004
b1001111001 %
1#
#87941068
1"
#87945596
0#
0"
#87945604
1#
#87950668
1"
#87955196
0#
0"
#87955204
1#
#87960268
1"
#87964796
0#
0"
#87964804
1#
#87969868
1"
#87974396
0#
0"
#87974404
1#
#87979468
1"
#87983996
0#
0"
#87984004
1#
#87989068
1"
#87993596
0#
0"
#87993604
1#
#87998668
1"
#88003196
0#
0"
#88003204
1#
#88008268
1"
#88012796
0#
0"
#88012804
1#
#88017868
1"
#88022396
0#
0"
#88022404
1#
#88027468
1"
#88031996
0#
0"
#88032004
b1001110010 %
1#
#88037012
1"
#88041596
0#
0"
#88041604
1#
#88046612
1"
#88051196
0#
0"
#88051204
1#
#88056212
1"
#88060796
0#
0"
#88060804
1#
#88065812
1"
#88070396
0#
0"
#88070404
1#
#88075412
1"
#88079996
0#
0"
#88080004
1#
#88085012
1"
#88089596
0#
0"
#88089604
1#
#88094612
1"
#88099196
0#
0"
#88099204
1#
#88104212
1"
#88108796
0#
0"
#88108804
1#
#88113812
1"
#88118396
0#
0"
#88118404
1#
#88123412
1"
#88127996
0#
0"
#88128004
b1001101011 %
1#
#88132956
1"
#88137596
0#
0"
#88137604
1#
#88142556
1"
#88147196
0#
0"
#88147204
1#
#88152156
1"
#88156796
0#
0"
#88156804
1#
#88161756
1"
#88166396
0#
0"
#88166404
1#
#88171356
1"
#88175996
0#
0"
#88176004
1#
#88180956
1"
#88185596
0#
0"
#88185604
1#
#88190556
1"
#88195196
0#
0"
#88195204
1#
#88200156
1"
#88204796
0#
0"
#88204804
1#
#88209756
1"
#88214396
0#
0"
#88214404
1#
#88219356
1"
#88223996
0#
0"
#88224004
b1001100100 %
1#
#88228900
1"
#88233596
0#
0"
#88233604
1#
#88238500
1"
#88243196
0#
0"
#88243204
1#
#88248100
1"
#88252796
0#
0"
#88252804
1#
#88257700
1"
#88262396
0#
0"
#88262404
1#
#88267300
1"
#88271996
0#
0"
#88272004
1#
#88276900
1"
#88281596
0#
0"
#88281604
1#
#88286500
1"
#88291196
0#
0"
#88291204
1#
#88296100
1"
#88300796
0#
0"
#88300804
1#
#88305700
1"
#88310396
0#
0"
#88310404
1#
#88315300
1"
#88319996
0#
0"
#88320004
b1001011101 %
1#
#88324844
1"
#88329596
0#
0"
#88329604
1#
#88334444
1"
#88339196
0#
0"
#88339204
1#
#88344044
1"
#88348796
0#
0"
#88348804
1#
#88353644
1"
#88358396
0#
0"
#88358404
1#
#88363244
1"
#88367996
0#
0"
#88368004
1#
#88372844
1"
#88377596
0#
0"
#88377604
1#
#88382444
1"
#88387196
0#
0"
#88387204
1#
#88392044
1"
#88396796
0#
0"
#88396804
1#
#88401644
1"
#88406396
0#
0"
#88406404
1#
#88411244
1"
#88415996
0#
0"
#88416004
b1001010110 %
1#
#88420788
1"
#88425596
0#
0"
#88425604
1#
#88430388
1"
#88435196
0#
0"
#88435204
1#
#88439988
1"
#88444796
0#
0"
#88444804
1#
#88449588
1"
#88454396
0#
0"
#88454404
1#
#88459188
1"
#88463996
0#
0"
#88464004
1#
#88468788
1"
#88473596
0#
0"
#88473604
1#
#88478388
1"
#88483196
0#
0"
#88483204
1#
#88487988
1"
#88492796
0#
0"
#88492804
1#
#88497588
1"
#88502396
0#
0"
#88502404
1#
#88507188
1"
#88511996
0#
0"
#88512004
b1001001111 %
1#
#88516732
1"
#88521596
0#
0"
#88521604
1#
#88526332
1"
#88531196
0#
0"
#88531204
1#
#88535932
1"
#88540796
0#
0"
#88540804
1#
#88545532
1"
#88550396
0#
0"
#88550404
1#
#88555132
1"
#88559996
0#
0"
#88560004
1#
#88564732
1"
#88569596
0#
0"
#88569604
1#
#88574332
1"
#88579196
0#
0"
#88579204
1#
#88583932
1"
#88588796
0#
0"
#88588804
1#
#88593532
1"
#88598396
0#
0"
#88598404
1#
#88603132
1"
#88607996
0#
0"
#88608004
b1001001000 %
1#
#88612676
1"
#88617596
0#
0"
#88617604
1#
#88622276
1"
#88627196
0#
0"
#88627204
1#
#88631876
1"
#88636796
0#
0"
#88636804
1#
#88641476
1"
#88646396
0#
0"
#88646404
1#
#88651076
1"
#88655996
0#
0"
#88656004
1#
#88660676
1"
#88665596
0#
0"
#88665604
1#
#88670276
1"
#88675196
0#
0"
#88675204
1#
#88679876
1"
#88684796
0#
0"
#88684804
1#
#88689476
1"
#88694396
0#
0"
#88694404
1#
#88699076
1"
#88703996
0#
0"
#88704004
b1001000001 %
1#
#88708620
1"
#88713596
0#
0"
#88713604
1#
#88718220
1"
#88723196
0#
0"
#88723204
1#
#88727820
1"
#88732796
0#
0"
#88732804
1#
#88737420
1"
#88742396
0#
0"
#88742404
1#
#88747020
1"
#88751996
0#
0"
#88752004
1#
#88756620
1"
#88761596
0#
0"
#88761604
1#
#88766220
1"
#88771196
0#
0"
#88771204
1#
#88775820
1"
#88780796
0#
0"
#88780804
1#
#88785420
1"
#88790396
0#
0"
#88790404
1#
#88795020
1"
#88799996
0#
0"
#88800004
b1000111010 %
1#
#88804564
1"
#88809596
0#
0"
#88809604
1#
#88814164
1"
#88819196
0#
0"
#88819204
1#
#88823764
1"
#88828796
0#
0"
#88828804
1#
#88833364
1"
#88838396
0#
0"
#88838404
1#
#88842964
1"
#88847996
0#
0"
#88848004
1#
#88852564
1"
#88857596
0#
0"
#88857604
1#
#88862164
1"
#88867196
0#
0"
#88867204
1#
#88871764
1"
#88876796
0#
0"
#88876804
1#
#88881364
1"
#88886396
0#
0"
#88886404
1#
#88890964
1"
#88895996
0#
0"
#88896004
b1000110011 %
1#
#88900508
1"
#88905596
0#
0"
#88905604
1#
#88910108
1"
#88915196
0#
0"
#88915204
1#
#88919708
1"
#88924796
0#
0"
#88924804
1#
#88929308
1"
#88934396
0#
0"
#88934404
1#
#88938908
1"
#88943996
0#
0"
#88944004
1#
#88948508
1"
#88953596
0#
0"
#88953604
1#
#88958108
1"
#88963196
0#
0"
#88963204
1#
#88967708
1"
#88972796
0#
0"
#88972804
1#
#88977308
1"
#88982396
0#
0"
#88982404
1#
#88986908
1"
#88991996
0#
0"
#88992004
b1000101100 %
1#
#88996452
1"
#89001596
0#
0"
#89001604
1#
#89006052
1"
#89011196
0#
0"
#89011204
1#
#89015652
1"
#89020796
0#
0"
#89020804
1#
#89025252
1"
#89030396
0#
0"
#89030404
1#
#89034852
1"
#89039996
0#
0"
#89040004
1#
#89044452
1"
#89049596
0#
0"
#89049604
1#
#89054052
1"
#89059196
0#
0"
#89059204
1#
#89063652
1"
#89068796
0#
0"
#89068804
1#
#89073252
1"
#89078396
0#
0"
#89078404
1#
#89082852
1"
#89087996
0#
0"
#89088004
b1000100101 %
1#
#89092396
1"
#89097596
0#
0"
#89097604
1#
#89101996
1"
#89107196
0#
0"
#89107204
1#
#89111596
1"
#89116796
0#
0"
#89116804
1#
#89121196
1"
#89126396
0#
0"
#89126404
1#
#89130796
1"
#89135996
0#
0"
#89136004
1#
#89140396
1"
#89145596
0#
0"
#89145604
1#
#89149996
1"
#89155196
0#
0"
#89155204
1#
#89159596
1"
#89164796
0#
0"
#89164804
1#
#89169196
1"
#89174396
0#
0"
#89174404
1#
#89178796
1"
#89183996
0#
0"
#89184004
b1000011110 %
1#
#89188340
1"
#89193596
0#
0"
#89193604
1#
#89197940
1"
#89203196
0#
0"
#89203204
1#
#89207540
1"
#89212796
0#
0"
#89212804
1#
#89217140
1"
#89222396
0#
0"
#89222404
1#
#89226740
1"
#89231996
0#
0"
#89232004
1#
#89236340
1"
#89241596
0#
0"
#89241604
1#
#89245940
1"
#89251196
0#
0"
#89251204
1#
#89255540
1"
#89260796
0#
0"
#89260804
1#
#89265140
1"
#89270396
0#
0"
#89270404
1#
#89274740
1"
#89279996
0#
0"
#89280004
b1000010111 %
1#
#89284284
1"
#89289596
0#
0"
#89289604
1#
#89293884
1"
#89299196
0#
0"
#89299204
1#
#89303484
1"
#89308796
0#
0"
#89308804
1#
#89313084
1"
#89318396
0#
0"
#89318404
1#
#89322684
1"
#89327996
0#
0"
#89328004
1#
#89332284
1"
#89337596
0#
0"
#89337604
1#
#89341884
1"
#89347196
0#
0"
#89347204
1#
#89351484
1"
#89356796
0#
0"
#89356804
1#
#89361084
1"
#89366396
0#
0"
#89366404
1#
#89370684
1"
#89375996
0#
0"
#89376004
b1000010000 %
1#
#89380228
1"
#89385596
0#
0"
#89385604
1#
#89389828
1"
#89395196
0#
0"
#89395204
1#
#89399428
1"
#89404796
0#
0"
#89404804
1#
#89409028
1"
#89414396
0#
0"
#89414404
1#
#89418628
1"
#89423996
0#
0"
#89424004
1#
#89428228
1"
#89433596
0#
0"
#89433604
1#
#89437828
1"
#89443196
0#
0"
#89443204
1#
#89447428
1"
#89452796
0#
0"
#89452804
1#
#89457028
1"
#89462396
0#
0"
#89462404
1#
#89466628
1"
#89471996
0#
0"
#89472004
b1000001001 %
1#
#89476172
1"
#89481596
0#
0"
#89481604
1#
#89485772
1"
#89491196
0#
0"
#89491204
1#
#89495372
1"
#89500796
0#
0"
#89500804
1#
#89504972
1"
#89510396
0#
0"
#89510404
1#
#89514572
1"
#89519996
0#
0"
#89520004
1#
#89524172
1"
#89529596
0#
0"
#89529604
1#
#89533772
1"
#89539196
0#
0"
#89539204
1#
#89543372
1"
#89548796
0#
0"
#89548804
1#
#89552972
1"
#89558396
0#
0"
#89558404
1#
#89562572
1"
#89567996
0#
0"
#89568004
b1000000010 %
1#
#89572116
1"
#89577596
0#
0"
#89577604
1#
#89581716
1"
#89587196
0#
0"
#89587204
1#
#89591316
1"
#89596796
0#
0"
#89596804
1#
#89600916
1"
#89606396
0#
0"
#89606404
1#
#89610516
1"
#89615996
0#
0"
#89616004
1#
#89620116
1"
#89625596
0#
0"
#89625604
1#
#89629716
1"
#89635196
0#
0"
#89635204
1#
#89639316
1"
#89644796
0#
0"
#89644804
1#
#89648916
1"
#89654396
0#
0"
#89654404
1#
#89658516
1"
#89663996
0#
0"
#89664004
b111111011 %
1#
#89668060
1"
#89673596
0#
0"
#89673604
1#
#89677660
1"
#89683196
0#
0"
#89683204
1#
#89687260
1"
#89692796
0#
0"
#89692804
1#
#89696860
1"
#89702396
0#
0"
#89702404
1#
#89706460
1"
#89711996
0#
0"
#89712004
1#
#89716060
1"
#89721596
0#
0"
#89721604
1#
#89725660
1"
#89731196
0#
0"
#89731204
1#
#89735260
1"
#89740796
0#
0"
#89740804
1#
#89744860
1"
#89750396
0#
0"
#89750404
1#
#89754460
1"
#89759996
0#
0"
#89760004
b111110100 %
1#
#89764004
1"
#89769596
0#
0"
#89769604
1#
#89773604
1"
#89779196
0#
0"
#89779204
1#
#89783204
1"
#89788796
0#
0"
#89788804
1#
#89792804
1"
#89798396
0#
0"
#89798404
1#
#89802404
1"
#89807996
0#
0"
#89808004
1#
#89812004
1"
#89817596
0#
0"
#89817604
1#
#89821604
1"
#89827196
0#
0"
#89827204
1#
#89831204
1"
#89836796
0#
0"
#89836804
1#
#89840804
1"
#89846396
0#
0"
#89846404
1#
#89850404
1"
#89855996
0#
0"
#89856004
b111101101 %
1#
#89859948
1"
#89865596
0#
0"
#89865604
1#
#89869548
1"
#89875196
0#
0"
#89875204
1#
#89879148
1"
#89884796
0#
0"
#89884804
1#
#89888748
1"
#89894396
0#
0"
#89894404
1#
#89898348
1"
#89903996
0#
0"
#89904004
1#
#89907948
1"
#89913596
0#
0"
#89913604
1#
#89917548
1"
#89923196
0#
0"
#89923204
1#
#89927148
1"
#89932796
0#
0"
#89932804
1#
#89936748
1"
#89942396
0#
0"
#89942404
1#
#89946348
1"
#89951996
0#
0"
#89952004
b111100110 %
1#
#89955892
1"
#89961596
0#
0"
#89961604
1#
#89965492
1"
#89971196
0#
0"
#89971204
1#
#89975092
1"
#89980796
0#
0"
#89980804
1#
#89984692
1"
#89990396
0#
0"
#89990404
1#
#89994292
1"
#89999996
0#
0"
#90000004
1#
#90003892
1"
#90009596
0#
0"
#90009604
1#
#90013492
1"
#90019196
0#
0"
#90019204
1#
#90023092
1"
#90028796
0#
0"
#90028804
1#
#90032692
1"
#90038396
0#
0"
#90038404
1#
#90042292
1"
#90047996
0#
0"
#90048004
b111011111 %
1#
#90051836
1"
#90057596
0#
0"
#90057604
1#
#90061436
1"
#90067196
0#
0"
#90067204
1#
#90071036
1"
#90076796
0#
0"
#90076804
1#
#90080636
1"
#90086396
0#
0"
#90086404
1#
#90090236
1"
#90095996
0#
0"
#90096004
1#
#90099836
1"
#90105596
0#
0"
#90105604
1#
#90109436
1"
#90115196
0#
0"
#90115204
1#
#90119036
1"
#90124796
0#
0"
#90124804
1#
#90128636
1"
#90134396
0#
0"
#90134404
1#
#90138236
1"
#90143996
0#
0"
#90144004
b111011000 %
1#
#90147780
1"
#90153596
0#
0"
#90153604
1#
#90157380
1"
#90163196
0#
0"
#90163204
1#
#90166980
1"
#90172796
0#
0"
#90172804
1#
#90176580
1"
#90182396
0#
0"
#90182404
1#
#90186180
1"
#90191996
0#
0"
#90192004
1#
#90195780
1"
#90201596
0#
0"
#90201604
1#
#90205380
1"
#90211196
0#
0"
#90211204
1#
#90214980
1"
#90220796
0#
0"
#90220804
1#
#90224580
1"
#90230396
0#
0"
#90230404
1#
#90234180
1"
#90239996
0#
0"
#90240004
b111010001 %
1#
#90243724
1"
#90249596
0#
0"
#90249604
1#
#90253324
1"
#90259196
0#
0"
#90259204
1#
#90262924
1"
#90268796
0#
0"
#90268804
1#
#90272524
1"
#90278396
0#
0"
#90278404
1#
#90282124
1"
#90287996
0#
0"
#90288004
1#
#90291724
1"
#90297596
0#
0"
#90297604
1#
#90301324
1"
#90307196
0#
0"
#90307204
1#
#90310924
1"
#90316796
0#
0"
#90316804
1#
#90320524
1"
#90326396
0#
0"
#90326404
1#
#90330124
1"
#90335996
0#
0"
#90336004
b111001010 %
1#
#90339668
1"
#90345596
0#
0"
#90345604
1#
#90349268
1"
#90355196
0#
0"
#90355204
1#
#90358868
1"
#90364796
0#
0"
#90364804
1#
#90368468
1"
#90374396
0#
0"
#90374404
1#
#90378068
1"
#90383996
0#
0"
#90384004
1#
#90387668
1"
#90393596
0#
0"
#90393604
1#
#90397268
1"
#90403196
0#
0"
#90403204
1#
#90406868
1"
#90412796
0#
0"
#90412804
1#
#90416468
1"
#90422396
0#
0"
#90422404
1#
#90426068
1"
#90431996
0#
0"
#90432004
b111000011 %
1#
#90435612
1"
#90441596
0#
0"
#90441604
1#
#90445212
1"
#90451196
0#
0"
#90451204
1#
#90454812
1"
#90460796
0#
0"
#90460804
1#
#90464412
1"
#90470396
0#
0"
#90470404
1#
#90474012
1"
#90479996
0#
0"
#90480004
1#
#90483612
1"
#90489596
0#
0"
#90489604
1#
#90493212
1"
#90499196
0#
0"
#90499204
1#
#90502812
1"
#90508796
0#
0"
#90508804
1#
#90512412
1"
#90518396
0#
0"
#90518404
1#
#90522012
1"
#90527996
0#
0"
#90528004
b110111100 %
1#
#90531556
1"
#90537596
0#
0"
#90537604
1#
#90541156
1"
#90547196
0#
0"
#90547204
1#
#90550756
1"
#90556796
0#
0"
#90556804
1#
#90560356
1"
#90566396
0#
0"
#90566404
1#
#90569956
1"
#90575996
0#
0"
#90576004
1#
#90579556
1"
#90585596
0#
0"
#90585604
1#
#90589156
1"
#90595196
0#
0"
#90595204
1#
#90598756
1"
#90604796
0#
0"
#90604804
1#
#90608356
1"
#90614396
0#
0"
#90614404
1#
#90617956
1"
#90623996
0#
0"
#90624004
b110110101 %
1#
#90627500
1"
#90633596
0#
0"
#90633604
1#
#90637100
1"
#90643196
0#
0"
#90643204
1#
#90646700
1"
#90652796
0#
0"
#90652804
1#
#90656300
1"
#90662396
0#
0"
#90662404
1#
#90665900
1"
#90671996
0#
0"
#90672004
1#
#90675500
1"
#90681596
0#
0"
#90681604
1#
#90685100
1"
#90691196
0#
0"
#90691204
1#
#90694700
1"
#90700796
0#
0"
#90700804
1#
#90704300
1"
#90710396
0#
0"
#90710404
1#
#90713900
1"
#90719996
0#
0"
#90720004
b110101110 %
1#
#90723444
1"
#90729596
0#
0"
#90729604
1#
#90733044
1"
#90739196
0#
0"
#90739204
1#
#90742644
1"
#90748796
0#
0"
#90748804
1#
#90752244
1"
#90758396
0#
0"
#90758404
1#
#90761844
1"
#90767996
0#
0"
#90768004
1#
#90771444
1"
#90777596
0#
0"
#90777604
1#
#90781044
1"
#90787196
0#
0"
#90787204
1#
#90790644
1"
#90796796
0#
0"
#90796804
1#
#90800244
1"
#90806396
0#
0"
#90806404
1#
#90809844
1"
#90815996
0#
0"
#90816004
b110100111 %
1#
#90819388
1"
#90825596
0#
0"
#90825604
1#
#90828988
1"
#90835196
0#
0"
#90835204
1#
#90838588
1"
#90844796
0#
0"
#90844804
1#
#90848188
1"
#90854396
0#
0"
#90854404
1#
#90857788
1"
#90863996
0#
0"
#90864004
1#
#90867388
1"
#90873596
0#
0"
#90873604
1#
#90876988
1"
#90883196
0#
0"
#90883204
1#
#90886588
1"
#90892796
0#
0"
#90892804
1#
#90896188
1"
#90902396
0#
0"
#90902404
1#
#90905788
1"
#90911996
0#
0"
#90912004
b110100000 %
1#
#90915332
1"
#90921596
0#
0"
#90921604
1#
#90924932
1"
#90931196
0#
0"
#90931204
1#
#90934532
1"
#90940796
0#
0"
#90940804
1#
#90944132
1"
#90950396
0#
0"
#90950404
1#
#90953732
1"
#90959996
0#
0"
#90960004
1#
#90963332
1"
#90969596
0#
0"
#90969604
1#
#90972932
1"
#90979196
0#
0"
#90979204
1#
#90982532
1"
#90988796
0#
0"
#90988804
1#
#90992132
1"
#90998396
0#
0"
#90998404
1#
#91001732
1"
#91007996
0#
0"
#91008004
b110011001 %
1#
#91011276
1"
#91017596
0#
0"
#91017604
1#
#91020876
1"
#91027196
0#
0"
#91027204
1#
#91030476
1"
#91036796
0#
0"
#91036804
1#
#91040076
1"
#91046396
0#
0"
#91046404
1#
#91049676
1"
#91055996
0#
0"
#91056004
1#
#91059276
1"
#91065596
0#
0"
#91065604
1#
#91068876
1"
#91075196
0#
0"
#91075204
1#
#91078476
1"
#91084796
0#
0"
#91084804
1#
#91088076
1"
#91094396
0#
0"
#91094404
1#
#91097676
1"
#91103996
0#
0"
#91104004
b110010010 %
1#
#91107220
1"
#91113596
0#
0"
#91113604
1#
#91116820
1"
#91123196
0#
0"
#91123204
1#
#91126420
1"
#91132796
0#
0"
#91132804
1#
#91136020
1"
#91142396
0#
0"
#91142404
1#
#91145620
1"
#91151996
0#
0"
#91152004
1#
#91155220
1"
#91161596
0#
0"
#91161604
1#
#91164820
1"
#91171196
0#
0"
#91171204
1#
#91174420
1"
#91180796
0#
0"
#91180804
1#
#91184020
1"
#91190396
0#
0"
#91190404
1#
#91193620
1"
#91199996
0#
0"
#91200004
b110001011 %
1#
#91203164
1"
#91209596
0#
0"
#91209604
1#
#91212764
1"
#91219196
0#
0"
#91219204
1#
#91222364
1"
#91228796
0#
0"
#91228804
1#
#91231964
1"
#91238396
0#
0"
#91238404
1#
#91241564
1"
#91247996
0#
0"
#91248004
1#
#91251164
1"
#91257596
0#
0"
#91257604
1#
#91260764
1"
#91267196
0#
0"
#91267204
1#
#91270364
1"
#91276796
0#
0"
#91276804
1#
#91279964
1"
#91286396
0#
0"
#91286404
1#
#91289564
1"
#91295996
0#
0"
#91296004
b110000100 %
1#
#91299108
1"
#91305596
0#
0"
#91305604
1#
#91308708
1"
#91315196
0#
0"
#91315204
1#
#91318308
1"
#91324796
0#
0"
#91324804
1#
#91327908
1"
#91334396
0#
0"
#91334404
1#
#91337508
1"
#91343996
0#
0"
#91344004
1#
#91347108
1"
#91353596
0#
0"
#91353604
1#
#91356708
1"
#91363196
0#
0"
#91363204
1#
#91366308
1"
#91372796
0#
0"
#91372804
1#
#91375908
1"
#91382396
0#
0"
#91382404
1#
#91385508
1"
#91391996
0#
0"
#91392004
b101111101 %
1#
#91395052
1"
#91401596
0#
0"
#91401604
1#
#91404652
1"
#91411196
0#
0"
#91411204
1#
#91414252
1"
#91420796
0#
0"
#91420804
1#
#91423852
1"
#91430396
0#
0"
#91430404
1#
#91433452
1"
#91439996
0#
0"
#91440004
1#
#91443052
1"
#91449596
0#
0"
#91449604
1#
#91452652
1"
#91459196
0#
0"
#91459204
1#
#91462252
1"
#91468796
0#
0"
#91468804
1#
#91471852
1"
#91478396
0#
0"
#91478404
1#
#91481452
1"
#91487996
0#
0"
#91488004
b101110110 %
1#
#91490996
1"
#91497596
0#
0"
#91497604
1#
#91500596
1"
#91507196
0#
0"
#91507204
1#
#91510196
1"
#91516796
0#
0"
#91516804
1#
#91519796
1"
#91526396
0#
0"
#91526404
1#
#91529396
1"
#91535996
0#
0"
#91536004
1#
#91538996
1"
#91545596
0#
0"
#91545604
1#
#91548596
1"
#91555196
0#
0"
#91555204
1#
#91558196
1"
#91564796
0#
0"
#91564804
1#
#91567796
1"
#91574396
0#
0"
#91574404
1#
#91577396
1"
#91583996
0#
0"
#91584004
b101101111 %
1#
#91586940
1"
#91593596
0#
0"
#91593604
1#
#91596540
1"
#91603196
0#
0"
#91603204
1#
#91606140
1"
#91612796
0#
0"
#91612804
1#
#91615740
1"
#91622396
0#
0"
#91622404
1#
#91625340
1"
#91631996
0#
0"
#91632004
1#
#91634940
1"
#91641596
0#
0"
#91641604
1#
#91644540
1"
#91651196
0#
0"
#91651204
1#
#91654140
1"
#91660796
0#
0"
#91660804
1#
#91663740
1"
#91670396
0#
0"
#91670404
1#
#91673340
1"
#91679996
0#
0"
#91680004
b101101000 %
1#
#91682884
1"
#91689596
0#
0"
#91689604
1#
#91692484
1"
#91699196
0#
0"
#91699204
1#
#91702084
1"
#91708796
0#
0"
#91708804
1#
#91711684
1"
#91718396
0#
0"
#91718404
1#
#91721284
1"
#91727996
0#
0"
#91728004
1#
#91730884
1"
#91737596
0#
0"
#91737604
1#
#91740484
1"
#91747196
0#
0"
#91747204
1#
#91750084
1"
#91756796
0#
0"
#91756804
1#
#91759684
1"
#91766396
0#
0"
#91766404
1#
#91769284
1"
#91775996
0#
0"
#91776004
b101100001 %
1#
#91778828
1"
#91785596
0#
0"
#91785604
1#
#91788428
1"
#91795196
0#
0"
#91795204
1#
#91798028
1"
#91804796
0#
0"
#91804804
1#
#91807628
1"
#91814396
0#
0"
#91814404
1#
#91817228
1"
#91823996
0#
0"
#91824004
1#
#91826828
1"
#91833596
0#
0"
#91833604
1#
#91836428
1"
#91843196
0#
0"
#91843204
1#
#91846028
1"
#91852796
0#
0"
#91852804
1#
#91855628
1"
#91862396
0#
0"
#91862404
1#
#91865228
1"
#91871996
0#
0"
#91872004
b101011010 %
1#
#91874772
1"
#91881596
0#
0"
#91881604
1#
#91884372
1"
#91891196
0#
0"
#91891204
1#
#91893972
1"
#91900796
0#
0"
#91900804
1#
#91903572
1"
#91910396
0#
0"
#91910404
1#
#91913172
1"
#91919996
0#
0"
#91920004
1#
#91922772
1"
#91929596
0#
0"
#91929604
1#
#91932372
1"
#91939196
0#
0"
#91939204
1#
#91941972
1"
#91948796
0#
0"
#91948804
1#
#91951572
1"
#91958396
0#
0"
#91958404
1#
#91961172
1"
#91967996
0#
0"
#91968004
b101010011 %
1#
#91970716
1"
#91977596
0#
0"
#91977604
1#
#91980316
1"
#91987196
0#
0"
#91987204
1#
#91989916
1"
#91996796
0#
0"
#91996804
1#
#91999516
1"
#92006396
0#
0"
#92006404
1#
#92009116
1"
#92015996
0#
0"
#92016004
1#
#92018716
1"
#92025596
0#
0"
#92025604
1#
#92028316
1"
#92035196
0#
0"
#92035204
1#
#92037916
1"
#92044796
0#
0"
#92044804
1#
#92047516
1"
#92054396
0#
0"
#92054404
1#
#92057116
1"
#92063996
0#
0"
#92064004
b101001100 %
1#
#92066660
1"
#92073596
0#
0"
#92073604
1#
#92076260
1"
#92083196
0#
0"
#92083204
1#
#92085860
1"
#92092796
0#
0"
#92092804
1#
#92095460
1"
#92102396
0#
0"
#92102404
1#
#92105060
1"
#92111996
0#
0"
#92112004
1#
#92114660
1"
#92121596
0#
0"
#92121604
1#
#92124260
1"
#92131196
0#
0"
#92131204
1#
#92133860
1"
#92140796
0#
0"
#92140804
1#
#92143460
1"
#92150396
0#
0"
#92150404
1#
#92153060
1"
#92159996
0#
0"
#92160004
b101000101 %
1#
#92162604
1"
#92169596
0#
0"
#92169604
1#
#92172204
1"
#92179196
0#
0"
#92179204
1#
#92181804
1"
#92188796
0#
0"
#92188804
1#
#92191404
1"
#92198396
0#
0"
#92198404
1#
#92201004
1"
#92207996
0#
0"
#92208004
1#
#92210604
1"
#92217596
0#
0"
#92217604
1#
#92220204
1"
#92227196
0#
0"
#92227204
1#
#92229804
1"
#92236796
0#
0"
#92236804
1#
#92239404
1"
#92246396
0#
0"
#92246404
1#
#92249004
1"
#92255996
0#
0"
#92256004
b100111110 %
1#
#92258548
1"
#92265596
0#
0"
#92265604
1#
#92268148
1"
#92275196
0#
0"
#92275204
1#
#92277748
1"
#92284796
0#
0"
#92284804
1#
#92287348
1"
#92294396
0#
0"
#92294404
1#
#92296948
1"
#92303996
0#
0"
#92304004
1#
#92306548
1"
#92313596
0#
0"
#92313604
1#
#92316148
1"
#92323196
0#
0"
#92323204
1#
#92325748
1"
#92332796
0#
0"
#92332804
1#
#92335348
1"
#92342396
0#
0"
#92342404
1#
#92344948
1"
#92351996
0#
0"
#92352004
b100110111 %
1#
#92354492
1"
#92361596
0#
0"
#92361604
1#
#92364092
1"
#92371196
0#
0"
#92371204
1#
#92373692
1"
#92380796
0#
0"
#92380804
1#
#92383292
1"
#92390396
0#
0"
#92390404
1#
#92392892
1"
#92399996
0#
0"
#92400004
1#
#92402492
1"
#92409596
0#
0"
#92409604
1#
#92412092
1"
#92419196
0#
0"
#92419204
1#
#92421692
1"
#92428796
0#
0"
#92428804
1#
#92431292
1"
#92438396
0#
0"
#92438404
1#
#92440892
1"
#92447996
0#
0"
#92448004
b100110000 %
1#
#92450436
1"
#92457596
0#
0"
#92457604
1#
#92460036
1"
#92467196
0#
0"
#92467204
1#
#92469636
1"
#92476796
0#
0"
#92476804
1#
#92479236
1"
#92486396
0#
0"
#92486404
1#
#92488836
1"
#92495996
0#
0"
#92496004
1#
#92498436
1"
#92505596
0#
0"
#92505604
1#
#92508036
1"
#92515196
0#
0"
#92515204
1#
#92517636
1"
#92524796
0#
0"
#92524804
1#
#92527236
1"
#92534396
0#
0"
#92534404
1#
#92536836
1"
#92543996
0#
0"
#92544004
b100101001 %
1#
#92546380
1"
#92553596
0#
0"
#92553604
1#
#92555980
1"
#92563196
0#
0"
#92563204
1#
#92565580
1"
#92572796
0#
0"
#92572804
1#
#92575180
1"
#92582396
0#
0"
#92582404
1#
#92584780
1"
#92591996
0#
0"
#92592004
1#
#92594380
1"
#92601596
0#
0"
#92601604
1#
#92603980
1"
#92611196
0#
0"
#92611204
1#
#92613580
1"
#92620796
0#
0"
#92620804
1#
#92623180
1"
#92630396
0#
0"
#92630404
1#
#92632780
1"
#92639996
0#
0"
#92640004
b100100010 %
1#
#92642324
1"
#92649596
0#
0"
#92649604
1#
#92651924
1"
#92659196
0#
0"
#92659204
1#
#92661524
1"
#92668796
0#
0"
#92668804
1#
#92671124
1"
#92678396
0#
0"
#92678404
1#
#92680724
1"
#92687996
0#
0"
#92688004
1#
#92690324
1"
#92697596
0#
0"
#92697604
1#
#92699924
1"
#92707196
0#
0"
#92707204
1#
#92709524
1"
#92716796
0#
0"
#92716804
1#
#92719124
1"
#92726396
0#
0"
#92726404
1#
#92728724
1"
#92735996
0#
0"
#92736004
b100011011 %
1#
#92738268
1"
#92745596
0#
0"
#92745604
1#
#92747868
1"
#92755196
0#
0"
#92755204
1#
#92757468
1"
#92764796
0#
0"
#92764804
1#
#92767068
1"
#92774396
0#
0"
#92774404
1#
#92776668
1"
#92783996
0#
0"
#92784004
1#
#92786268
1"
#92793596
0#
0"
#92793604
1#
#92795868
1"
#92803196
0#
0"
#92803204
1#
#92805468
1"
#92812796
0#
0"
#92812804
1#
#92815068
1"
#92822396
0#
0"
#92822404
1#
#92824668
1"
#92831996
0#
0"
#92832004
b100010100 %
1#
#92834212
1"
#92841596
0#
0"
#92841604
1#
#92843812
1"
#92851196
0#
0"
#92851204
1#
#92853412
1"
#92860796
0#
0"
#92860804
1#
#92863012
1"
#92870396
0#
0"
#92870404
1#
#92872612
1"
#92879996
0#
0"
#92880004
1#
#92882212
1"
#92889596
0#
0"
#92889604
1#
#92891812
1"
#92899196
0#
0"
#92899204
1#
#92901412
1"
#92908796
0#
0"
#92908804
1#
#92911012
1"
#92918396
0#
0"
#92918404
1#
#92920612
1"
#92927996
0#
0"
#92928004
b100001101 %
1#
#92930156
1"
#92937596
0#
0"
#92937604
1#
#92939756
1"
#92947196
0#
0"
#92947204
1#
#92949356
1"
#92956796
0#
0"
#92956804
1#
#92958956
1"
#92966396
0#
0"
#92966404
1#
#92968556
1"
#92975996
0#
0"
#92976004
1#
#92978156
1"
#92985596
0#
0"
#92985604
1#
#92987756
1"
#92995196
0#
0"
#92995204
1#
#92997356
1"
#93004796
0#
0"
#93004804
1#
#93006956
1"
#93014396
0#
0"
#93014404
1#
#93016556
1"
#93023996
0#
0"
#93024004
b100000110 %
1#
#93026100
1"
#93033596
0#
0"
#93033604
1#
#93035700
1"
#93043196
0#
0"
#93043204
1#
#93045300
1"
#93052796
0#
0"
#93052804
1#
#93054900
1"
#93062396
0#
0"
#93062404
1#
#93064500
1"
#93071996
0#
0"
#93072004
1#
#93074100
1"
#93081596
0#
0"
#93081604
1#
#93083700
1"
#93091196
0#
0"
#93091204
1#
#93093300
1"
#93100796
0#
0"
#93100804
1#
#93102900
1"
#93110396
0#
0"
#93110404
1#
#93112500
1"
#93119996
0#
0"
#93120004
b11111111 %
1#
#93122044
1"
#93129596
0#
0"
#93129604
1#
#93131644
1"
#93139196
0#
0"
#93139204
1#
#93141244
1"
#93148796
0#
0"
#93148804
1#
#93150844
1"
#93158396
0#
0"
#93158404
1#
#93160444
1"
#93167996
0#
0"
#93168004
1#
#93170044
1"
#93177596
0#
0"
#93177604
1#
#93179644
1"
#93187196
0#
0"
#93187204
1#
#93189244
1"
#93196796
0#
0"
#93196804
1#
#93198844
1"
#93206396
0#
0"
#93206404
1#
#93208444
1"
#93215996
0#
0"
#93216004
b11111000 %
1#
#93217988
1"
#93225596
0#
0"
#93225604
1#
#93227588
1"
#93235196
0#
0"
#93235204
1#
#93237188
1"
#93244796
0#
0"
#93244804
1#
#93246788
1"
#93254396
0#
0"
#93254404
1#
#93256388
1"
#93263996
0#
0"
#93264004
1#
#93265988
1"
#93273596
0#
0"
#93273604
1#
#93275588
1"
#93283196
0#
0"
#93283204
1#
#93285188
1"
#93292796
0#
0"
#93292804
1#
#93294788
1"
#93302396
0#
0"
#93302404
1#
#93304388
1"
#93311996
0#
0"
#93312004
b11110001 %
1#
#93313932
1"
#93321596
0#
0"
#93321604
1#
#93323532
1"
#93331196
0#
0"
#93331204
1#
#93333132
1"
#93340796
0#
0"
#93340804
1#
#93342732
1"
#93350396
0#
0"
#93350404
1#
#93352332
1"
#93359996
0#
0"
#93360004
1#
#93361932
1"
#93369596
0#
0"
#93369604
1#
#93371532
1"
#93379196
0#
0"
#93379204
1#
#93381132
1"
#93388796
0#
0"
#93388804
1#
#93390732
1"
#93398396
0#
0"
#93398404
1#
#93400332
1"
#93407996
0#
0"
#93408004
b11101010 %
1#
#93409876
1"
#93417596
0#
0"
#93417604
1#
#93419476
1"
#93427196
0#
0"
#93427204
1#
#93429076
1"
#93436796
0#
0"
#93436804
1#
#93438676
1"
#93446396
0#
0"
#93446404
1#
#93448276
1"
#93455996
0#
0"
#93456004
1#
#93457876
1"
#93465596
0#
0"
#93465604
1#
#93467476
1"
#93475196
0#
0"
#93475204
1#
#93477076
1"
#93484796
0#
0"
#93484804
1#
#93486676
1"
#93494396
0#
0"
#93494404
1#
#93496276
1"
#93503996
0#
0"
#93504004
b11100011 %
1#
#93505820
1"
#93513596
0#
0"
#93513604
1#
#93515420
1"
#93523196
0#
0"
#93523204
1#
#93525020
1"
#93532796
0#
0"
#93532804
1#
#93534620
1"
#93542396
0#
0"
#93542404
1#
#93544220
1"
#93551996
0#
0"
#93552004
1#
#93553820
1"
#93561596
0#
0"
#93561604
1#
#93563420
1"
#93571196
0#
0"
#93571204
1#
#93573020
1"
#93580796
0#
0"
#93580804
1#
#93582620
1"
#93590396
0#
0"
#93590404
1#
#93592220
1"
#93599996
0#
0"
#93600004
b11011100 %
1#
#93601764
1"
#93609596
0#
0"
#93609604
1#
#93611364
1"
#93619196
0#
0"
#93619204
1#
#93620964
1"
#93628796
0#
0"
#93628804
1#
#93630564
1"
#93638396
0#
0"
#93638404
1#
#93640164
1"
#93647996
0#
0"
#93648004
1#
#93649764
1"
#93657596
0#
0"
#93657604
1#
#93659364
1"
#93667196
0#
0"
#93667204
1#
#93668964
1"
#93676796
0#
0"
#93676804
1#
#93678564
1"
#93686396
0#
0"
#93686404
1#
#93688164
1"
#93695996
0#
0"
#93696004
b11010101 %
1#
#93697708
1"
#93705596
0#
0"
#93705604
1#
#93707308
1"
#93715196
0#
0"
#93715204
1#
#93716908
1"
#93724796
0#
0"
#93724804
1#
#93726508
1"
#93734396
0#
0"
#93734404
1#
#93736108
1"
#93743996
0#
0"
#93744004
1#
#93745708
1"
#93753596
0#
0"
#93753604
1#
#93755308
1"
#93763196
0#
0"
#93763204
1#
#93764908
1"
#93772796
0#
0"
#93772804
1#
#93774508
1"
#93782396
0#
0"
#93782404
1#
#93784108
1"
#93791996
0#
0"
#93792004
b11001110 %
1#
#93793652
1"
#93801596
0#
0"
#93801604
1#
#93803252
1"
#93811196
0#
0"
#93811204
1#
#93812852
1"
#93820796
0#
0"
#93820804
1#
#93822452
1"
#93830396
0#
0"
#93830404
1#
#93832052
1"
#93839996
0#
0"
#93840004
1#
#93841652
1"
#93849596
0#
0"
#93849604
1#
#93851252
1"
#93859196
0#
0"
#93859204
1#
#93860852
1"
#93868796
0#
0"
#93868804
1#
#93870452
1"
#93878396
0#
0"
#93878404
1#
#93880052
1"
#93887996
0#
0"
#93888004
b11000111 %
1#
#93889596
1"
#93897596
0#
0"
#93897604
1#
#93899196
1"
#93907196
0#
0"
#93907204
1#
#93908796
1"
#93916796
0#
0"
#93916804
1#
#93918396
1"
#93926396
0#
0"
#93926404
1#
#93927996
1"
#93935996
0#
0"
#93936004
1#
#93937596
1"
#93945596
0#
0"
#93945604
1#
#93947196
1"
#93955196
0#
0"
#93955204
1#
#93956796
1"
#93964796
0#
0"
#93964804
1#
#93966396
1"
#93974396
0#
0"
#93974404
1#
#93975996
1"
#93983996
0#
0"
#93984004
b11000000 %
1#
#93985540
1"
#93993596
0#
0"
#93993604
1#
#93995140
1"
#94003196
0#
0"
#94003204
1#
#94004740
1"
#94012796
0#
0"
#94012804
1#
#94014340
1"
#94022396
0#
0"
#94022404
1#
#94023940
1"
#94031996
0#
0"
#94032004
1#
#94033540
1"
#94041596
0#
0"
#94041604
1#
#94043140
1"
#94051196
0#
0"
#94051204
1#
#94052740
1"
#94060796
0#
0"
#94060804
1#
#94062340
1"
#94070396
0#
0"
#94070404
1#
#94071940
1"
#94079996
0#
0"
#94080004
b10111001 %
1#
#94081484
1"
#94089596
0#
0"
#94089604
1#
#94091084
1"
#94099196
0#
0"
#94099204
1#
#94100684
1"
#94108796
0#
0"
#94108804
1#
#94110284
1"
#94118396
0#
0"
#94118404
1#
#94119884
1"
#94127996
0#
0"
#94128004
1#
#94129484
1"
#94137596
0#
0"
#94137604
1#
#94139084
1"
#94147196
0#
0"
#94147204
1#
#94148684
1"
#94156796
0#
0"
#94156804
1#
#94158284
1"
#94166396
0#
0"
#94166404
1#
#94167884
1"
#94175996
0#
0"
#94176004
b10110010 %
1#
#94177428
1"
#94185596
0#
0"
#94185604
1#
#94187028
1"
#94195196
0#
0"
#94195204
1#
#94196628
1"
#94204796
0#
0"
#94204804
1#
#94206228
1"
#94214396
0#
0"
#94214404
1#
#94215828
1"
#94223996
0#
0"
#94224004
1#
#94225428
1"
#94233596
0#
0"
#94233604
1#
#94235028
1"
#94243196
0#
0"
#94243204
1#
#94244628
1"
#94252796
0#
0"
#94252804
1#
#94254228
1"
#94262396
0#
0"
#94262404
1#
#94263828
1"
#94271996
0#
0"
#94272004
b10101011 %
1#
#94273372
1"
#94281596
0#
0"
#94281604
1#
#94282972
1"
#94291196
0#
0"
#94291204
1#
#94292572
1"
#94300796
0#
0"
#94300804
1#
#94302172
1"
#94310396
0#
0"
#94310404
1#
#94311772
1"
#94319996
0#
0"
#94320004
1#
#94321372
1"
#94329596
0#
0"
#94329604
1#
#94330972
1"
#94339196
0#
0"
#94339204
1#
#94340572
1"
#94348796
0#
0"
#94348804
1#
#94350172
1"
#94358396
0#
0"
#94358404
1#
#94359772
1"
#94367996
0#
0"
#94368004
b10100100 %
1#
#94369316
1"
#94377596
0#
0"
#94377604
1#
#94378916
1"
#94387196
0#
0"
#94387204
1#
#94388516
1"
#94396796
0#
0"
#94396804
1#
#94398116
1"
#94406396
0#
0"
#94406404
1#
#94407716
1"
#94415996
0#
0"
#94416004
1#
#94417316
1"
#94425596
0#
0"
#94425604
1#
#94426916
1"
#94435196
0#
0"
#94435204
1#
#94436516
1"
#94444796
0#
0"
#94444804
1#
#94446116
1"
#94454396
0#
0"
#94454404
1#
#94455716
1"
#94463996
0#
0"
#94464004
b10011101 %
1#
#94465260
1"
#94473596
0#
0"
#94473604
1#
#94474860
1"
#94483196
0#
0"
#94483204
1#
#94484460
1"
#94492796
0#
0"
#94492804
1#
#94494060
1"
#94502396
0#
0"
#94502404
1#
#94503660
1"
#94511996
0#
0"
#94512004
1#
#94513260
1"
#94521596
0#
0"
#94521604
1#
#94522860
1"
#94531196
0#
0"
#94531204
1#
#94532460
1"
#94540796
0#
0"
#94540804
1#
#94542060
1"
#94550396
0#
0"
#94550404
1#
#94551660
1"
#94559996
0#
0"
#94560004
b10010110 %
1#
#94561204
1"
#94569596
0#
0"
#94569604
1#
#94570804
1"
#94579196
0#
0"
#94579204
1#
#94580404
1"
#94588796
0#
0"
#94588804
1#
#94590004
1"
#94598396
0#
0"
#94598404
1#
#94599604
1"
#94607996
0#
0"
#94608004
1#
#94609204
1"
#94617596
0#
0"
#94617604
1#
#94618804
1"
#94627196
0#
0"
#94627204
1#
#94628404
1"
#94636796
0#
0"
#94636804
1#
#94638004
1"
#94646396
0#
0"
#94646404
1#
#94647604
1"
#94655996
0#
0"
#94656004
b10001111 %
1#
#94657148
1"
#94665596
0#
0"
#94665604
1#
#94666748
1"
#94675196
0#
0"
#94675204
1#
#94676348
1"
#94684796
0#
0"
#94684804
1#
#94685948
1"
#94694396
0#
0"
#94694404
1#
#94695548
1"
#94703996
0#
0"
#94704004
1#
#94705148
1"
#94713596
0#
0"
#94713604
1#
#94714748
1"
#94723196
0#
0"
#94723204
1#
#94724348
1"
#94732796
0#
0"
#94732804
1#
#94733948
1"
#94742396
0#
0"
#94742404
1#
#94743548
1"
#94751996
0#
0"
#94752004
b10001000 %
1#
#94753092
1"
#94761596
0#
0"
#94761604
1#
#94762692
1"
#94771196
0#
0"
#94771204
1#
#94772292
1"
#94780796
0#
0"
#94780804
1#
#94781892
1"
#94790396
0#
0"
#94790404
1#
#94791492
1"
#94799996
0#
0"
#94800004
1#
#94801092
1"
#94809596
0#
0"
#94809604
1#
#94810692
1"
#94819196
0#
0"
#94819204
1#
#94820292
1"
#94828796
0#
0"
#94828804
1#
#94829892
1"
#94838396
0#
0"
#94838404
1#
#94839492
1"
#94847996
0#
0"
#94848004
b10000001 %
1#
#94849036
1"
#94857596
0#
0"
#94857604
1#
#94858636
1"
#94867196
0#
0"
#94867204
1#
#94868236
1"
#94876796
0#
0"
#94876804
1#
#94877836
1"
#94886396
0#
0"
#94886404
1#
#94887436
1"
#94895996
0#
0"
#94896004
1#
#94897036
1"
#94905596
0#
0"
#94905604
1#
#94906636
1"
#94915196
0#
0"
#94915204
1#
#94916236
1"
#94924796
0#
0"
#94924804
1#
#94925836
1"
#94934396
0#
0"
#94934404
1#
#94935436
1"
#94943996
0#
0"
#94944004
b1111010 %
1#
#94944980
1"
#94953596
0#
0"
#94953604
1#
#94954580
1"
#94963196
0#
0"
#94963204
1#
#94964180
1"
#94972796
0#
0"
#94972804
1#
#94973780
1"
#94982396
0#
0"
#94982404
1#
#94983380
1"
#94991996
0#
0"
#94992004
1#
#94992980
1"
#95001596
0#
0"
#95001604
1#
#95002580
1"
#95011196
0#
0"
#95011204
1#
#95012180
1"
#95020796
0#
0"
#95020804
1#
#95021780
1"
#95030396
0#
0"
#95030404
1#
#95031380
1"
#95039996
0#
0"
#95040004
b1110011 %
1#
#95040924
1"
#95049596
0#
0"
#95049604
1#
#95050524
1"
#95059196
0#
0"
#95059204
1#
#95060124
1"
#95068796
0#
0"
#95068804
1#
#95069724
1"
#95078396
0#
0"
#95078404
1#
#95079324
1"
#95087996
0#
0"
#95088004
1#
#95088924
1"
#95097596
0#
0"
#95097604
1#
#95098524
1"
#95107196
0#
0"
#95107204
1#
#95108124
1"
#95116796
0#
0"
#95116804
1#
#95117724
1"
#95126396
0#
0"
#95126404
1#
#95127324
1"
#95135996
0#
0"
#95136004
b1101100 %
1#
#95136868
1"
#95145596
0#
0"
#95145604
1#
#95146468
1"
#95155196
0#
0"
#95155204
1#
#95156068
1"
#95164796
0#
0"
#95164804
1#
#95165668
1"
#95174396
0#
0"
#95174404
1#
#95175268
1"
#95183996
0#
0"
#95184004
1#
#95184868
1"
#95193596
0#
0"
#95193604
1#
#95194468
1"
#95203196
0#
0"
#95203204
1#
#95204068
1"
#95212796
0#
0"
#95212804
1#
#95213668
1"
#95222396
0#
0"
#95222404
1#
#95223268
1"
#95231996
0#
0"
#95232004
b1100101 %
1#
#95232812
1"
#95241596
0#
0"
#95241604
1#
#95242412
1"
#95251196
0#
0"
#95251204
1#
#95252012
1"
#95260796
0#
0"
#95260804
1#
#95261612
1"
#95270396
0#
0"
#95270404
1#
#95271212
1"
#95279996
0#
0"
#95280004
1#
#95280812
1"
#95289596
0#
0"
#95289604
1#
#95290412
1"
#95299196
0#
0"
#95299204
1#
#95300012
1"
#95308796
0#
0"
#95308804
1#
#95309612
1"
#95318396
0#
0"
#95318404
1#
#95319212
1"
#95327996
0#
0"
#95328004
b1011110 %
1#
#95328756
1"
#95337596
0#
0"
#95337604
1#
#95338356
1"
#95347196
0#
0"
#95347204
1#
#95347956
1"
#95356796
0#
0"
#95356804
1#
#95357556
1"
#95366396
0#
0"
#95366404
1#
#95367156
1"
#95375996
0#
0"
#95376004
1#
#95376756
1"
#95385596
0#
0"
#95385604
1#
#95386356
1"
#95395196
0#
0"
#95395204
1#
#95395956
1"
#95404796
0#
0"
#95404804
1#
#95405556
1"
#95414396
0#
0"
#95414404
1#
#95415156
1"
#95423996
0#
0"
#95424004
b1010111 %
1#
#95424700
1"
#95433596
0#
0"
#95433604
1#
#95434300
1"
#95443196
0#
0"
#95443204
1#
#95443900
1"
#95452796
0#
0"
#95452804
1#
#95453500
1"
#95462396
0#
0"
#95462404
1#
#95463100
1"
#95471996
0#
0"
#95472004
1#
#95472700
1"
#95481596
0#
0"
#95481604
1#
#95482300
1"
#95491196
0#
0"
#95491204
1#
#95491900
1"
#95500796
0#
0"
#95500804
1#
#95501500
1"
#95510396
0#
0"
#95510404
1#
#95511100
1"
#95519996
0#
0"
#95520004
b1010000 %
1#
#95520644
1"
#95529596
0#
0"
#95529604
1#
#95530244
1"
#95539196
0#
0"
#95539204
1#
#95539844
1"
#95548796
0#
0"
#95548804
1#
#95549444
1"
#95558396
0#
0"
#95558404
1#
#95559044
1"
#95567996
0#
0"
#95568004
1#
#95568644
1"
#95577596
0#
0"
#95577604
1#
#95578244
1"
#95587196
0#
0"
#95587204
1#
#95587844
1"
#95596796
0#
0"
#95596804
1#
#95597444
1"
#95606396
0#
0"
#95606404
1#
#95607044
1"
#95615996
0#
0"
#95616004
b1001001 %
1#
#95616588
1"
#95625596
0#
0"
#95625604
1#
#95626188
1"
#95635196
0#
0"
#95635204
1#
#95635788
1"
#95644796
0#
0"
#95644804
1#
#95645388
1"
#95654396
0#
0"
#95654404
1#
#95654988
1"
#95663996
0#
0"
#95664004
1#
#95664588
1"
#95673596
0#
0"
#95673604
1#
#95674188
1"
#95683196
0#
0"
#95683204
1#
#95683788
1"
#95692796
0#
0"
#95692804
1#
#95693388
1"
#95702396
0#
0"
#95702404
1#
#95702988
1"
#95711996
0#
0"
#95712004
b1000010 %
1#
#95712532
1"
#95721596
0#
0"
#95721604
1#
#95722132
1"
#95731196
0#
0"
#95731204
1#
#95731732
1"
#95740796
0#
0"
#95740804
1#
#95741332
1"
#95750396
0#
0"
#95750404
1#
#95750932
1"
#95759996
0#
0"
#95760004
1#
#95760532
1"
#95769596
0#
0"
#95769604
1#
#95770132
1"
#95779196
0#
0"
#95779204
1#
#95779732
1"
#95788796
0#
0"
#95788804
1#
#95789332
1"
#95798396
0#
0"
#95798404
1#
#95798932
1"
#95807996
0#
0"
#95808004
b111011 %
1#
#95808476
1"
#95817596
0#
0"
#95817604
1#
#95818076
1"
#95827196
0#
0"
#95827204
1#
#95827676
1"
#95836796
0#
0"
#95836804
1#
#95837276
1"
#95846396
0#
0"
#95846404
1#
#95846876
1"
#95855996
0#
0"
#95856004
1#
#95856476
1"
#95865596
0#
0"
#95865604
1#
#95866076
1"
#95875196
0#
0"
#95875204
1#
#95875676
1"
#95884796
0#
0"
#95884804
1#
#95885276
1"
#95894396
0#
0"
#95894404
1#
#95894876
1"
#95903996
0#
0"
#95904004
b110100 %
1#
#95904420
1"
#95913596
0#
0"
#95913604
1#
#95914020
1"
#95923196
0#
0"
#95923204
1#
#95923620
1"
#95932796
0#
0"
#95932804
1#
#95933220
1"
#95942396
0#
0"
#95942404
1#
#95942820
1"
#95951996
0#
0"
#95952004
1#
#95952420
1"
#95961596
0#
0"
#95961604
1#
#95962020
1"
#95971196
0#
0"
#95971204
1#
#95971620
1"
#95980796
0#
0"
#95980804
1#
#95981220
1"
#95990396
0#
0"
#95990404
1#
#95990820
1"
#95999996
0#
0"
#96000004
b101101 %
1#
#96000364
1"
#96009596
0#
0"
#96009604
1#
#96009964
1"
#96019196
0#
0"
#96019204
1#
#96019564
1"
#96028796
0#
0"
#96028804
1#
#96029164
1"
#96038396
0#
0"
#96038404
1#
#96038764
1"
#96047996
0#
0"
#96048004
1#
#96048364
1"
#96057596
0#
0"
#96057604
1#
#96057964
1"
#96067196
0#
0"
#96067204
1#
#96067564
1"
#96076796
0#
0"
#96076804
1#
#96077164
1"
#96086396
0#
0"
#96086404
1#
#96086764
1"
#96095996
0#
0"
#96096004
b100110 %
1#
#96096308
1"
#96105596
0#
0"
#96105604
1#
#96105908
1"
#96115196
0#
0"
#96115204
1#
#96115508
1"
#96124796
0#
0"
#96124804
1#
#96125108
1"
#96134396
0#
0"
#96134404
1#
#96134708
1"
#96143996
0#
0"
#96144004
1#
#96144308
1"
#96153596
0#
0"
#96153604
1#
#96153908
1"
#96159996
b111 &
#96163196
0#
0"
#96163260
1#
#96163508
1"
#96172796
0#
0"
#96172860
1#
#96173108
1"
#96182396
0#
0"
#96182460
1#
#96182708
1"
#96191996
0#
0"
#96192004
b11111 %
#96192060
1#
#96192252
1"
#96201596
0#
0"
#96201660
1#
#96201852
1"
#96211196
0#
0"
#96211260
1#
#96211452
1"
#96220796
0#
0"
#96220860
1#
#96221052
1"
#96230396
0#
0"
#96230460
1#
#96230652
1"
#96239996
0#
0"
#96240060
1#
#96240252
1"
#96249596
0#
0"
#96249660
1#
#96249852
1"
#96255996
b1110 &
#96259196
0#
0"
#96259316
1#
#96259452
1"
#96268796
0#
0"
#96268916
1#
#96269052
1"
#96278396
0#
0"
#96278516
1#
#96278652
1"
#96287996
0#
0"
#96288004
1"
b0 %
#96288116
1#
#96297596
0#
0"
#96297604
1"
#96297716
1#
#96307196
0#
0"
#96307204
1"
#96307316
1#
#96316796
0#
0"
#96316804
1"
#96316916
1#
#96326396
0#
0"
#96326404
1"
#96326516
1#
#96335996
0#
0"
#96336004
1"
#96336116
1#
#96345596
0#
0"
#96345604
1"
#96345716
1#
#96351996
b10101 &
#96355196
0#
0"
#96355204
1"
#96355372
1#
#96364796
0#
0"
#96364804
1"
#96364972
1#
#96374396
0#
0"
#96374404
1"
#96374572
1#
#96383996
0#
0"
#96384004
1"
#96384172
1#
#96393596
0#
0"
#96393604
1"
#96393772
1#
#96403196
0#
0"
#96403204
1"
#96403372
1#
#96412796
0#
0"
#96412804
1"
#96412972
1#
#96422396
0#
0"
#96422404
1"
#96422572
1#
#96431996
0#
0"
#96432004
1"
#96432172
1#
#96441596
0#
0"
#96441604
1"
#96441772
1#
#96447996
b11100 &
#96451196
0#
0"
#96451204
1"
#96451428
1#
#96460796
0#
0"
#96460804
1"
#96461028
1#
#96470396
0#
0"
#96470404
1"
#96470628
1#
#96479996
0#
0"
#96480004
1"
#96480228
1#
#96489596
0#
0"
#96489604
1"
#96489828
1#
#96499196
0#
0"
#96499204
1"
#96499428
1#
#96508796
0#
0"
#96508804
1"
#96509028
1#
#96518396
0#
0"
#96518404
1"
#96518628
1#
#96527996
0#
0"
#96528004
1"
#96528228
1#
#96537596
0#
0"
#96537604
1"
#96537828
1#
#96543996
b100011 &
#96547196
0#
0"
#96547204
1"
#96547484
1#
#96556796
0#
0"
#96556804
1"
#96557084
1#
#96566396
0#
0"
#96566404
1"
#96566684
1#
#96575996
0#
0"
#96576004
1"
#96576284
1#
#96585596
0#
0"
#96585604
1"
#96585884
1#
#96595196
0#
0"
#96595204
1"
#96595484
1#
#96604796
0#
0"
#96604804
1"
#96605084
1#
#96614396
0#
0"
#96614404
1"
#96614684
1#
#96623996
0#
0"
#96624004
1"
#96624284
1#
#96633596
0#
0"
#96633604
1"
#96633884
1#
#96639996
b101010 &
#96643196
0#
0"
#96643204
1"
#96643540
1#
#96652796
0#
0"
#96652804
1"
#96653140
1#
#96662396
0#
0"
#96662404
1"
#96662740
1#
#96671996
0#
0"
#96672004
1"
#96672340
1#
#96681596
0#
0"
#96681604
1"
#96681940
1#
#96691196
0#
0"
#96691204
1"
#96691540
1#
#96700796
0#
0"
#96700804
1"
#96701140
1#
#96710396
0#
0"
#96710404
1"
#96710740
1#
#96719996
0#
0"
#96720004
1"
#96720340
1#
#96729596
0#
0"
#96729604
1"
#96729940
1#
#96735996
b110001 &
#96739196
0#
0"
#96739204
1"
#96739596
1#
#96748796
0#
0"
#96748804
1"
#96749196
1#
#96758396
0#
0"
#96758404
1"
#96758796
1#
#96767996
0#
0"
#96768004
1"
#96768396
1#
#96777596
0#
0"
#96777604
1"
#96777996
1#
#96787196
0#
0"
#96787204
1"
#96787596
1#
#96796796
0#
0"
#96796804
1"
#96797196
1#
#96806396
0#
0"
#96806404
1"
#96806796
1#
#96815996
0#
0"
#96816004
1"
#96816396
1#
#96825596
0#
0"
#96825604
1"
#96825996
1#
#96831996
b111000 &
#96835196
0#
0"
#96835204
1"
#96835652
1#
#96844796
0#
0"
#96844804
1"
#96845252
1#
#96854396
0#
0"
#96854404
1"
#96854852
1#
#96863996
0#
0"
#96864004
1"
#96864452
1#
#96873596
0#
0"
#96873604
1"
#96874052
1#
#96883196
0#
0"
#96883204
1"
#96883652
1#
#96892796
0#
0"
#96892804
1"
#96893252
1#
#96902396
0#
0"
#96902404
1"
#96902852
1#
#96911996
0#
0"
#96912004
1"
#96912452
1#
#96921596
0#
0"
#96921604
1"
#96922052
1#
#96927996
b111111 &
#96931196
0#
0"
#96931204
1"
#96931708
1#
#96940796
0#
0"
#96940804
1"
#96941308
1#
#96950396
0#
0"
#96950404
1"
#96950908
1#
#96959996
0#
0"
#96960004
1"
#96960508
1#
#96969596
0#
0"
#96969604
1"
#96970108
1#
#96979196
0#
0"
#96979204
1"
#96979708
1#
#96988796
0#
0"
#96988804
1"
#96989308
1#
#96998396
0#
0"
#96998404
1"
#96998908
1#
#97007996
0#
0"
#97008004
1"
#97008508
1#
#97017596
0#
0"
#97017604
1"
#97018108
1#
#97023996
b1000110 &
#97027196
0#
0"
#97027204
1"
#97027764
1#
#97036796
0#
0"
#97036804
1"
#97037364
1#
#97046396
0#
0"
#97046404
1"
#97046964
1#
#97055996
0#
0"
#97056004
1"
#97056564
1#
#97065596
0#
0"
#97065604
1"
#97066164
1#
#97075196
0#
0"
#97075204
1"
#97075764
1#
#97084796
0#
0"
#97084804
1"
#97085364
1#
#97094396
0#
0"
#97094404
1"
#97094964
1#
#97103996
0#
0"
#97104004
1"
#97104564
1#
#97113596
0#
0"
#97113604
1"
#97114164
1#
#97119996
b1001101 &
#97123196
0#
0"
#97123204
1"
#97123820
1#
#97132796
0#
0"
#97132804
1"
#97133420
1#
#97142396
0#
0"
#97142404
1"
#97143020
1#
#97151996
0#
0"
#97152004
1"
#97152620
1#
#97161596
0#
0"
#97161604
1"
#97162220
1#
#97171196
0#
0"
#97171204
1"
#97171820
1#
#97180796
0#
0"
#97180804
1"
#97181420
1#
#97190396
0#
0"
#97190404
1"
#97191020
1#
#97199996
0#
0"
#97200004
1"
#97200620
1#
#97209596
0#
0"
#97209604
1"
#97210220
1#
#97215996
b1010100 &
#97219196
0#
0"
#97219204
1"
#97219876
1#
#97228796
0#
0"
#97228804
1"
#97229476
1#
#97238396
0#
0"
#97238404
1"
#97239076
1#
#97247996
0#
0"
#97248004
1"
#97248676
1#
#97257596
0#
0"
#97257604
1"
#97258276
1#
#97267196
0#
0"
#97267204
1"
#97267876
1#
#97276796
0#
0"
#97276804
1"
#97277476
1#
#97286396
0#
0"
#97286404
1"
#97287076
1#
#97295996
0#
0"
#97296004
1"
#97296676
1#
#97305596
0#
0"
#97305604
1"
#97306276
1#
#97311996
b1011011 &
#97315196
0#
0"
#97315204
1"
#97315932
1#
#97324796
0#
0"
#97324804
1"
#97325532
1#
#97334396
0#
0"
#97334404
1"
#97335132
1#
#97343996
0#
0"
#97344004
1"
#97344732
1#
#97353596
0#
0"
#97353604
1"
#97354332
1#
#97363196
0#
0"
#97363204
1"
#97363932
1#
#97372796
0#
0"
#97372804
1"
#97373532
1#
#97382396
0#
0"
#97382404
1"
#97383132
1#
#97391996
0#
0"
#97392004
1"
#97392732
1#
#97401596
0#
0"
#97401604
1"
#97402332
1#
#97407996
b1100010 &
#97411196
0#
0"
#97411204
1"
#97411988
1#
#97420796
0#
0"
#97420804
1"
#97421588
1#
#97430396
0#
0"
#97430404
1"
#97431188
1#
#97439996
0#
0"
#97440004
1"
#97440788
1#
#97449596
0#
0"
#97449604
1"
#97450388
1#
#97459196
0#
0"
#97459204
1"
#97459988
1#
#97468796
0#
0"
#97468804
1"
#97469588
1#
#97478396
0#
0"
#97478404
1"
#97479188
1#
#97487996
0#
0"
#97488004
1"
#97488788
1#
#97497596
0#
0"
#97497604
1"
#97498388
1#
#97503996
b1101001 &
#97507196
0#
0"
#97507204
1"
#97508044
1#
#97516796
0#
0"
#97516804
1"
#97517644
1#
#97526396
0#
0"
#97526404
1"
#97527244
1#
#97535996
0#
0"
#97536004
1"
#97536844
1#
#97545596
0#
0"
#97545604
1"
#97546444
1#
#97555196
0#
0"
#97555204
1"
#97556044
1#
#97564796
0#
0"
#97564804
1"
#97565644
1#
#97574396
0#
0"
#97574404
1"
#97575244
1#
#97583996
0#
0"
#97584004
1"
#97584844
1#
#97593596
0#
0"
#97593604
1"
#97594444
1#
#97599996
b1110000 &
#97603196
0#
0"
#97603204
1"
#97604100
1#
#97612796
0#
0"
#97612804
1"
#97613700
1#
#97622396
0#
0"
#97622404
1"
#97623300
1#
#97631996
0#
0"
#97632004
1"
#97632900
1#
#97641596
0#
0"
#97641604
1"
#97642500
1#
#97651196
0#
0"
#97651204
1"
#97652100
1#
#97660796
0#
0"
#97660804
1"
#97661700
1#
#97670396
0#
0"
#97670404
1"
#97671300
1#
#97679996
0#
0"
#97680004
1"
#97680900
1#
#97689596
0#
0"
#97689604
1"
#97690500
1#
#97695996
b1110111 &
#97699196
0#
0"
#97699204
1"
#97700156
1#
#97708796
0#
0"
#97708804
1"
#97709756
1#
#97718396
0#
0"
#97718404
1"
#97719356
1#
#97727996
0#
0"
#97728004
1"
#97728956
1#
#97737596
0#
0"
#97737604
1"
#97738556
1#
#97747196
0#
0"
#97747204
1"
#97748156
1#
#97756796
0#
0"
#97756804
1"
#97757756
1#
#97766396
0#
0"
#97766404
1"
#97767356
1#
#97775996
0#
0"
#97776004
1"
#97776956
1#
#97785596
0#
0"
#97785604
1"
#97786556
1#
#97791996
b1111110 &
#97795196
0#
0"
#97795204
1"
#97796212
1#
#97804796
0#
0"
#97804804
1"
#97805812
1#
#97814396
0#
0"
#97814404
1"
#97815412
1#
#97823996
0#
0"
#97824004
1"
#97825012
1#
#97833596
0#
0"
#97833604
1"
#97834612
1#
#97843196
0#
0"
#97843204
1"
#97844212
1#
#97852796
0#
0"
#97852804
1"
#97853812
1#
#97862396
0#
0"
#97862404
1"
#97863412
1#
#97871996
0#
0"
#97872004
1"
#97873012
1#
#97881596
0#
0"
#97881604
1"
#97882612
1#
#97887996
b10000101 &
#97891196
0#
0"
#97891204
1"
#97892268
1#
#97900796
0#
0"
#97900804
1"
#97901868
1#
#97910396
0#
0"
#97910404
1"
#97911468
1#
#97919996
0#
0"
#97920004
1"
#97921068
1#
#97929596
0#
0"
#97929604
1"
#97930668
1#
#97939196
0#
0"
#97939204
1"
#97940268
1#
#97948796
0#
0"
#97948804
1"
#97949868
1#
#97958396
0#
0"
#97958404
1"
#97959468
1#
#97967996
0#
0"
#97968004
1"
#97969068
1#
#97977596
0#
0"
#97977604
1"
#97978668
1#
#97983996
b10001100 &
#97987196
0#
0"
#97987204
1"
#97988324
1#
#97996796
0#
0"
#97996804
1"
#97997924
1#
#98006396
0#
0"
#98006404
1"
#98007524
1#
#98015996
0#
0"
#98016004
1"
#98017124
1#
#98025596
0#
0"
#98025604
1"
#98026724
1#
#98035196
0#
0"
#98035204
1"
#98036324
1#
#98044796
0#
0"
#98044804
1"
#98045924
1#
#98054396
0#
0"
#98054404
1"
#98055524
1#
#98063996
0#
0"
#98064004
1"
#98065124
1#
#98073596
0#
0"
#98073604
1"
#98074724
1#
#98079996
b10010011 &
#98083196
0#
0"
#98083204
1"
#98084380
1#
#98092796
0#
0"
#98092804
1"
#98093980
1#
#98102396
0#
0"
#98102404
1"
#98103580
1#
#98111996
0#
0"
#98112004
1"
#98113180
1#
#98121596
0#
0"
#98121604
1"
#98122780
1#
#98131196
0#
0"
#98131204
1"
#98132380
1#
#98140796
0#
0"
#98140804
1"
#98141980
1#
#98150396
0#
0"
#98150404
1"
#98151580
1#
#98159996
0#
0"
#98160004
1"
#98161180
1#
#98169596
0#
0"
#98169604
1"
#98170780
1#
#98175996
b10011010 &
#98179196
0#
0"
#98179204
1"
#98180436
1#
#98188796
0#
0"
#98188804
1"
#98190036
1#
#98198396
0#
0"
#98198404
1"
#98199636
1#
#98207996
0#
0"
#98208004
1"
#98209236
1#
#98217596
0#
0"
#98217604
1"
#98218836
1#
#98227196
0#
0"
#98227204
1"
#98228436
1#
#98236796
0#
0"
#98236804
1"
#98238036
1#
#98246396
0#
0"
#98246404
1"
#98247636
1#
#98255996
0#
0"
#98256004
1"
#98257236
1#
#98265596
0#
0"
#98265604
1"
#98266836
1#
#98271996
b10100001 &
#98275196
0#
0"
#98275204
1"
#98276492
1#
#98284796
0#
0"
#98284804
1"
#98286092
1#
#98294396
0#
0"
#98294404
1"
#98295692
1#
#98303996
0#
0"
#98304004
1"
#98305292
1#
#98313596
0#
0"
#98313604
1"
#98314892
1#
#98323196
0#
0"
#98323204
1"
#98324492
1#
#98332796
0#
0"
#98332804
1"
#98334092
1#
#98342396
0#
0"
#98342404
1"
#98343692
1#
#98351996
0#
0"
#98352004
1"
#98353292
1#
#98361596
0#
0"
#98361604
1"
#98362892
1#
#98367996
b10101000 &
#98371196
0#
0"
#98371204
1"
#98372548
1#
#98380796
0#
0"
#98380804
1"
#98382148
1#
#98390396
0#
0"
#98390404
1"
#98391748
1#
#98399996
0#
0"
#98400004
1"
#98401348
1#
#98409596
0#
0"
#98409604
1"
#98410948
1#
#98419196
0#
0"
#98419204
1"
#98420548
1#
#98428796
0#
0"
#98428804
1"
#98430148
1#
#98438396
0#
0"
#98438404
1"
#98439748
1#
#98447996
0#
0"
#98448004
1"
#98449348
1#
#98457596
0#
0"
#98457604
1"
#98458948
1#
#98463996
b10101111 &
#98467196
0#
0"
#98467204
1"
#98468604
1#
#98476796
0#
0"
#98476804
1"
#98478204
1#
#98486396
0#
0"
#98486404
1"
#98487804
1#
#98495996
0#
0"
#98496004
1"
#98497404
1#
#98505596
0#
0"
#98505604
1"
#98507004
1#
#98515196
0#
0"
#98515204
1"
#98516604
1#
#98524796
0#
0"
#98524804
1"
#98526204
1#
#98534396
0#
0"
#98534404
1"
#98535804
1#
#98543996
0#
0"
#98544004
1"
#98545404
1#
#98553596
0#
0"
#98553604
1"
#98555004
1#
#98559996
b10110110 &
#98563196
0#
0"
#98563204
1"
#98564660
1#
#98572796
0#
0"
#98572804
1"
#98574260
1#
#98582396
0#
0"
#98582404
1"
#98583860
1#
#98591996
0#
0"
#98592004
1"
#98593460
1#
#98601596
0#
0"
#98601604
1"
#98603060
1#
#98611196
0#
0"
#98611204
1"
#98612660
1#
#98620796
0#
0"
#98620804
1"
#98622260
1#
#98630396
0#
0"
#98630404
1"
#98631860
1#
#98639996
0#
0"
#98640004
1"
#98641460
1#
#98649596
0#
0"
#98649604
1"
#98651060
1#
#98655996
b10111101 &
#98659196
0#
0"
#98659204
1"
#98660716
1#
#98668796
0#
0"
#98668804
1"
#98670316
1#
#98678396
0#
0"
#98678404
1"
#98679916
1#
#98687996
0#
0"
#98688004
1"
#98689516
1#
#98697596
0#
0"
#98697604
1"
#98699116
1#
#98707196
0#
0"
#98707204
1"
#98708716
1#
#98716796
0#
0"
#98716804
1"
#98718316
1#
#98726396
0#
0"
#98726404
1"
#98727916
1#
#98735996
0#
0"
#98736004
1"
#98737516
1#
#98745596
0#
0"
#98745604
1"
#98747116
1#
#98751996
b11000100 &
#98755196
0#
0"
#98755204
1"
#98756772
1#
#98764796
0#
0"
#98764804
1"
#98766372
1#
#98774396
0#
0"
#98774404
1"
#98775972
1#
#98783996
0#
0"
#98784004
1"
#98785572
1#
#98793596
0#
0"
#98793604
1"
#98795172
1#
#98803196
0#
0"
#98803204
1"
#98804772
1#
#98812796
0#
0"
#98812804
1"
#98814372
1#
#98822396
0#
0"
#98822404
1"
#98823972
1#
#98831996
0#
0"
#98832004
1"
#98833572
1#
#98841596
0#
0"
#98841604
1"
#98843172
1#
#98847996
b11001011 &
#98851196
0#
0"
#98851204
1"
#98852828
1#
#98860796
0#
0"
#98860804
1"
#98862428
1#
#98870396
0#
0"
#98870404
1"
#98872028
1#
#98879996
0#
0"
#98880004
1"
#98881628
1#
#98889596
0#
0"
#98889604
1"
#98891228
1#
#98899196
0#
0"
#98899204
1"
#98900828
1#
#98908796
0#
0"
#98908804
1"
#98910428
1#
#98918396
0#
0"
#98918404
1"
#98920028
1#
#98927996
0#
0"
#98928004
1"
#98929628
1#
#98937596
0#
0"
#98937604
1"
#98939228
1#
#98943996
b11010010 &
#98947196
0#
0"
#98947204
1"
#98948884
1#
#98956796
0#
0"
#98956804
1"
#98958484
1#
#98966396
0#
0"
#98966404
1"
#98968084
1#
#98975996
0#
0"
#98976004
1"
#98977684
1#
#98985596
0#
0"
#98985604
1"
#98987284
1#
#98995196
0#
0"
#98995204
1"
#98996884
1#
#99004796
0#
0"
#99004804
1"
#99006484
1#
#99014396
0#
0"
#99014404
1"
#99016084
1#
#99023996
0#
0"
#99024004
1"
#99025684
1#
#99033596
0#
0"
#99033604
1"
#99035284
1#
#99039996
b11011001 &
#99043196
0#
0"
#99043204
1"
#99044940
1#
#99052796
0#
0"
#99052804
1"
#99054540
1#
#99062396
0#
0"
#99062404
1"
#99064140
1#
#99071996
0#
0"
#99072004
1"
#99073740
1#
#99081596
0#
0"
#99081604
1"
#99083340
1#
#99091196
0#
0"
#99091204
1"
#99092940
1#
#99100796
0#
0"
#99100804
1"
#99102540
1#
#99110396
0#
0"
#99110404
1"
#99112140
1#
#99119996
0#
0"
#99120004
1"
#99121740
1#
#99129596
0#
0"
#99129604
1"
#99131340
1#
#99135996
b11100000 &
#99139196
0#
0"
#99139204
1"
#99140996
1#
#99148796
0#
0"
#99148804
1"
#99150596
1#
#99158396
0#
0"
#99158404
1"
#99160196
1#
#99167996
0#
0"
#99168004
1"
#99169796
1#
#99177596
0#
0"
#99177604
1"
#99179396
1#
#99187196
0#
0"
#99187204
1"
#99188996
1#
#99196796
0#
0"
#99196804
1"
#99198596
1#
#99206396
0#
0"
#99206404
1"
#99208196
1#
#99215996
0#
0"
#99216004
1"
#99217796
1#
#99225596
0#
0"
#99225604
1"
#99227396
1#
#99231996
b11100111 &
#99235196
0#
0"
#99235204
1"
#99237052
1#
#99244796
0#
0"
#99244804
1"
#99246652
1#
#99254396
0#
0"
#99254404
1"
#99256252
1#
#99263996
0#
0"
#99264004
1"
#99265852
1#
#99273596
0#
0"
#99273604
1"
#99275452
1#
#99283196
0#
0"
#99283204
1"
#99285052
1#
#99292796
0#
0"
#99292804
1"
#99294652
1#
#99302396
0#
0"
#99302404
1"
#99304252
1#
#99311996
0#
0"
#99312004
1"
#99313852
1#
#99321596
0#
0"
#99321604
1"
#99323452
1#
#99327996
b11101110 &
#99331196
0#
0"
#99331204
1"
#99333108
1#
#99340796
0#
0"
#99340804
1"
#99342708
1#
#99350396
0#
0"
#99350404
1"
#99352308
1#
#99359996
0#
0"
#99360004
1"
#99361908
1#
#99369596
0#
0"
#99369604
1"
#99371508
1#
#99379196
0#
0"
#99379204
1"
#99381108
1#
#99388796
0#
0"
#99388804
1"
#99390708
1#
#99398396
0#
0"
#99398404
1"
#99400308
1#
#99407996
0#
0"
#99408004
1"
#99409908
1#
#99417596
0#
0"
#99417604
1"
#99419508
1#
#99423996
b11110101 &
#99427196
0#
0"
#99427204
1"
#99429164
1#
#99436796
0#
0"
#99436804
1"
#99438764
1#
#99446396
0#
0"
#99446404
1"
#99448364
1#
#99455996
0#
0"
#99456004
1"
#99457964
1#
#99465596
0#
0"
#99465604
1"
#99467564
1#
#99475196
0#
0"
#99475204
1"
#99477164
1#
#99484796
0#
0"
#99484804
1"
#99486764
1#
#99494396
0#
0"
#99494404
1"
#99496364
1#
#99503996
0#
0"
#99504004
1"
#99505964
1#
#99513596
0#
0"
#99513604
1"
#99515564
1#
#99519996
b11111100 &
#99523196
0#
0"
#99523204
1"
#99525220
1#
#99532796
0#
0"
#99532804
1"
#99534820
1#
#99542396
0#
0"
#99542404
1"
#99544420
1#
#99551996
0#
0"
#99552004
1"
#99554020
1#
#99561596
0#
0"
#99561604
1"
#99563620
1#
#99571196
0#
0"
#99571204
1"
#99573220
1#
#99580796
0#
0"
#99580804
1"
#99582820
1#
#99590396
0#
0"
#99590404
1"
#99592420
1#
#99599996
0#
0"
#99600004
1"
#99602020
1#
#99609596
0#
0"
#99609604
1"
#99611620
1#
#99615996
b100000011 &
#99619196
0#
0"
#99619204
1"
#99621276
1#
#99628796
0#
0"
#99628804
1"
#99630876
1#
#99638396
0#
0"
#99638404
1"
#99640476
1#
#99647996
0#
0"
#99648004
1"
#99650076
1#
#99657596
0#
0"
#99657604
1"
#99659676
1#
#99667196
0#
0"
#99667204
1"
#99669276
1#
#99676796
0#
0"
#99676804
1"
#99678876
1#
#99686396
0#
0"
#99686404
1"
#99688476
1#
#99695996
0#
0"
#99696004
1"
#99698076
1#
#99705596
0#
0"
#99705604
1"
#99707676
1#
#99711996
b100001010 &
#99715196
0#
0"
#99715204
1"
#99717332
1#
#99724796
0#
0"
#99724804
1"
#99726932
1#
#99734396
0#
0"
#99734404
1"
#99736532
1#
#99743996
0#
0"
#99744004
1"
#99746132
1#
#99753596
0#
0"
#99753604
1"
#99755732
1#
#99763196
0#
0"
#99763204
1"
#99765332
1#
#99772796
0#
0"
#99772804
1"
#99774932
1#
#99782396
0#
0"
#99782404
1"
#99784532
1#
#99791996
0#
0"
#99792004
1"
#99794132
1#
#99801596
0#
0"
#99801604
1"
#99803732
1#
#99807996
b100010001 &
#99811196
0#
0"
#99811204
1"
#99813388
1#
#99820796
0#
0"
#99820804
1"
#99822988
1#
#99830396
0#
0"
#99830404
1"
#99832588
1#
#99839996
0#
0"
#99840004
1"
#99842188
1#
#99849596
0#
0"
#99849604
1"
#99851788
1#
#99859196
0#
0"
#99859204
1"
#99861388
1#
#99868796
0#
0"
#99868804
1"
#99870988
1#
#99878396
0#
0"
#99878404
1"
#99880588
1#
#99887996
0#
0"
#99888004
1"
#99890188
1#
#99897596
0#
0"
#99897604
1"
#99899788
1#
#99903996
b100011000 &
#99907196
0#
0"
#99907204
1"
#99909444
1#
#99916796
0#
0"
#99916804
1"
#99919044
1#
#99926396
0#
0"
#99926404
1"
#99928644
1#
#99935996
0#
0"
#99936004
1"
#99938244
1#
#99945596
0#
0"
#99945604
1"
#99947844
1#
#99955196
0#
0"
#99955204
1"
#99957444
1#
#99964796
0#
0"
#99964804
1"
#99967044
1#
#99974396
0#
0"
#99974404
1"
#99976644
1#
#99983996
0#
0"
#99984004
1"
#99986244
1#
#99993596
0#
0"
#99993604
1"
#99995844
1#
#99999996
b100011111 &
#100003196
0#
0"
#100003204
1"
#100005500
1#
#100012796
0#
0"
#100012804
1"
#100015100
1#
#100022396
0#
0"
#100022404
1"
#100024700
1#
#100031996
0#
0"
#100032004
1"
#100034300
1#
#100041596
0#
0"
#100041604
1"
#100043900
1#
#100051196
0#
0"
#100051204
1"
#100053500
1#
#100060796
0#
0"
#100060804
1"
#100063100
1#
#100070396
0#
0"
#100070404
1"
#100072700
1#
#100079996
0#
0"
#100080004
1"
#100082300
1#
#100089596
0#
0"
#100089604
1"
#100091900
1#
#100095996
b100100110 &
#100099196
0#
0"
#100099204
1"
#100101556
1#
#100108796
0#
0"
#100108804
1"
#100111156
1#
#100118396
0#
0"
#100118404
1"
#100120756
1#
#100127996
0#
0"
#100128004
1"
#100130356
1#
#100137596
0#
0"
#100137604
1"
#100139956
1#
#100147196
0#
0"
#100147204
1"
#100149556
1#
#100156796
0#
0"
#100156804
1"
#100159156
1#
#100166396
0#
0"
#100166404
1"
#100168756
1#
#100175996
0#
0"
#100176004
1"
#100178356
1#
#100185596
0#
0"
#100185604
1"
#100187956
1#
#100191996
b100101101 &
#100195196
0#
0"
#100195204
1"
#100197612
1#
#100204796
0#
0"
#100204804
1"
#100207212
1#
#100214396
0#
0"
#100214404
1"
#100216812
1#
#100223996
0#
0"
#100224004
1"
#100226412
1#
#100233596
0#
0"
#100233604
1"
#100236012
1#
#100243196
0#
0"
#100243204
1"
#100245612
1#
#100252796
0#
0"
#100252804
1"
#100255212
1#
#100262396
0#
0"
#100262404
1"
#100264812
1#
#100271996
0#
0"
#100272004
1"
#100274412
1#
#100281596
0#
0"
#100281604
1"
#100284012
1#
#100287996
b100110100 &
#100291196
0#
0"
#100291204
1"
#100293668
1#
#100300796
0#
0"
#100300804
1"
#100303268
1#
#100310396
0#
0"
#100310404
1"
#100312868
1#
#100319996
0#
0"
#100320004
1"
#100322468
1#
#100329596
0#
0"
#100329604
1"
#100332068
1#
#100339196
0#
0"
#100339204
1"
#100341668
1#
#100348796
0#
0"
#100348804
1"
#100351268
1#
#100358396
0#
0"
#100358404
1"
#100360868
1#
#100367996
0#
0"
#100368004
1"
#100370468
1#
#100377596
0#
0"
#100377604
1"
#100380068
1#
#100383996
b100111011 &
#100387196
0#
0"
#100387204
1"
#100389724
1#
#100396796
0#
0"
#100396804
1"
#100399324
1#
#100406396
0#
0"
#100406404
1"
#100408924
1#
#100415996
0#
0"
#100416004
1"
#100418524
1#
#100425596
0#
0"
#100425604
1"
#100428124
1#
#100435196
0#
0"
#100435204
1"
#100437724
1#
#100444796
0#
0"
#100444804
1"
#100447324
1#
#100454396
0#
0"
#100454404
1"
#100456924
1#
#100463996
0#
0"
#100464004
1"
#100466524
1#
#100473596
0#
0"
#100473604
1"
#100476124
1#
#100479996
b101000010 &
#100483196
0#
0"
#100483204
1"
#100485780
1#
#100492796
0#
0"
#100492804
1"
#100495380
1#
#100502396
0#
0"
#100502404
1"
#100504980
1#
#100511996
0#
0"
#100512004
1"
#100514580
1#
#100521596
0#
0"
#100521604
1"
#100524180
1#
#100531196
0#
0"
#100531204
1"
#100533780
1#
#100540796
0#
0"
#100540804
1"
#100543380
1#
#100550396
0#
0"
#100550404
1"
#100552980
1#
#100559996
0#
0"
#100560004
1"
#100562580
1#
#100569596
0#
0"
#100569604
1"
#100572180
1#
#100575996
b101001001 &
#100579196
0#
0"
#100579204
1"
#100581836
1#
#100588796
0#
0"
#100588804
1"
#100591436
1#
#100598396
0#
0"
#100598404
1"
#100601036
1#
#100607996
0#
0"
#100608004
1"
#100610636
1#
#100617596
0#
0"
#100617604
1"
#100620236
1#
#100627196
0#
0"
#100627204
1"
#100629836
1#
#100636796
0#
0"
#100636804
1"
#100639436
1#
#100646396
0#
0"
#100646404
1"
#100649036
1#
#100655996
0#
0"
#100656004
1"
#100658636
1#
#100665596
0#
0"
#100665604
1"
#100668236
1#
#100671996
b101010000 &
#100675196
0#
0"
#100675204
1"
#100677892
1#
#100684796
0#
0"
#100684804
1"
#100687492
1#
#100694396
0#
0"
#100694404
1"
#100697092
1#
#100703996
0#
0"
#100704004
1"
#100706692
1#
#100713596
0#
0"
#100713604
1"
#100716292
1#
#100723196
0#
0"
#100723204
1"
#100725892
1#
#100732796
0#
0"
#100732804
1"
#100735492
1#
#100742396
0#
0"
#100742404
1"
#100745092
1#
#100751996
0#
0"
#100752004
1"
#100754692
1#
#100761596
0#
0"
#100761604
1"
#100764292
1#
#100767996
b101010111 &
#100771196
0#
0"
#100771204
1"
#100773948
1#
#100780796
0#
0"
#100780804
1"
#100783548
1#
#100790396
0#
0"
#100790404
1"
#100793148
1#
#100799996
0#
0"
#100800004
1"
#100802748
1#
#100809596
0#
0"
#100809604
1"
#100812348
1#
#100819196
0#
0"
#100819204
1"
#100821948
1#
#100828796
0#
0"
#100828804
1"
#100831548
1#
#100838396
0#
0"
#100838404
1"
#100841148
1#
#100847996
0#
0"
#100848004
1"
#100850748
1#
#100857596
0#
0"
#100857604
1"
#100860348
1#
#100863996
b101011110 &
#100867196
0#
0"
#100867204
1"
#100870004
1#
#100876796
0#
0"
#100876804
1"
#100879604
1#
#100886396
0#
0"
#100886404
1"
#100889204
1#
#100895996
0#
0"
#100896004
1"
#100898804
1#
#100905596
0#
0"
#100905604
1"
#100908404
1#
#100915196
0#
0"
#100915204
1"
#100918004
1#
#100924796
0#
0"
#100924804
1"
#100927604
1#
#100934396
0#
0"
#100934404
1"
#100937204
1#
#100943996
0#
0"
#100944004
1"
#100946804
1#
#100953596
0#
0"
#100953604
1"
#100956404
1#
#100959996
b101100101 &
#100963196
0#
0"
#100963204
1"
#100966060
1#
#100972796
0#
0"
#100972804
1"
#100975660
1#
#100982396
0#
0"
#100982404
1"
#100985260
1#
#100991996
0#
0"
#100992004
1"
#100994860
1#
#101001596
0#
0"
#101001604
1"
#101004460
1#
#101011196
0#
0"
#101011204
1"
#101014060
1#
#101020796
0#
0"
#101020804
1"
#101023660
1#
#101030396
0#
0"
#101030404
1"
#101033260
1#
#101039996
0#
0"
#101040004
1"
#101042860
1#
#101049596
0#
0"
#101049604
1"
#101052460
1#
#101055996
b101101100 &
#101059196
0#
0"
#101059204
1"
#101062116
1#
#101068796
0#
0"
#101068804
1"
#101071716
1#
#101078396
0#
0"
#101078404
1"
#101081316
1#
#101087996
0#
0"
#101088004
1"
#101090916
1#
#101097596
0#
0"
#101097604
1"
#101100516
1#
#101107196
0#
0"
#101107204
1"
#101110116
1#
#101116796
0#
0"
#101116804
1"
#101119716
1#
#101126396
0#
0"
#101126404
1"
#101129316
1#
#101135996
0#
0"
#101136004
1"
#101138916
1#
#101145596
0#
0"
#101145604
1"
#101148516
1#
#101151996
b101110011 &
#101155196
0#
0"
#101155204
1"
#101158172
1#
#101164796
0#
0"
#101164804
1"
#101167772
1#
#101174396
0#
0"
#101174404
1"
#101177372
1#
#101183996
0#
0"
#101184004
1"
#101186972
1#
#101193596
0#
0"
#101193604
1"
#101196572
1#
#101203196
0#
0"
#101203204
1"
#101206172
1#
#101212796
0#
0"
#101212804
1"
#101215772
1#
#101222396
0#
0"
#101222404
1"
#101225372
1#
#101231996
0#
0"
#101232004
1"
#101234972
1#
#101241596
0#
0"
#101241604
1"
#101244572
1#
#101247996
b101111010 &
#101251196
0#
0"
#101251204
1"
#101254228
1#
#101260796
0#
0"
#101260804
1"
#101263828
1#
#101270396
0#
0"
#101270404
1"
#101273428
1#
#101279996
0#
0"
#101280004
1"
#101283028
1#
#101289596
0#
0"
#101289604
1"
#101292628
1#
#101299196
0#
0"
#101299204
1"
#101302228
1#
#101308796
0#
0"
#101308804
1"
#101311828
1#
#101318396
0#
0"
#101318404
1"
#101321428
1#
#101327996
0#
0"
#101328004
1"
#101331028
1#
#101337596
0#
0"
#101337604
1"
#101340628
1#
#101343996
b110000001 &
#101347196
0#
0"
#101347204
1"
#101350284
1#
#101356796
0#
0"
#101356804
1"
#101359884
1#
#101366396
0#
0"
#101366404
1"
#101369484
1#
#101375996
0#
0"
#101376004
1"
#101379084
1#
#101385596
0#
0"
#101385604
1"
#101388684
1#
#101395196
0#
0"
#101395204
1"
#101398284
1#
#101404796
0#
0"
#101404804
1"
#101407884
1#
#101414396
0#
0"
#101414404
1"
#101417484
1#
#101423996
0#
0"
#101424004
1"
#101427084
1#
#101433596
0#
0"
#101433604
1"
#101436684
1#
#101439996
b110001000 &
#101443196
0#
0"
#101443204
1"
#101446340
1#
#101452796
0#
0"
#101452804
1"
#101455940
1#
#101462396
0#
0"
#101462404
1"
#101465540
1#
#101471996
0#
0"
#101472004
1"
#101475140
1#
#101481596
0#
0"
#101481604
1"
#101484740
1#
#101491196
0#
0"
#101491204
1"
#101494340
1#
#101500796
0#
0"
#101500804
1"
#101503940
1#
#101510396
0#
0"
#101510404
1"
#101513540
1#
#101519996
0#
0"
#101520004
1"
#101523140
1#
#101529596
0#
0"
#101529604
1"
#101532740
1#
#101535996
b110001111 &
#101539196
0#
0"
#101539204
1"
#101542396
1#
#101548796
0#
0"
#101548804
1"
#101551996
1#
#101558396
0#
0"
#101558404
1"
#101561596
1#
#101567996
0#
0"
#101568004
1"
#101571196
1#
#101577596
0#
0"
#101577604
1"
#101580796
1#
#101587196
0#
0"
#101587204
1"
#101590396
1#
#101596796
0#
0"
#101596804
1"
#101599996
1#
#101606396
0#
0"
#101606404
1"
#101609596
1#
#101615996
0#
0"
#101616004
1"
#101619196
1#
#101625596
0#
0"
#101625604
1"
#101628796
1#
#101631996
b110010110 &
#101635196
0#
0"
#101635204
1"
#101638452
1#
#101644796
0#
0"
#101644804
1"
#101648052
1#
#101654396
0#
0"
#101654404
1"
#101657652
1#
#101663996
0#
0"
#101664004
1"
#101667252
1#
#101673596
0#
0"
#101673604
1"
#101676852
1#
#101683196
0#
0"
#101683204
1"
#101686452
1#
#101692796
0#
0"
#101692804
1"
#101696052
1#
#101702396
0#
0"
#101702404
1"
#101705652
1#
#101711996
0#
0"
#101712004
1"
#101715252
1#
#101721596
0#
0"
#101721604
1"
#101724852
1#
#101727996
b110011101 &
#101731196
0#
0"
#101731204
1"
#101734508
1#
#101740796
0#
0"
#101740804
1"
#101744108
1#
#101750396
0#
0"
#101750404
1"
#101753708
1#
#101759996
0#
0"
#101760004
1"
#101763308
1#
#101769596
0#
0"
#101769604
1"
#101772908
1#
#101779196
0#
0"
#101779204
1"
#101782508
1#
#101788796
0#
0"
#101788804
1"
#101792108
1#
#101798396
0#
0"
#101798404
1"
#101801708
1#
#101807996
0#
0"
#101808004
1"
#101811308
1#
#101817596
0#
0"
#101817604
1"
#101820908
1#
#101823996
b110100100 &
#101827196
0#
0"
#101827204
1"
#101830564
1#
#101836796
0#
0"
#101836804
1"
#101840164
1#
#101846396
0#
0"
#101846404
1"
#101849764
1#
#101855996
0#
0"
#101856004
1"
#101859364
1#
#101865596
0#
0"
#101865604
1"
#101868964
1#
#101875196
0#
0"
#101875204
1"
#101878564
1#
#101884796
0#
0"
#101884804
1"
#101888164
1#
#101894396
0#
0"
#101894404
1"
#101897764
1#
#101903996
0#
0"
#101904004
1"
#101907364
1#
#101913596
0#
0"
#101913604
1"
#101916964
1#
#101919996
b110101011 &
#101923196
0#
0"
#101923204
1"
#101926620
1#
#101932796
0#
0"
#101932804
1"
#101936220
1#
#101942396
0#
0"
#101942404
1"
#101945820
1#
#101951996
0#
0"
#101952004
1"
#101955420
1#
#101961596
0#
0"
#101961604
1"
#101965020
1#
#101971196
0#
0"
#101971204
1"
#101974620
1#
#101980796
0#
0"
#101980804
1"
#101984220
1#
#101990396
0#
0"
#101990404
1"
#101993820
1#
#101999996
0#
0"
#102000004
1"
#102003420
1#
#102009596
0#
0"
#102009604
1"
#102013020
1#
#102015996
b110110010 &
#102019196
0#
0"
#102019204
1"
#102022676
1#
#102028796
0#
0"
#102028804
1"
#102032276
1#
#102038396
0#
0"
#102038404
1"
#102041876
1#
#102047996
0#
0"
#102048004
1"
#102051476
1#
#102057596
0#
0"
#102057604
1"
#102061076
1#
#102067196
0#
0"
#102067204
1"
#102070676
1#
#102076796
0#
0"
#102076804
1"
#102080276
1#
#102086396
0#
0"
#102086404
1"
#102089876
1#
#102095996
0#
0"
#102096004
1"
#102099476
1#
#102105596
0#
0"
#102105604
1"
#102109076
1#
#102111996
b110111001 &
#102115196
0#
0"
#102115204
1"
#102118732
1#
#102124796
0#
0"
#102124804
1"
#102128332
1#
#102134396
0#
0"
#102134404
1"
#102137932
1#
#102143996
0#
0"
#102144004
1"
#102147532
1#
#102153596
0#
0"
#102153604
1"
#102157132
1#
#102163196
0#
0"
#102163204
1"
#102166732
1#
#102172796
0#
0"
#102172804
1"
#102176332
1#
#102182396
0#
0"
#102182404
1"
#102185932
1#
#102191996
0#
0"
#102192004
1"
#102195532
1#
#102201596
0#
0"
#102201604
1"
#102205132
1#
#102207996
b111000000 &
#102211196
0#
0"
#102211204
1"
#102214788
1#
#102220796
0#
0"
#102220804
1"
#102224388
1#
#102230396
0#
0"
#102230404
1"
#102233988
1#
#102239996
0#
0"
#102240004
1"
#102243588
1#
#102249596
0#
0"
#102249604
1"
#102253188
1#
#102259196
0#
0"
#102259204
1"
#102262788
1#
#102268796
0#
0"
#102268804
1"
#102272388
1#
#102278396
0#
0"
#102278404
1"
#102281988
1#
#102287996
0#
0"
#102288004
1"
#102291588
1#
#102297596
0#
0"
#102297604
1"
#102301188
1#
#102303996
b111000111 &
#102307196
0#
0"
#102307204
1"
#102310844
1#
#102316796
0#
0"
#102316804
1"
#102320444
1#
#102326396
0#
0"
#102326404
1"
#102330044
1#
#102335996
0#
0"
#102336004
1"
#102339644
1#
#102345596
0#
0"
#102345604
1"
#102349244
1#
#102355196
0#
0"
#102355204
1"
#102358844
1#
#102364796
0#
0"
#102364804
1"
#102368444
1#
#102374396
0#
0"
#102374404
1"
#102378044
1#
#102383996
0#
0"
#102384004
1"
#102387644
1#
#102393596
0#
0"
#102393604
1"
#102397244
1#
#102399996
b111001110 &
#102403196
0#
0"
#102403204
1"
#102406900
1#
#102412796
0#
0"
#102412804
1"
#102416500
1#
#102422396
0#
0"
#102422404
1"
#102426100
1#
#102431996
0#
0"
#102432004
1"
#102435700
1#
#102441596
0#
0"
#102441604
1"
#102445300
1#
#102451196
0#
0"
#102451204
1"
#102454900
1#
#102460796
0#
0"
#102460804
1"
#102464500
1#
#102470396
0#
0"
#102470404
1"
#102474100
1#
#102479996
0#
0"
#102480004
1"
#102483700
1#
#102489596
0#
0"
#102489604
1"
#102493300
1#
#102495996
b111010101 &
#102499196
0#
0"
#102499204
1"
#102502956
1#
#102508796
0#
0"
#102508804
1"
#102512556
1#
#102518396
0#
0"
#102518404
1"
#102522156
1#
#102527996
0#
0"
#102528004
1"
#102531756
1#
#102537596
0#
0"
#102537604
1"
#102541356
1#
#102547196
0#
0"
#102547204
1"
#102550956
1#
#102556796
0#
0"
#102556804
1"
#102560556
1#
#102566396
0#
0"
#102566404
1"
#102570156
1#
#102575996
0#
0"
#102576004
1"
#102579756
1#
#102585596
0#
0"
#102585604
1"
#102589356
1#
#102591996
b111011100 &
#102595196
0#
0"
#102595204
1"
#102599012
1#
#102604796
0#
0"
#102604804
1"
#102608612
1#
#102614396
0#
0"
#102614404
1"
#102618212
1#
#102623996
0#
0"
#102624004
1"
#102627812
1#
#102633596
0#
0"
#102633604
1"
#102637412
1#
#102643196
0#
0"
#102643204
1"
#102647012
1#
#102652796
0#
0"
#102652804
1"
#102656612
1#
#102662396
0#
0"
#102662404
1"
#102666212
1#
#102671996
0#
0"
#102672004
1"
#102675812
1#
#102681596
0#
0"
#102681604
1"
#102685412
1#
#102687996
b111100011 &
#102691196
0#
0"
#102691204
1"
#102695068
1#
#102700796
0#
0"
#102700804
1"
#102704668
1#
#102710396
0#
0"
#102710404
1"
#102714268
1#
#102719996
0#
0"
#102720004
1"
#102723868
1#
#102729596
0#
0"
#102729604
1"
#102733468
1#
#102739196
0#
0"
#102739204
1"
#102743068
1#
#102748796
0#
0"
#102748804
1"
#102752668
1#
#102758396
0#
0"
#102758404
1"
#102762268
1#
#102767996
0#
0"
#102768004
1"
#102771868
1#
#102777596
0#
0"
#102777604
1"
#102781468
1#
#102783996
b111101010 &
#102787196
0#
0"
#102787204
1"
#102791124
1#
#102796796
0#
0"
#102796804
1"
#102800724
1#
#102806396
0#
0"
#102806404
1"
#102810324
1#
#102815996
0#
0"
#102816004
1"
#102819924
1#
#102825596
0#
0"
#102825604
1"
#102829524
1#
#102835196
0#
0"
#102835204
1"
#102839124
1#
#102844796
0#
0"
#102844804
1"
#102848724
1#
#102854396
0#
0"
#102854404
1"
#102858324
1#
#102863996
0#
0"
#102864004
1"
#102867924
1#
#102873596
0#
0"
#102873604
1"
#102877524
1#
#102879996
b111110001 &
#102883196
0#
0"
#102883204
1"
#102887180
1#
#102892796
0#
0"
#102892804
1"
#102896780
1#
#102902396
0#
0"
#102902404
1"
#102906380
1#
#102911996
0#
0"
#102912004
1"
#102915980
1#
#102921596
0#
0"
#102921604
1"
#102925580
1#
#102931196
0#
0"
#102931204
1"
#102935180
1#
#102940796
0#
0"
#102940804
1"
#102944780
1#
#102950396
0#
0"
#102950404
1"
#102954380
1#
#102959996
0#
0"
#102960004
1"
#102963980
1#
#102969596
0#
0"
#102969604
1"
#102973580
1#
#102975996
b111111000 &
#102979196
0#
0"
#102979204
1"
#102983236
1#
#102988796
0#
0"
#102988804
1"
#102992836
1#
#102998396
0#
0"
#102998404
1"
#103002436
1#
#103007996
0#
0"
#103008004
1"
#103012036
1#
#103017596
0#
0"
#103017604
1"
#103021636
1#
#103027196
0#
0"
#103027204
1"
#103031236
1#
#103036796
0#
0"
#103036804
1"
#103040836
1#
#103046396
0#
0"
#103046404
1"
#103050436
1#
#103055996
0#
0"
#103056004
1"
#103060036
1#
#103065596
0#
0"
#103065604
1"
#103069636
1#
#103071996
b111111111 &
#103075196
0#
0"
#103075204
1"
#103079292
1#
#103084796
0#
0"
#103084804
1"
#103088892
1#
#103094396
0#
0"
#103094404
1"
#103098492
1#
#103103996
0#
0"
#103104004
1"
#103108092
1#
#103113596
0#
0"
#103113604
1"
#103117692
1#
#103123196
0#
0"
#103123204
1"
#103127292
1#
#103132796
0#
0"
#103132804
1"
#103136892
1#
#103142396
0#
0"
#103142404
1"
#103146492
1#
#103151996
0#
0"
#103152004
1"
#103156092
1#
#103161596
0#
0"
#103161604
1"
#103165692
1#
#103167996
b1000000110 &
#103171196
0#
0"
#103171204
1"
#103175348
1#
#103180796
0#
0"
#103180804
1"
#103184948
1#
#103190396
0#
0"
#103190404
1"
#103194548
1#
#103199996
0#
0"
#103200004
1"
#103204148
1#
#103209596
0#
0"
#103209604
1"
#103213748
1#
#103219196
0#
0"
#103219204
1"
#103223348
1#
#103228796
0#
0"
#103228804
1"
#103232948
1#
#103238396
0#
0"
#103238404
1"
#103242548
1#
#103247996
0#
0"
#103248004
1"
#103252148
1#
#103257596
0#
0"
#103257604
1"
#103261748
1#
#103263996
b1000001101 &
#103267196
0#
0"
#103267204
1"
#103271404
1#
#103276796
0#
0"
#103276804
1"
#103281004
1#
#103286396
0#
0"
#103286404
1"
#103290604
1#
#103295996
0#
0"
#103296004
1"
#103300204
1#
#103305596
0#
0"
#103305604
1"
#103309804
1#
#103315196
0#
0"
#103315204
1"
#103319404
1#
#103324796
0#
0"
#103324804
1"
#103329004
1#
#103334396
0#
0"
#103334404
1"
#103338604
1#
#103343996
0#
0"
#103344004
1"
#103348204
1#
#103353596
0#
0"
#103353604
1"
#103357804
1#
#103359996
b1000010100 &
#103363196
0#
0"
#103363204
1"
#103367460
1#
#103372796
0#
0"
#103372804
1"
#103377060
1#
#103382396
0#
0"
#103382404
1"
#103386660
1#
#103391996
0#
0"
#103392004
1"
#103396260
1#
#103401596
0#
0"
#103401604
1"
#103405860
1#
#103411196
0#
0"
#103411204
1"
#103415460
1#
#103420796
0#
0"
#103420804
1"
#103425060
1#
#103430396
0#
0"
#103430404
1"
#103434660
1#
#103439996
0#
0"
#103440004
1"
#103444260
1#
#103449596
0#
0"
#103449604
1"
#103453860
1#
#103455996
b1000011011 &
#103459196
0#
0"
#103459204
1"
#103463516
1#
#103468796
0#
0"
#103468804
1"
#103473116
1#
#103478396
0#
0"
#103478404
1"
#103482716
1#
#103487996
0#
0"
#103488004
1"
#103492316
1#
#103497596
0#
0"
#103497604
1"
#103501916
1#
#103507196
0#
0"
#103507204
1"
#103511516
1#
#103516796
0#
0"
#103516804
1"
#103521116
1#
#103526396
0#
0"
#103526404
1"
#103530716
1#
#103535996
0#
0"
#103536004
1"
#103540316
1#
#103545596
0#
0"
#103545604
1"
#103549916
1#
#103551996
b1000100010 &
#103555196
0#
0"
#103555204
1"
#103559572
1#
#103564796
0#
0"
#103564804
1"
#103569172
1#
#103574396
0#
0"
#103574404
1"
#103578772
1#
#103583996
0#
0"
#103584004
1"
#103588372
1#
#103593596
0#
0"
#103593604
1"
#103597972
1#
#103603196
0#
0"
#103603204
1"
#103607572
1#
#103612796
0#
0"
#103612804
1"
#103617172
1#
#103622396
0#
0"
#103622404
1"
#103626772
1#
#103631996
0#
0"
#103632004
1"
#103636372
1#
#103641596
0#
0"
#103641604
1"
#103645972
1#
#103647996
b1000101001 &
#103651196
0#
0"
#103651204
1"
#103655628
1#
#103660796
0#
0"
#103660804
1"
#103665228
1#
#103670396
0#
0"
#103670404
1"
#103674828
1#
#103679996
0#
0"
#103680004
1"
#103684428
1#
#103689596
0#
0"
#103689604
1"
#103694028
1#
#103699196
0#
0"
#103699204
1"
#103703628
1#
#103708796
0#
0"
#103708804
1"
#103713228
1#
#103718396
0#
0"
#103718404
1"
#103722828
1#
#103727996
0#
0"
#103728004
1"
#103732428
1#
#103737596
0#
0"
#103737604
1"
#103742028
1#
#103743996
b1000110000 &
#103747196
0#
0"
#103747204
1"
#103751684
1#
#103756796
0#
0"
#103756804
1"
#103761284
1#
#103766396
0#
0"
#103766404
1"
#103770884
1#
#103775996
0#
0"
#103776004
1"
#103780484
1#
#103785596
0#
0"
#103785604
1"
#103790084
1#
#103795196
0#
0"
#103795204
1"
#103799684
1#
#103804796
0#
0"
#103804804
1"
#103809284
1#
#103814396
0#
0"
#103814404
1"
#103818884
1#
#103823996
0#
0"
#103824004
1"
#103828484
1#
#103833596
0#
0"
#103833604
1"
#103838084
1#
#103839996
b1000110111 &
#103843196
0#
0"
#103843204
1"
#103847740
1#
#103852796
0#
0"
#103852804
1"
#103857340
1#
#103862396
0#
0"
#103862404
1"
#103866940
1#
#103871996
0#
0"
#103872004
1"
#103876540
1#
#103881596
0#
0"
#103881604
1"
#103886140
1#
#103891196
0#
0"
#103891204
1"
#103895740
1#
#103900796
0#
0"
#103900804
1"
#103905340
1#
#103910396
0#
0"
#103910404
1"
#103914940
1#
#103919996
0#
0"
#103920004
1"
#103924540
1#
#103929596
0#
0"
#103929604
1"
#103934140
1#
#103935996
b1000111110 &
#103939196
0#
0"
#103939204
1"
#103943796
1#
#103948796
0#
0"
#103948804
1"
#103953396
1#
#103958396
0#
0"
#103958404
1"
#103962996
1#
#103967996
0#
0"
#103968004
1"
#103972596
1#
#103977596
0#
0"
#103977604
1"
#103982196
1#
#103987196
0#
0"
#103987204
1"
#103991796
1#
#103996796
0#
0"
#103996804
1"
#104001396
1#
#104006396
0#
0"
#104006404
1"
#104010996
1#
#104015996
0#
0"
#104016004
1"
#104020596
1#
#104025596
0#
0"
#104025604
1"
#104030196
1#
#104031996
b1001000101 &
#104035196
0#
0"
#104035204
1"
#104039852
1#
#104044796
0#
0"
#104044804
1"
#104049452
1#
#104054396
0#
0"
#104054404
1"
#104059052
1#
#104063996
0#
0"
#104064004
1"
#104068652
1#
#104073596
0#
0"
#104073604
1"
#104078252
1#
#104083196
0#
0"
#104083204
1"
#104087852
1#
#104092796
0#
0"
#104092804
1"
#104097452
1#
#104102396
0#
0"
#104102404
1"
#104107052
1#
#104111996
0#
0"
#104112004
1"
#104116652
1#
#104121596
0#
0"
#104121604
1"
#104126252
1#
#104127996
b1001001100 &
#104131196
0#
0"
#104131204
1"
#104135908
1#
#104140796
0#
0"
#104140804
1"
#104145508
1#
#104150396
0#
0"
#104150404
1"
#104155108
1#
#104159996
0#
0"
#104160004
1"
#104164708
1#
#104169596
0#
0"
#104169604
1"
#104174308
1#
#104179196
0#
0"
#104179204
1"
#104183908
1#
#104188796
0#
0"
#104188804
1"
#104193508
1#
#104198396
0#
0"
#104198404
1"
#104203108
1#
#104207996
0#
0"
#104208004
1"
#104212708
1#
#104217596
0#
0"
#104217604
1"
#104222308
1#
#104223996
b1001010011 &
#104227196
0#
0"
#104227204
1"
#104231964
1#
#104236796
0#
0"
#104236804
1"
#104241564
1#
#104246396
0#
0"
#104246404
1"
#104251164
1#
#104255996
0#
0"
#104256004
1"
#104260764
1#
#104265596
0#
0"
#104265604
1"
#104270364
1#
#104275196
0#
0"
#104275204
1"
#104279964
1#
#104284796
0#
0"
#104284804
1"
#104289564
1#
#104294396
0#
0"
#104294404
1"
#104299164
1#
#104303996
0#
0"
#104304004
1"
#104308764
1#
#104313596
0#
0"
#104313604
1"
#104318364
1#
#104319996
b1001011010 &
#104323196
0#
0"
#104323204
1"
#104328020
1#
#104332796
0#
0"
#104332804
1"
#104337620
1#
#104342396
0#
0"
#104342404
1"
#104347220
1#
#104351996
0#
0"
#104352004
1"
#104356820
1#
#104361596
0#
0"
#104361604
1"
#104366420
1#
#104371196
0#
0"
#104371204
1"
#104376020
1#
#104380796
0#
0"
#104380804
1"
#104385620
1#
#104390396
0#
0"
#104390404
1"
#104395220
1#
#104399996
0#
0"
#104400004
1"
#104404820
1#
#104409596
0#
0"
#104409604
1"
#104414420
1#
#104415996
b1001100001 &
#104419196
0#
0"
#104419204
1"
#104424076
1#
#104428796
0#
0"
#104428804
1"
#104433676
1#
#104438396
0#
0"
#104438404
1"
#104443276
1#
#104447996
0#
0"
#104448004
1"
#104452876
1#
#104457596
0#
0"
#104457604
1"
#104462476
1#
#104467196
0#
0"
#104467204
1"
#104472076
1#
#104476796
0#
0"
#104476804
1"
#104481676
1#
#104486396
0#
0"
#104486404
1"
#104491276
1#
#104495996
0#
0"
#104496004
1"
#104500876
1#
#104505596
0#
0"
#104505604
1"
#104510476
1#
#104511996
b1001101000 &
#104515196
0#
0"
#104515204
1"
#104520132
1#
#104524796
0#
0"
#104524804
1"
#104529732
1#
#104534396
0#
0"
#104534404
1"
#104539332
1#
#104543996
0#
0"
#104544004
1"
#104548932
1#
#104553596
0#
0"
#104553604
1"
#104558532
1#
#104563196
0#
0"
#104563204
1"
#104568132
1#
#104572796
0#
0"
#104572804
1"
#104577732
1#
#104582396
0#
0"
#104582404
1"
#104587332
1#
#104591996
0#
0"
#104592004
1"
#104596932
1#
#104601596
0#
0"
#104601604
1"
#104606532
1#
#104607996
b1001101111 &
#104611196
0#
0"
#104611204
1"
#104616188
1#
#104620796
0#
0"
#104620804
1"
#104625788
1#
#104630396
0#
0"
#104630404
1"
#104635388
1#
#104639996
0#
0"
#104640004
1"
#104644988
1#
#104649596
0#
0"
#104649604
1"
#104654588
1#
#104659196
0#
0"
#104659204
1"
#104664188
1#
#104668796
0#
0"
#104668804
1"
#104673788
1#
#104678396
0#
0"
#104678404
1"
#104683388
1#
#104687996
0#
0"
#104688004
1"
#104692988
1#
#104697596
0#
0"
#104697604
1"
#104702588
1#
#104703996
b1001110110 &
#104707196
0#
0"
#104707204
1"
#104712244
1#
#104716796
0#
0"
#104716804
1"
#104721844
1#
#104726396
0#
0"
#104726404
1"
#104731444
1#
#104735996
0#
0"
#104736004
1"
#104741044
1#
#104745596
0#
0"
#104745604
1"
#104750644
1#
#104755196
0#
0"
#104755204
1"
#104760244
1#
#104764796
0#
0"
#104764804
1"
#104769844
1#
#104774396
0#
0"
#104774404
1"
#104779444
1#
#104783996
0#
0"
#104784004
1"
#104789044
1#
#104793596
0#
0"
#104793604
1"
#104798644
1#
#104799996
b1001111101 &
#104803196
0#
0"
#104803204
1"
#104808300
1#
#104812796
0#
0"
#104812804
1"
#104817900
1#
#104822396
0#
0"
#104822404
1"
#104827500
1#
#104831996
0#
0"
#104832004
1"
#104837100
1#
#104841596
0#
0"
#104841604
1"
#104846700
1#
#104851196
0#
0"
#104851204
1"
#104856300
1#
#104860796
0#
0"
#104860804
1"
#104865900
1#
#104870396
0#
0"
#104870404
1"
#104875500
1#
#104879996
0#
0"
#104880004
1"
#104885100
1#
#104889596
0#
0"
#104889604
1"
#104894700
1#
#104895996
b1010000100 &
#104899196
0#
0"
#104899204
1"
#104904356
1#
#104908796
0#
0"
#104908804
1"
#104913956
1#
#104918396
0#
0"
#104918404
1"
#104923556
1#
#104927996
0#
0"
#104928004
1"
#104933156
1#
#104937596
0#
0"
#104937604
1"
#104942756
1#
#104947196
0#
0"
#104947204
1"
#104952356
1#
#104956796
0#
0"
#104956804
1"
#104961956
1#
#104966396
0#
0"
#104966404
1"
#104971556
1#
#104975996
0#
0"
#104976004
1"
#104981156
1#
#104985596
0#
0"
#104985604
1"
#104990756
1#
#104991996
b1010001011 &
#104995196
0#
0"
#104995204
1"
#105000412
1#
#105004796
0#
0"
#105004804
1"
#105010012
1#
#105014396
0#
0"
#105014404
1"
#105019612
1#
#105023996
0#
0"
#105024004
1"
#105029212
1#
#105033596
0#
0"
#105033604
1"
#105038812
1#
#105043196
0#
0"
#105043204
1"
#105048412
1#
#105052796
0#
0"
#105052804
1"
#105058012
1#
#105062396
0#
0"
#105062404
1"
#105067612
1#
#105071996
0#
0"
#105072004
1"
#105077212
1#
#105081596
0#
0"
#105081604
1"
#105086812
1#
#105087996
b1010010010 &
#105091196
0#
0"
#105091204
1"
#105096468
1#
#105100796
0#
0"
#105100804
1"
#105106068
1#
#105110396
0#
0"
#105110404
1"
#105115668
1#
#105119996
0#
0"
#105120004
1"
#105125268
1#
#105129596
0#
0"
#105129604
1"
#105134868
1#
#105139196
0#
0"
#105139204
1"
#105144468
1#
#105148796
0#
0"
#105148804
1"
#105154068
1#
#105158396
0#
0"
#105158404
1"
#105163668
1#
#105167996
0#
0"
#105168004
1"
#105173268
1#
#105177596
0#
0"
#105177604
1"
#105182868
1#
#105183996
b1010011001 &
#105187196
0#
0"
#105187204
1"
#105192524
1#
#105196796
0#
0"
#105196804
1"
#105202124
1#
#105206396
0#
0"
#105206404
1"
#105211724
1#
#105215996
0#
0"
#105216004
1"
#105221324
1#
#105225596
0#
0"
#105225604
1"
#105230924
1#
#105235196
0#
0"
#105235204
1"
#105240524
1#
#105244796
0#
0"
#105244804
1"
#105250124
1#
#105254396
0#
0"
#105254404
1"
#105259724
1#
#105263996
0#
0"
#105264004
1"
#105269324
1#
#105273596
0#
0"
#105273604
1"
#105278924
1#
#105279996
b1010100000 &
#105283196
0#
0"
#105283204
1"
#105288580
1#
#105292796
0#
0"
#105292804
1"
#105298180
1#
#105302396
0#
0"
#105302404
1"
#105307780
1#
#105311996
0#
0"
#105312004
1"
#105317380
1#
#105321596
0#
0"
#105321604
1"
#105326980
1#
#105331196
0#
0"
#105331204
1"
#105336580
1#
#105340796
0#
0"
#105340804
1"
#105346180
1#
#105350396
0#
0"
#105350404
1"
#105355780
1#
#105359996
0#
0"
#105360004
1"
#105365380
1#
#105369596
0#
0"
#105369604
1"
#105374980
1#
#105375996
b1010100111 &
#105379196
0#
0"
#105379204
1"
#105384636
1#
#105388796
0#
0"
#105388804
1"
#105394236
1#
#105398396
0#
0"
#105398404
1"
#105403836
1#
#105407996
0#
0"
#105408004
1"
#105413436
1#
#105417596
0#
0"
#105417604
1"
#105423036
1#
#105427196
0#
0"
#105427204
1"
#105432636
1#
#105436796
0#
0"
#105436804
1"
#105442236
1#
#105446396
0#
0"
#105446404
1"
#105451836
1#
#105455996
0#
0"
#105456004
1"
#105461436
1#
#105465596
0#
0"
#105465604
1"
#105471036
1#
#105471996
b1010101110 &
#105475196
0#
0"
#105475204
1"
#105480692
1#
#105484796
0#
0"
#105484804
1"
#105490292
1#
#105494396
0#
0"
#105494404
1"
#105499892
1#
#105503996
0#
0"
#105504004
1"
#105509492
1#
#105513596
0#
0"
#105513604
1"
#105519092
1#
#105523196
0#
0"
#105523204
1"
#105528692
1#
#105532796
0#
0"
#105532804
1"
#105538292
1#
#105542396
0#
0"
#105542404
1"
#105547892
1#
#105551996
0#
0"
#105552004
1"
#105557492
1#
#105561596
0#
0"
#105561604
1"
#105567092
1#
#105567996
b1010110101 &
#105571196
0#
0"
#105571204
1"
#105576748
1#
#105580796
0#
0"
#105580804
1"
#105586348
1#
#105590396
0#
0"
#105590404
1"
#105595948
1#
#105599996
0#
0"
#105600004
1"
#105605548
1#
#105609596
0#
0"
#105609604
1"
#105615148
1#
#105619196
0#
0"
#105619204
1"
#105624748
1#
#105628796
0#
0"
#105628804
1"
#105634348
1#
#105638396
0#
0"
#105638404
1"
#105643948
1#
#105647996
0#
0"
#105648004
1"
#105653548
1#
#105657596
0#
0"
#105657604
1"
#105663148
1#
#105663996
b1010111100 &
#105667196
0#
0"
#105667204
1"
#105672804
1#
#105676796
0#
0"
#105676804
1"
#105682404
1#
#105686396
0#
0"
#105686404
1"
#105692004
1#
#105695996
0#
0"
#105696004
1"
#105701604
1#
#105705596
0#
0"
#105705604
1"
#105711204
1#
#105715196
0#
0"
#105715204
1"
#105720804
1#
#105724796
0#
0"
#105724804
1"
#105730404
1#
#105734396
0#
0"
#105734404
1"
#105740004
1#
#105743996
0#
0"
#105744004
1"
#105749604
1#
#105753596
0#
0"
#105753604
1"
#105759204
1#
#105759996
b1011000011 &
#105763196
0#
0"
#105763204
1"
#105768860
1#
#105772796
0#
0"
#105772804
1"
#105778460
1#
#105782396
0#
0"
#105782404
1"
#105788060
1#
#105791996
0#
0"
#105792004
1"
#105797660
1#
#105801596
0#
0"
#105801604
1"
#105807260
1#
#105811196
0#
0"
#105811204
1"
#105816860
1#
#105820796
0#
0"
#105820804
1"
#105826460
1#
#105830396
0#
0"
#105830404
1"
#105836060
1#
#105839996
0#
0"
#105840004
1"
#105845660
1#
#105849596
0#
0"
#105849604
1"
#105855260
1#
#105855996
b1011001010 &
#105859196
0#
0"
#105859204
1"
#105864916
1#
#105868796
0#
0"
#105868804
1"
#105874516
1#
#105878396
0#
0"
#105878404
1"
#105884116
1#
#105887996
0#
0"
#105888004
1"
#105893716
1#
#105897596
0#
0"
#105897604
1"
#105903316
1#
#105907196
0#
0"
#105907204
1"
#105912916
1#
#105916796
0#
0"
#105916804
1"
#105922516
1#
#105926396
0#
0"
#105926404
1"
#105932116
1#
#105935996
0#
0"
#105936004
1"
#105941716
1#
#105945596
0#
0"
#105945604
1"
#105951316
1#
#105951996
b1011010001 &
#105955196
0#
0"
#105955204
1"
#105960972
1#
#105964796
0#
0"
#105964804
1"
#105970572
1#
#105974396
0#
0"
#105974404
1"
#105980172
1#
#105983996
0#
0"
#105984004
1"
#105989772
1#
#105993596
0#
0"
#105993604
1"
#105999372
1#
#106003196
0#
0"
#106003204
1"
#106008972
1#
#106012796
0#
0"
#106012804
1"
#106018572
1#
#106022396
0#
0"
#106022404
1"
#106028172
1#
#106031996
0#
0"
#106032004
1"
#106037772
1#
#106041596
0#
0"
#106041604
1"
#106047372
1#
#106047996
b1011011000 &
#106051196
0#
0"
#106051204
1"
#106057028
1#
#106060796
0#
0"
#106060804
1"
#106066628
1#
#106070396
0#
0"
#106070404
1"
#106076228
1#
#106079996
0#
0"
#106080004
1"
#106085828
1#
#106089596
0#
0"
#106089604
1"
#106095428
1#
#106099196
0#
0"
#106099204
1"
#106105028
1#
#106108796
0#
0"
#106108804
1"
#106114628
1#
#106118396
0#
0"
#106118404
1"
#106124228
1#
#106127996
0#
0"
#106128004
1"
#106133828
1#
#106137596
0#
0"
#106137604
1"
#106143428
1#
#106143996
b1011011111 &
#106147196
0#
0"
#106147204
1"
#106153084
1#
#106156796
0#
0"
#106156804
1"
#106162684
1#
#106166396
0#
0"
#106166404
1"
#106172284
1#
#106175996
0#
0"
#106176004
1"
#106181884
1#
#106185596
0#
0"
#106185604
1"
#106191484
1#
#106195196
0#
0"
#106195204
1"
#106201084
1#
#106204796
0#
0"
#106204804
1"
#106210684
1#
#106214396
0#
0"
#106214404
1"
#106220284
1#
#106223996
0#
0"
#106224004
1"
#106229884
1#
#106233596
0#
0"
#106233604
1"
#106239484
1#
#106239996
b1011100110 &
#106243196
0#
0"
#106243204
1"
#106249140
1#
#106252796
0#
0"
#106252804
1"
#106258740
1#
#106262396
0#
0"
#106262404
1"
#106268340
1#
#106271996
0#
0"
#106272004
1"
#106277940
1#
#106281596
0#
0"
#106281604
1"
#106287540
1#
#106291196
0#
0"
#106291204
1"
#106297140
1#
#106300796
0#
0"
#106300804
1"
#106306740
1#
#106310396
0#
0"
#106310404
1"
#106316340
1#
#106319996
0#
0"
#106320004
1"
#106325940
1#
#106329596
0#
0"
#106329604
1"
#106335540
1#
#106335996
b1011101101 &
#106339196
0#
0"
#106339204
1"
#106345196
1#
#106348796
0#
0"
#106348804
1"
#106354796
1#
#106358396
0#
0"
#106358404
1"
#106364396
1#
#106367996
0#
0"
#106368004
1"
#106373996
1#
#106377596
0#
0"
#106377604
1"
#106383596
1#
#106387196
0#
0"
#106387204
1"
#106393196
1#
#106396796
0#
0"
#106396804
1"
#106402796
1#
#106406396
0#
0"
#106406404
1"
#106412396
1#
#106415996
0#
0"
#106416004
1"
#106421996
1#
#106425596
0#
0"
#106425604
1"
#106431596
1#
#106431996
b1011110100 &
#106435196
0#
0"
#106435204
1"
#106441252
1#
#106444796
0#
0"
#106444804
1"
#106450852
1#
#106454396
0#
0"
#106454404
1"
#106460452
1#
#106463996
0#
0"
#106464004
1"
#106470052
1#
#106473596
0#
0"
#106473604
1"
#106479652
1#
#106483196
0#
0"
#106483204
1"
#106489252
1#
#106492796
0#
0"
#106492804
1"
#106498852
1#
#106502396
0#
0"
#106502404
1"
#106508452
1#
#106511996
0#
0"
#106512004
1"
#106518052
1#
#106521596
0#
0"
#106521604
1"
#106527652
1#
#106527996
b1011111011 &
#106531196
0#
0"
#106531204
1"
#106537308
1#
#106540796
0#
0"
#106540804
1"
#106546908
1#
#106550396
0#
0"
#106550404
1"
#106556508
1#
#106559996
0#
0"
#106560004
1"
#106566108
1#
#106569596
0#
0"
#106569604
1"
#106575708
1#
#106579196
0#
0"
#106579204
1"
#106585308
1#
#106588796
0#
0"
#106588804
1"
#106594908
1#
#106598396
0#
0"
#106598404
1"
#106604508
1#
#106607996
0#
0"
#106608004
1"
#106614108
1#
#106617596
0#
0"
#106617604
1"
#106623708
1#
#106623996
b1100000010 &
#106627196
0#
0"
#106627204
1"
#106633364
1#
#106636796
0#
0"
#106636804
1"
#106642964
1#
#106646396
0#
0"
#106646404
1"
#106652564
1#
#106655996
0#
0"
#106656004
1"
#106662164
1#
#106665596
0#
0"
#106665604
1"
#106671764
1#
#106675196
0#
0"
#106675204
1"
#106681364
1#
#106684796
0#
0"
#106684804
1"
#106690964
1#
#106694396
0#
0"
#106694404
1"
#106700564
1#
#106703996
0#
0"
#106704004
1"
#106710164
1#
#106713596
0#
0"
#106713604
1"
#106719764
1#
#106719996
b1100001001 &
#106723196
0#
0"
#106723204
1"
#106729420
1#
#106732796
0#
0"
#106732804
1"
#106739020
1#
#106742396
0#
0"
#106742404
1"
#106748620
1#
#106751996
0#
0"
#106752004
1"
#106758220
1#
#106761596
0#
0"
#106761604
1"
#106767820
1#
#106771196
0#
0"
#106771204
1"
#106777420
1#
#106780796
0#
0"
#106780804
1"
#106787020
1#
#106790396
0#
0"
#106790404
1"
#106796620
1#
#106799996
0#
0"
#106800004
1"
#106806220
1#
#106809596
0#
0"
#106809604
1"
#106815820
1#
#106815996
b1100010000 &
#106819196
0#
0"
#106819204
1"
#106825476
1#
#106828796
0#
0"
#106828804
1"
#106835076
1#
#106838396
0#
0"
#106838404
1"
#106844676
1#
#106847996
0#
0"
#106848004
1"
#106854276
1#
#106857596
0#
0"
#106857604
1"
#106863876
1#
#106867196
0#
0"
#106867204
1"
#106873476
1#
#106876796
0#
0"
#106876804
1"
#106883076
1#
#106886396
0#
0"
#106886404
1"
#106892676
1#
#106895996
0#
0"
#106896004
1"
#106902276
1#
#106905596
0#
0"
#106905604
1"
#106911876
1#
#106911996
b1100010111 &
#106915196
0#
0"
#106915204
1"
#106921532
1#
#106924796
0#
0"
#106924804
1"
#106931132
1#
#106934396
0#
0"
#106934404
1"
#106940732
1#
#106943996
0#
0"
#106944004
1"
#106950332
1#
#106953596
0#
0"
#106953604
1"
#106959932
1#
#106963196
0#
0"
#106963204
1"
#106969532
1#
#106972796
0#
0"
#106972804
1"
#106979132
1#
#106982396
0#
0"
#106982404
1"
#106988732
1#
#106991996
0#
0"
#106992004
1"
#106998332
1#
#107001596
0#
0"
#107001604
1"
#107007932
1#
#107007996
b1100011110 &
#107011196
0#
0"
#107011204
1"
#107017588
1#
#107020796
0#
0"
#107020804
1"
#107027188
1#
#107030396
0#
0"
#107030404
1"
#107036788
1#
#107039996
0#
0"
#107040004
1"
#107046388
1#
#107049596
0#
0"
#107049604
1"
#107055988
1#
#107059196
0#
0"
#107059204
1"
#107065588
1#
#107068796
0#
0"
#107068804
1"
#107075188
1#
#107078396
0#
0"
#107078404
1"
#107084788
1#
#107087996
0#
0"
#107088004
1"
#107094388
1#
#107097596
0#
0"
#107097604
1"
#107103988
1#
#107103996
0#
b1100100101 &
#107104044
1#
#107107196
0#
0"
#107107204
1"
#107113644
1#
#107116796
0#
0"
#107116804
1"
#107123244
1#
#107126396
0#
0"
#107126404
1"
#107132844
1#
#107135996
0#
0"
#107136004
1"
#107142444
1#
#107145596
0#
0"
#107145604
1"
#107152044
1#
#107155196
0#
0"
#107155204
1"
#107161644
1#
#107164796
0#
0"
#107164804
1"
#107171244
1#
#107174396
0#
0"
#107174404
1"
#107180844
1#
#107183996
0#
0"
#107184004
1"
#107190444
1#
#107193596
0#
0"
#107193604
1"
#107199996
b1100101100 &
#107200100
1#
#107203196
0#
0"
#107203204
1"
#107209700
1#
#107212796
0#
0"
#107212804
1"
#107219300
1#
#107222396
0#
0"
#107222404
1"
#107228900
1#
#107231996
0#
0"
#107232004
1"
#107238500
1#
#107241596
0#
0"
#107241604
1"
#107248100
1#
#107251196
0#
0"
#107251204
1"
#107257700
1#
#107260796
0#
0"
#107260804
1"
#107267300
1#
#107270396
0#
0"
#107270404
1"
#107276900
1#
#107279996
0#
0"
#107280004
1"
#107286500
1#
#107289596
0#
0"
#107289604
1"
#107295996
b1100110011 &
#107296156
1#
#107299196
0#
0"
#107299204
1"
#107305756
1#
#107308796
0#
0"
#107308804
1"
#107315356
1#
#107318396
0#
0"
#107318404
1"
#107324956
1#
#107327996
0#
0"
#107328004
1"
#107334556
1#
#107337596
0#
0"
#107337604
1"
#107344156
1#
#107347196
0#
0"
#107347204
1"
#107353756
1#
#107356796
0#
0"
#107356804
1"
#107363356
1#
#107366396
0#
0"
#107366404
1"
#107372956
1#
#107375996
0#
0"
#107376004
1"
#107382556
1#
#107385596
0#
0"
#107385604
1"
#107391996
b1100111010 &
#107392212
1#
#107395196
0#
0"
#107395204
1"
#107401812
1#
#107404796
0#
0"
#107404804
1"
#107411412
1#
#107414396
0#
0"
#107414404
1"
#107421012
1#
#107423996
0#
0"
#107424004
1"
#107430612
1#
#107433596
0#
0"
#107433604
1"
#107440212
1#
#107443196
0#
0"
#107443204
1"
#107449812
1#
#107452796
0#
0"
#107452804
1"
#107459412
1#
#107462396
0#
0"
#107462404
1"
#107469012
1#
#107471996
0#
0"
#107472004
1"
#107478612
1#
#107481596
0#
0"
#107481604
1"
#107487996
b1101000001 &
#107488268
1#
#107491196
0#
0"
#107491204
1"
#107497868
1#
#107500796
0#
0"
#107500804
1"
#107507468
1#
#107510396
0#
0"
#107510404
1"
#107517068
1#
#107519996
0#
0"
#107520004
1"
#107526668
1#
#107529596
0#
0"
#107529604
1"
#107536268
1#
#107539196
0#
0"
#107539204
1"
#107545868
1#
#107548796
0#
0"
#107548804
1"
#107555468
1#
#107558396
0#
0"
#107558404
1"
#107565068
1#
#107567996
0#
0"
#107568004
1"
#107574668
1#
#107577596
0#
0"
#107577604
1"
#107583996
b1101001000 &
#107584324
1#
#107587196
0#
0"
#107587204
1"
#107593924
1#
#107596796
0#
0"
#107596804
1"
#107603524
1#
#107606396
0#
0"
#107606404
1"
#107613124
1#
#107615996
0#
0"
#107616004
1"
#107622724
1#
#107625596
0#
0"
#107625604
1"
#107632324
1#
#107635196
0#
0"
#107635204
1"
#107641924
1#
#107644796
0#
0"
#107644804
1"
#107651524
1#
#107654396
0#
0"
#107654404
1"
#107661124
1#
#107663996
0#
0"
#107664004
1"
#107670724
1#
#107673596
0#
0"
#107673604
1"
#107679996
b1101001111 &
#107680380
1#
#107683196
0#
0"
#107683204
1"
#107689980
1#
#107692796
0#
0"
#107692804
1"
#107699580
1#
#107702396
0#
0"
#107702404
1"
#107709180
1#
#107711996
0#
0"
#107712004
1"
#107718780
1#
#107721596
0#
0"
#107721604
1"
#107728380
1#
#107731196
0#
0"
#107731204
1"
#107737980
1#
#107740796
0#
0"
#107740804
1"
#107747580
1#
#107750396
0#
0"
#107750404
1"
#107757180
1#
#107759996
0#
0"
#107760004
1"
#107766780
1#
#107769596
0#
0"
#107769604
1"
#107775996
b1101010110 &
#107776436
1#
#107779196
0#
0"
#107779204
1"
#107786036
1#
#107788796
0#
0"
#107788804
1"
#107795636
1#
#107798396
0#
0"
#107798404
1"
#107805236
1#
#107807996
0#
0"
#107808004
1"
#107814836
1#
#107817596
0#
0"
#107817604
1"
#107824436
1#
#107827196
0#
0"
#107827204
1"
#107834036
1#
#107836796
0#
0"
#107836804
1"
#107843636
1#
#107846396
0#
0"
#107846404
1"
#107853236
1#
#107855996
0#
0"
#107856004
1"
#107862836
1#
#107865596
0#
0"
#107865604
1"
#107871996
b1101011101 &
#107872492
1#
#107875196
0#
0"
#107875204
1"
#107882092
1#
#107884796
0#
0"
#107884804
1"
#107891692
1#
#107894396
0#
0"
#107894404
1"
#107901292
1#
#107903996
0#
0"
#107904004
1"
#107910892
1#
#107913596
0#
0"
#107913604
1"
#107920492
1#
#107923196
0#
0"
#107923204
1"
#107930092
1#
#107932796
0#
0"
#107932804
1"
#107939692
1#
#107942396
0#
0"
#107942404
1"
#107949292
1#
#107951996
0#
0"
#107952004
1"
#107958892
1#
#107961596
0#
0"
#107961604
1"
#107967996
b1101100100 &
#107968548
1#
#107971196
0#
0"
#107971204
1"
#107978148
1#
#107980796
0#
0"
#107980804
1"
#107987748
1#
#107990396
0#
0"
#107990404
1"
#107997348
1#
#107999996
0#
0"
#108000004
1"
#108006948
1#
#108009596
0#
0"
#108009604
1"
#108016548
1#
#108019196
0#
0"
#108019204
1"
#108026148
1#
#108028796
0#
0"
#108028804
1"
#108035748
1#
#108038396
0#
0"
#108038404
1"
#108045348
1#
#108047996
0#
0"
#108048004
1"
#108054948
1#
#108057596
0#
0"
#108057604
1"
#108063996
b1101101011 &
#108064604
1#
#108067196
0#
0"
#108067204
1"
#108074204
1#
#108076796
0#
0"
#108076804
1"
#108083804
1#
#108086396
0#
0"
#108086404
1"
#108093404
1#
#108095996
0#
0"
#108096004
1"
#108103004
1#
#108105596
0#
0"
#108105604
1"
#108112604
1#
#108115196
0#
0"
#108115204
1"
#108122204
1#
#108124796
0#
0"
#108124804
1"
#108131804
1#
#108134396
0#
0"
#108134404
1"
#108141404
1#
#108143996
0#
0"
#108144004
1"
#108151004
1#
#108153596
0#
0"
#108153604
1"
#108159996
b1101110010 &
#108160660
1#
#108163196
0#
0"
#108163204
1"
#108170260
1#
#108172796
0#
0"
#108172804
1"
#108179860
1#
#108182396
0#
0"
#108182404
1"
#108189460
1#
#108191996
0#
0"
#108192004
1"
#108199060
1#
#108201596
0#
0"
#108201604
1"
#108208660
1#
#108211196
0#
0"
#108211204
1"
#108218260
1#
#108220796
0#
0"
#108220804
1"
#108227860
1#
#108230396
0#
0"
#108230404
1"
#108237460
1#
#108239996
0#
0"
#108240004
1"
#108247060
1#
#108249596
0#
0"
#108249604
1"
#108255996
b1101111001 &
#108256716
1#
#108259196
0#
0"
#108259204
1"
#108266316
1#
#108268796
0#
0"
#108268804
1"
#108275916
1#
#108278396
0#
0"
#108278404
1"
#108285516
1#
#108287996
0#
0"
#108288004
1"
#108295116
1#
#108297596
0#
0"
#108297604
1"
#108304716
1#
#108307196
0#
0"
#108307204
1"
#108314316
1#
#108316796
0#
0"
#108316804
1"
#108323916
1#
#108326396
0#
0"
#108326404
1"
#108333516
1#
#108335996
0#
0"
#108336004
1"
#108343116
1#
#108345596
0#
0"
#108345604
1"
#108351996
b1110000000 &
#108352772
1#
#108355196
0#
0"
#108355204
1"
#108362372
1#
#108364796
0#
0"
#108364804
1"
#108371972
1#
#108374396
0#
0"
#108374404
1"
#108381572
1#
#108383996
0#
0"
#108384004
1"
#108391172
1#
#108393596
0#
0"
#108393604
1"
#108400772
1#
#108403196
0#
0"
#108403204
1"
#108410372
1#
#108412796
0#
0"
#108412804
1"
#108419972
1#
#108422396
0#
0"
#108422404
1"
#108429572
1#
#108431996
0#
0"
#108432004
1"
#108439172
1#
#108441596
0#
0"
#108441604
1"
#108447996
b1110000111 &
#108448828
1#
#108451196
0#
0"
#108451204
1"
#108458428
1#
#108460796
0#
0"
#108460804
1"
#108468028
1#
#108470396
0#
0"
#108470404
1"
#108477628
1#
#108479996
0#
0"
#108480004
1"
#108487228
1#
#108489596
0#
0"
#108489604
1"
#108496828
1#
#108499196
0#
0"
#108499204
1"
#108506428
1#
#108508796
0#
0"
#108508804
1"
#108516028
1#
#108518396
0#
0"
#108518404
1"
#108525628
1#
#108527996
0#
0"
#108528004
1"
#108535228
1#
#108537596
0#
0"
#108537604
1"
#108543996
b1110001110 &
#108544884
1#
#108547196
0#
0"
#108547204
1"
#108554484
1#
#108556796
0#
0"
#108556804
1"
#108564084
1#
#108566396
0#
0"
#108566404
1"
#108573684
1#
#108575996
0#
0"
#108576004
1"
#108583284
1#
#108585596
0#
0"
#108585604
1"
#108592884
1#
#108595196
0#
0"
#108595204
1"
#108602484
1#
#108604796
0#
0"
#108604804
1"
#108612084
1#
#108614396
0#
0"
#108614404
1"
#108621684
1#
#108623996
0#
0"
#108624004
1"
#108631284
1#
#108633596
0#
0"
#108633604
1"
#108639996
b1110010101 &
#108640940
1#
#108643196
0#
0"
#108643204
1"
#108650540
1#
#108652796
0#
0"
#108652804
1"
#108660140
1#
#108662396
0#
0"
#108662404
1"
#108669740
1#
#108671996
0#
0"
#108672004
1"
#108679340
1#
#108681596
0#
0"
#108681604
1"
#108688940
1#
#108691196
0#
0"
#108691204
1"
#108698540
1#
#108700796
0#
0"
#108700804
1"
#108708140
1#
#108710396
0#
0"
#108710404
1"
#108717740
1#
#108719996
0#
0"
#108720004
1"
#108727340
1#
#108729596
0#
0"
#108729604
1"
#108735996
b1110011100 &
#108736996
1#
#108739196
0#
0"
#108739204
1"
#108746596
1#
#108748796
0#
0"
#108748804
1"
#108756196
1#
#108758396
0#
0"
#108758404
1"
#108765796
1#
#108767996
0#
0"
#108768004
1"
#108775396
1#
#108777596
0#
0"
#108777604
1"
#108784996
1#
#108787196
0#
0"
#108787204
1"
#108794596
1#
#108796796
0#
0"
#108796804
1"
#108804196
1#
#108806396
0#
0"
#108806404
1"
#108813796
1#
#108815996
0#
0"
#108816004
1"
#108823396
1#
#108825596
0#
0"
#108825604
1"
#108831996
b1110100011 &
#108833052
1#
#108835196
0#
0"
#108835204
1"
#108842652
1#
#108844796
0#
0"
#108844804
1"
#108852252
1#
#108854396
0#
0"
#108854404
1"
#108861852
1#
#108863996
0#
0"
#108864004
1"
#108871452
1#
#108873596
0#
0"
#108873604
1"
#108881052
1#
#108883196
0#
0"
#108883204
1"
#108890652
1#
#108892796
0#
0"
#108892804
1"
#108900252
1#
#108902396
0#
0"
#108902404
1"
#108909852
1#
#108911996
0#
0"
#108912004
1"
#108919452
1#
#108921596
0#
0"
#108921604
1"
#108927996
b1110101010 &
#108929108
1#
#108931196
0#
0"
#108931204
1"
#108938708
1#
#108940796
0#
0"
#108940804
1"
#108948308
1#
#108950396
0#
0"
#108950404
1"
#108957908
1#
#108959996
0#
0"
#108960004
1"
#108967508
1#
#108969596
0#
0"
#108969604
1"
#108977108
1#
#108979196
0#
0"
#108979204
1"
#108986708
1#
#108988796
0#
0"
#108988804
1"
#108996308
1#
#108998396
0#
0"
#108998404
1"
#109005908
1#
#109007996
0#
0"
#109008004
1"
#109015508
1#
#109017596
0#
0"
#109017604
1"
#109023996
b1110110001 &
#109025164
1#
#109027196
0#
0"
#109027204
1"
#109034764
1#
#109036796
0#
0"
#109036804
1"
#109044364
1#
#109046396
0#
0"
#109046404
1"
#109053964
1#
#109055996
0#
0"
#109056004
1"
#109063564
1#
#109065596
0#
0"
#109065604
1"
#109073164
1#
#109075196
0#
0"
#109075204
1"
#109082764
1#
#109084796
0#
0"
#109084804
1"
#109092364
1#
#109094396
0#
0"
#109094404
1"
#109101964
1#
#109103996
0#
0"
#109104004
1"
#109111564
1#
#109113596
0#
0"
#109113604
1"
#109119996
b1110111000 &
#109121220
1#
#109123196
0#
0"
#109123204
1"
#109130820
1#
#109132796
0#
0"
#109132804
1"
#109140420
1#
#109142396
0#
0"
#109142404
1"
#109150020
1#
#109151996
0#
0"
#109152004
1"
#109159620
1#
#109161596
0#
0"
#109161604
1"
#109169220
1#
#109171196
0#
0"
#109171204
1"
#109178820
1#
#109180796
0#
0"
#109180804
1"
#109188420
1#
#109190396
0#
0"
#109190404
1"
#109198020
1#
#109199996
0#
0"
#109200004
1"
#109207620
1#
#109209596
0#
0"
#109209604
1"
#109215996
b1110111111 &
#109217276
1#
#109219196
0#
0"
#109219204
1"
#109226876
1#
#109228796
0#
0"
#109228804
1"
#109236476
1#
#109238396
0#
0"
#109238404
1"
#109246076
1#
#109247996
0#
0"
#109248004
1"
#109255676
1#
#109257596
0#
0"
#109257604
1"
#109265276
1#
#109267196
0#
0"
#109267204
1"
#109274876
1#
#109276796
0#
0"
#109276804
1"
#109284476
1#
#109286396
0#
0"
#109286404
1"
#109294076
1#
#109295996
0#
0"
#109296004
1"
#109303676
1#
#109305596
0#
0"
#109305604
1"
#109311996
b1111000110 &
#109313332
1#
#109315196
0#
0"
#109315204
1"
#109322932
1#
#109324796
0#
0"
#109324804
1"
#109332532
1#
#109334396
0#
0"
#109334404
1"
#109342132
1#
#109343996
0#
0"
#109344004
1"
#109351732
1#
#109353596
0#
0"
#109353604
1"
#109361332
1#
#109363196
0#
0"
#109363204
1"
#109370932
1#
#109372796
0#
0"
#109372804
1"
#109380532
1#
#109382396
0#
0"
#109382404
1"
#109390132
1#
#109391996
0#
0"
#109392004
1"
#109399732
1#
#109401596
0#
0"
#109401604
1"
#109407996
b1111001101 &
#109409388
1#
#109411196
0#
0"
#109411204
1"
#109418988
1#
#109420796
0#
0"
#109420804
1"
#109428588
1#
#109430396
0#
0"
#109430404
1"
#109438188
1#
#109439996
0#
0"
#109440004
1"
#109447788
1#
#109449596
0#
0"
#109449604
1"
#109457388
1#
#109459196
0#
0"
#109459204
1"
#109466988
1#
#109468796
0#
0"
#109468804
1"
#109476588
1#
#109478396
0#
0"
#109478404
1"
#109486188
1#
#109487996
0#
0"
#109488004
1"
#109495788
1#
#109497596
0#
0"
#109497604
1"
#109503996
b1111010100 &
#109505444
1#
#109507196
0#
0"
#109507204
1"
#109515044
1#
#109516796
0#
0"
#109516804
1"
#109524644
1#
#109526396
0#
0"
#109526404
1"
#109534244
1#
#109535996
0#
0"
#109536004
1"
#109543844
1#
#109545596
0#
0"
#109545604
1"
#109553444
1#
#109555196
0#
0"
#109555204
1"
#109563044
1#
#109564796
0#
0"
#109564804
1"
#109572644
1#
#109574396
0#
0"
#109574404
1"
#109582244
1#
#109583996
0#
0"
#109584004
1"
#109591844
1#
#109593596
0#
0"
#109593604
1"
#109599996
b1111011011 &
#109601500
1#
#109603196
0#
0"
#109603204
1"
#109611100
1#
#109612796
0#
0"
#109612804
1"
#109620700
1#
#109622396
0#
0"
#109622404
1"
#109630300
1#
#109631996
0#
0"
#109632004
1"
#109639900
1#
#109641596
0#
0"
#109641604
1"
#109649500
1#
#109651196
0#
0"
#109651204
1"
#109659100
1#
#109660796
0#
0"
#109660804
1"
#109668700
1#
#109670396
0#
0"
#109670404
1"
#109678300
1#
#109679996
0#
0"
#109680004
1"
#109687900
1#
#109689596
0#
0"
#109689604
1"
#109695996
b1111100010 &
#109697556
1#
#109699196
0#
0"
#109699204
1"
#109707156
1#
#109708796
0#
0"
#109708804
1"
#109716756
1#
#109718396
0#
0"
#109718404
1"
#109726356
1#
#109727996
0#
0"
#109728004
1"
#109735956
1#
#109737596
0#
0"
#109737604
1"
#109745556
1#
#109747196
0#
0"
#109747204
1"
#109755156
1#
#109756796
0#
0"
#109756804
1"
#109764756
1#
#109766396
0#
0"
#109766404
1"
#109774356
1#
#109775996
0#
0"
#109776004
1"
#109783956
1#
#109785596
0#
0"
#109785604
1"
#109791996
b1111101001 &
#109793612
1#
#109795196
0#
0"
#109795204
1"
#109803212
1#
#109804796
0#
0"
#109804804
1"
#109812812
1#
#109814396
0#
0"
#109814404
1"
#109822412
1#
#109823996
0#
0"
#109824004
1"
#109832012
1#
#109833596
0#
0"
#109833604
1"
#109841612
1#
#109843196
0#
0"
#109843204
1"
#109851212
1#
#109852796
0#
0"
#109852804
1"
#109860812
1#
#109862396
0#
0"
#109862404
1"
#109870412
1#
#109871996
0#
0"
#109872004
1"
#109880012
1#
#109881596
0#
0"
#109881604
1"
#109887996
b1111110000 &
#109889668
1#
#109891196
0#
0"
#109891204
1"
#109899268
1#
#109900796
0#
0"
#109900804
1"
#109908868
1#
#109910396
0#
0"
#109910404
1"
#109918468
1#
#109919996
0#
0"
#109920004
1"
#109928068
1#
#109929596
0#
0"
#109929604
1"
#109937668
1#
#109939196
0#
0"
#109939204
1"
#109947268
1#
#109948796
0#
0"
#109948804
1"
#109956868
1#
#109958396
0#
0"
#109958404
1"
#109966468
1#
#109967996
0#
0"
#109968004
1"
#109976068
1#
#109977596
0#
0"
#109977604
1"
#109983996
b1111110111 &
#109985724
1#
#109987196
0#
0"
#109987204
1"
#109995324
1#
#109996796
0#
0"
#109996804
1"
#110004924
1#
#110006396
0#
0"
#110006404
1"
#110014524
1#
#110015996
0#
0"
#110016004
1"
#110024124
1#
#110025596
0#
0"
#110025604
1"
#110033724
1#
#110035196
0#
0"
#110035204
1"
#110043324
1#
#110044796
0#
0"
#110044804
1"
#110052924
1#
#110054396
0#
0"
#110054404
1"
#110062524
1#
#110063996
0#
0"
#110064004
1"
#110072124
1#
#110073596
0#
0"
#110073604
1"
#110079996
b1111111110 &
#110081780
1#
#110083196
0#
0"
#110083204
1"
#110091380
1#
#110092796
0#
0"
#110092804
1"
#110100980
1#
#110102396
0#
0"
#110102404
1"
#110110580
1#
#110111996
0#
0"
#110112004
1"
#110120180
1#
#110121596
0#
0"
#110121604
1"
#110129780
1#
#110131196
0#
0"
#110131204
1"
#110139380
1#
#110140796
0#
0"
#110140804
1"
#110148980
1#
#110150396
0#
0"
#110150404
1"
#110158580
1#
#110159996
0#
0"
#110160004
1"
#110168180
1#
#110169596
0#
0"
#110169604
1"
#110175996
b10000000101 &
#110177836
1#
#110179196
0#
0"
#110179204
1"
#110187436
1#
#110188796
0#
0"
#110188804
1"
#110197036
1#
#110198396
0#
0"
#110198404
1"
#110206636
1#
#110207996
0#
0"
#110208004
1"
#110216236
1#
#110217596
0#
0"
#110217604
1"
#110225836
1#
#110227196
0#
0"
#110227204
1"
#110235436
1#
#110236796
0#
0"
#110236804
1"
#110245036
1#
#110246396
0#
0"
#110246404
1"
#110254636
1#
#110255996
0#
0"
#110256004
1"
#110264236
1#
#110265596
0#
0"
#110265604
1"
#110271996
b10000001100 &
#110273892
1#
#110275196
0#
0"
#110275204
1"
#110283492
1#
#110284796
0#
0"
#110284804
1"
#110293092
1#
#110294396
0#
0"
#110294404
1"
#110302692
1#
#110303996
0#
0"
#110304004
1"
#110312292
1#
#110313596
0#
0"
#110313604
1"
#110321892
1#
#110323196
0#
0"
#110323204
1"
#110331492
1#
#110332796
0#
0"
#110332804
1"
#110341092
1#
#110342396
0#
0"
#110342404
1"
#110350692
1#
#110351996
0#
0"
#110352004
1"
#110360292
1#
#110361596
0#
0"
#110361604
1"
#110367996
b10000010011 &
#110369948
1#
#110371196
0#
0"
#110371204
1"
#110379548
1#
#110380796
0#
0"
#110380804
1"
#110389148
1#
#110390396
0#
0"
#110390404
1"
#110398748
1#
#110399996
0#
0"
#110400004
1"
#110408348
1#
#110409596
0#
0"
#110409604
1"
#110417948
1#
#110419196
0#
0"
#110419204
1"
#110427548
1#
#110428796
0#
0"
#110428804
1"
#110437148
1#
#110438396
0#
0"
#110438404
1"
#110446748
1#
#110447996
0#
0"
#110448004
1"
#110456348
1#
#110457596
0#
0"
#110457604
1"
#110463996
b10000011010 &
#110466004
1#
#110467196
0#
0"
#110467204
1"
#110475604
1#
#110476796
0#
0"
#110476804
1"
#110485204
1#
#110486396
0#
0"
#110486404
1"
#110494804
1#
#110495996
0#
0"
#110496004
1"
#110504404
1#
#110505596
0#
0"
#110505604
1"
#110514004
1#
#110515196
0#
0"
#110515204
1"
#110523604
1#
#110524796
0#
0"
#110524804
1"
#110533204
1#
#110534396
0#
0"
#110534404
1"
#110542804
1#
#110543996
0#
0"
#110544004
1"
#110552404
1#
#110553596
0#
0"
#110553604
1"
#110559996
b10000100001 &
#110562060
1#
#110563196
0#
0"
#110563204
1"
#110571660
1#
#110572796
0#
0"
#110572804
1"
#110581260
1#
#110582396
0#
0"
#110582404
1"
#110590860
1#
#110591996
0#
0"
#110592004
1"
#110600460
1#
#110601596
0#
0"
#110601604
1"
#110610060
1#
#110611196
0#
0"
#110611204
1"
#110619660
1#
#110620796
0#
0"
#110620804
1"
#110629260
1#
#110630396
0#
0"
#110630404
1"
#110638860
1#
#110639996
0#
0"
#110640004
1"
#110648460
1#
#110649596
0#
0"
#110649604
1"
#110655996
b10000101000 &
#110658116
1#
#110659196
0#
0"
#110659204
1"
#110667716
1#
#110668796
0#
0"
#110668804
1"
#110677316
1#
#110678396
0#
0"
#110678404
1"
#110686916
1#
#110687996
0#
0"
#110688004
1"
#110696516
1#
#110697596
0#
0"
#110697604
1"
#110706116
1#
#110707196
0#
0"
#110707204
1"
#110715716
1#
#110716796
0#
0"
#110716804
1"
#110725316
1#
#110726396
0#
0"
#110726404
1"
#110734916
1#
#110735996
0#
0"
#110736004
1"
#110744516
1#
#110745596
0#
0"
#110745604
1"
#110751996
b10000101111 &
#110754172
1#
#110755196
0#
0"
#110755204
1"
#110763772
1#
#110764796
0#
0"
#110764804
1"
#110773372
1#
#110774396
0#
0"
#110774404
1"
#110782972
1#
#110783996
0#
0"
#110784004
1"
#110792572
1#
#110793596
0#
0"
#110793604
1"
#110802172
1#
#110803196
0#
0"
#110803204
1"
#110811772
1#
#110812796
0#
0"
#110812804
1"
#110821372
1#
#110822396
0#
0"
#110822404
1"
#110830972
1#
#110831996
0#
0"
#110832004
1"
#110840572
1#
#110841596
0#
0"
#110841604
1"
#110847996
b10000110110 &
#110850228
1#
#110851196
0#
0"
#110851204
1"
#110859828
1#
#110860796
0#
0"
#110860804
1"
#110869428
1#
#110870396
0#
0"
#110870404
1"
#110879028
1#
#110879996
0#
0"
#110880004
1"
#110888628
1#
#110889596
0#
0"
#110889604
1"
#110898228
1#
#110899196
0#
0"
#110899204
1"
#110907828
1#
#110908796
0#
0"
#110908804
1"
#110917428
1#
#110918396
0#
0"
#110918404
1"
#110927028
1#
#110927996
0#
0"
#110928004
1"
#110936628
1#
#110937596
0#
0"
#110937604
1"
#110943996
b10000111101 &
#110946284
1#
#110947196
0#
0"
#110947204
1"
#110955884
1#
#110956796
0#
0"
#110956804
1"
#110965484
1#
#110966396
0#
0"
#110966404
1"
#110975084
1#
#110975996
0#
0"
#110976004
1"
#110984684
1#
#110985596
0#
0"
#110985604
1"
#110994284
1#
#110995196
0#
0"
#110995204
1"
#111003884
1#
#111004796
0#
0"
#111004804
1"
#111013484
1#
#111014396
0#
0"
#111014404
1"
#111023084
1#
#111023996
0#
0"
#111024004
1"
#111032684
1#
#111033596
0#
0"
#111033604
1"
#111039996
b10001000100 &
#111042340
1#
#111043196
0#
0"
#111043204
1"
#111051940
1#
#111052796
0#
0"
#111052804
1"
#111061540
1#
#111062396
0#
0"
#111062404
1"
#111071140
1#
#111071996
0#
0"
#111072004
1"
#111080740
1#
#111081596
0#
0"
#111081604
1"
#111090340
1#
#111091196
0#
0"
#111091204
1"
#111099940
1#
#111100796
0#
0"
#111100804
1"
#111109540
1#
#111110396
0#
0"
#111110404
1"
#111119140
1#
#111119996
0#
0"
#111120004
1"
#111128740
1#
#111129596
0#
0"
#111129604
1"
#111135996
b10001001011 &
#111138396
1#
#111139196
0#
0"
#111139204
1"
#111147996
1#
#111148796
0#
0"
#111148804
1"
#111157596
1#
#111158396
0#
0"
#111158404
1"
#111167196
1#
#111167996
0#
0"
#111168004
1"
#111176796
1#
#111177596
0#
0"
#111177604
1"
#111186396
1#
#111187196
0#
0"
#111187204
1"
#111195996
1#
#111196796
0#
0"
#111196804
1"
#111205596
1#
#111206396
0#
0"
#111206404
1"
#111215196
1#
#111215996
0#
0"
#111216004
1"
#111224796
1#
#111225596
0#
0"
#111225604
1"
#111231996
b10001010010 &
#111234452
1#
#111235196
0#
0"
#111235204
1"
#111244052
1#
#111244796
0#
0"
#111244804
1"
#111253652
1#
#111254396
0#
0"
#111254404
1"
#111263252
1#
#111263996
0#
0"
#111264004
1"
#111272852
1#
#111273596
0#
0"
#111273604
1"
#111282452
1#
#111283196
0#
0"
#111283204
1"
#111292052
1#
#111292796
0#
0"
#111292804
1"
#111301652
1#
#111302396
0#
0"
#111302404
1"
#111311252
1#
#111311996
0#
0"
#111312004
1"
#111320852
1#
#111321596
0#
0"
#111321604
1"
#111327996
b10001011001 &
#111330508
1#
#111331196
0#
0"
#111331204
1"
#111340108
1#
#111340796
0#
0"
#111340804
1"
#111349708
1#
#111350396
0#
0"
#111350404
1"
#111359308
1#
#111359996
0#
0"
#111360004
1"
#111368908
1#
#111369596
0#
0"
#111369604
1"
#111378508
1#
#111379196
0#
0"
#111379204
1"
#111388108
1#
#111388796
0#
0"
#111388804
1"
#111397708
1#
#111398396
0#
0"
#111398404
1"
#111407308
1#
#111407996
0#
0"
#111408004
1"
#111416908
1#
#111417596
0#
0"
#111417604
1"
#111423996
b10001100000 &
#111426564
1#
#111427196
0#
0"
#111427204
1"
#111436164
1#
#111436796
0#
0"
#111436804
1"
#111445764
1#
#111446396
0#
0"
#111446404
1"
#111455364
1#
#111455996
0#
0"
#111456004
1"
#111464964
1#
#111465596
0#
0"
#111465604
1"
#111474564
1#
#111475196
0#
0"
#111475204
1"
#111484164
1#
#111484796
0#
0"
#111484804
1"
#111493764
1#
#111494396
0#
0"
#111494404
1"
#111503364
1#
#111503996
0#
0"
#111504004
1"
#111512964
1#
#111513596
0#
0"
#111513604
1"
#111519996
b10001100111 &
#111522620
1#
#111523196
0#
0"
#111523204
1"
#111532220
1#
#111532796
0#
0"
#111532804
1"
#111541820
1#
#111542396
0#
0"
#111542404
1"
#111551420
1#
#111551996
0#
0"
#111552004
1"
#111561020
1#
#111561596
0#
0"
#111561604
1"
#111570620
1#
#111571196
0#
0"
#111571204
1"
#111580220
1#
#111580796
0#
0"
#111580804
1"
#111589820
1#
#111590396
0#
0"
#111590404
1"
#111599420
1#
#111599996
0#
0"
#111600004
1"
#111609020
1#
#111609596
0#
0"
#111609604
1"
#111615996
b10001101110 &
#111618676
1#
#111619196
0#
0"
#111619204
1"
#111628276
1#
#111628796
0#
0"
#111628804
1"
#111637876
1#
#111638396
0#
0"
#111638404
1"
#111647476
1#
#111647996
0#
0"
#111648004
1"
#111657076
1#
#111657596
0#
0"
#111657604
1"
#111666676
1#
#111667196
0#
0"
#111667204
1"
#111676276
1#
#111676796
0#
0"
#111676804
1"
#111685876
1#
#111686396
0#
0"
#111686404
1"
#111695476
1#
#111695996
0#
0"
#111696004
1"
#111705076
1#
#111705596
0#
0"
#111705604
1"
#111711996
b10001110101 &
#111714732
1#
#111715196
0#
0"
#111715204
1"
#111724332
1#
#111724796
0#
0"
#111724804
1"
#111733932
1#
#111734396
0#
0"
#111734404
1"
#111743532
1#
#111743996
0#
0"
#111744004
1"
#111753132
1#
#111753596
0#
0"
#111753604
1"
#111762732
1#
#111763196
0#
0"
#111763204
1"
#111772332
1#
#111772796
0#
0"
#111772804
1"
#111781932
1#
#111782396
0#
0"
#111782404
1"
#111791532
1#
#111791996
0#
0"
#111792004
1"
#111801132
1#
#111801596
0#
0"
#111801604
1"
#111807996
b10001111100 &
#111810788
1#
#111811196
0#
0"
#111811204
1"
#111820388
1#
#111820796
0#
0"
#111820804
1"
#111829988
1#
#111830396
0#
0"
#111830404
1"
#111839588
1#
#111839996
0#
0"
#111840004
1"
#111849188
1#
#111849596
0#
0"
#111849604
1"
#111858788
1#
#111859196
0#
0"
#111859204
1"
#111868388
1#
#111868796
0#
0"
#111868804
1"
#111877988
1#
#111878396
0#
0"
#111878404
1"
#111887588
1#
#111887996
0#
0"
#111888004
1"
#111897188
1#
#111897596
0#
0"
#111897604
1"
#111903996
b10010000011 &
#111906844
1#
#111907196
0#
0"
#111907204
1"
#111916444
1#
#111916796
0#
0"
#111916804
1"
#111926044
1#
#111926396
0#
0"
#111926404
1"
#111935644
1#
#111935996
0#
0"
#111936004
1"
#111945244
1#
#111945596
0#
0"
#111945604
1"
#111954844
1#
#111955196
0#
0"
#111955204
1"
#111964444
1#
#111964796
0#
0"
#111964804
1"
#111974044
1#
#111974396
0#
0"
#111974404
1"
#111983644
1#
#111983996
0#
0"
#111984004
1"
#111993244
1#
#111993596
0#
0"
#111993604
1"
#111999996
b10010001010 &
#112002900
1#
#112003196
0#
0"
#112003204
1"
#112012500
1#
#112012796
0#
0"
#112012804
1"
#112022100
1#
#112022396
0#
0"
#112022404
1"
#112031700
1#
#112031996
0#
0"
#112032004
1"
#112041300
1#
#112041596
0#
0"
#112041604
1"
#112050900
1#
#112051196
0#
0"
#112051204
1"
#112060500
1#
#112060796
0#
0"
#112060804
1"
#112070100
1#
#112070396
0#
0"
#112070404
1"
#112079700
1#
#112079996
0#
0"
#112080004
1"
#112089300
1#
#112089596
0#
0"
#112089604
1"
#112095996
b10010010001 &
#112098956
1#
#112099196
0#
0"
#112099204
1"
#112108556
1#
#112108796
0#
0"
#112108804
1"
#112118156
1#
#112118396
0#
0"
#112118404
1"
#112127756
1#
#112127996
0#
0"
#112128004
1"
#112137356
1#
#112137596
0#
0"
#112137604
1"
#112146956
1#
#112147196
0#
0"
#112147204
1"
#112156556
1#
#112156796
0#
0"
#112156804
1"
#112166156
1#
#112166396
0#
0"
#112166404
1"
#112175756
1#
#112175996
0#
0"
#112176004
1"
#112185356
1#
#112185596
0#
0"
#112185604
1"
#112191996
b10010110000 &
#112195196
0"
#112195204
1"
#112204796
0"
#112204804
1"
#112214396
0"
#112214404
1"
#112223996
0"
#112224004
1"
#112233596
0"
#112233604
1"
#112243196
0"
#112243204
1"
#112252796
0"
#112252804
1"
#112255996
b10010101001 $
#112262348
1!
#112262396
0!
0"
#112262404
1"
#112271948
1!
#112271996
0!
0"
#112272004
1"
#112281548
1!
#112281596
0!
0"
#112281604
1"
#112291148
1!
#112291196
0!
0"
#112291204
1"
#112300748
1!
#112300796
0!
0"
#112300804
1"
#112310348
1!
#112310396
0!
0"
#112310404
1"
#112319948
1!
#112319996
0!
0"
#112320004
1"
#112329548
1!
#112329596
0!
0"
#112329604
1"
#112339148
1!
#112339196
0!
0"
#112339204
1"
#112348748
1!
#112348796
0!
0"
#112348804
1"
#112351996
b10010100010 $
#112358292
1!
#112358396
0!
0"
#112358404
1"
#112367892
1!
#112367996
0!
0"
#112368004
1"
#112377492
1!
#112377596
0!
0"
#112377604
1"
#112387092
1!
#112387196
0!
0"
#112387204
1"
#112396692
1!
#112396796
0!
0"
#112396804
1"
#112406292
1!
#112406396
0!
0"
#112406404
1"
#112415892
1!
#112415996
0!
0"
#112416004
1"
#112425492
1!
#112425596
0!
0"
#112425604
1"
#112435092
1!
#112435196
0!
0"
#112435204
1"
#112444692
1!
#112444796
0!
0"
#112444804
1"
#112447996
b10010011011 $
#112454236
1!
#112454396
0!
0"
#112454404
1"
#112463836
1!
#112463996
0!
0"
#112464004
1"
#112473436
1!
#112473596
0!
0"
#112473604
1"
#112483036
1!
#112483196
0!
0"
#112483204
1"
#112492636
1!
#112492796
0!
0"
#112492804
1"
#112502236
1!
#112502396
0!
0"
#112502404
1"
#112511836
1!
#112511996
0!
0"
#112512004
1"
#112521436
1!
#112521596
0!
0"
#112521604
1"
#112531036
1!
#112531196
0!
0"
#112531204
1"
#112540636
1!
#112540796
0!
0"
#112540804
1"
#112543996
b10010010100 $
#112550180
1!
#112550396
0!
0"
#112550404
1"
#112559780
1!
#112559996
0!
0"
#112560004
1"
#112569380
1!
#112569596
0!
0"
#112569604
1"
#112578980
1!
#112579196
0!
0"
#112579204
1"
#112588580
1!
#112588796
0!
0"
#112588804
1"
#112598180
1!
#112598396
0!
0"
#112598404
1"
#112607780
1!
#112607996
0!
0"
#112608004
1"
#112617380
1!
#112617596
0!
0"
#112617604
1"
#112626980
1!
#112627196
0!
0"
#112627204
1"
#112636580
1!
#112636796
0!
0"
#112636804
1"
#112639996
b10010001101 $
#112646124
1!
#112646396
0!
0"
#112646404
1"
#112655724
1!
#112655996
0!
0"
#112656004
1"
#112665324
1!
#112665596
0!
0"
#112665604
1"
#112674924
1!
#112675196
0!
0"
#112675204
1"
#112684524
1!
#112684796
0!
0"
#112684804
1"
#112694124
1!
#112694396
0!
0"
#112694404
1"
#112703724
1!
#112703996
0!
0"
#112704004
1"
#112713324
1!
#112713596
0!
0"
#112713604
1"
#112722924
1!
#112723196
0!
0"
#112723204
1"
#112732524
1!
#112732796
0!
0"
#112732804
1"
#112735996
b10010000110 $
#112742068
1!
#112742396
0!
0"
#112742404
1"
#112751668
1!
#112751996
0!
0"
#112752004
1"
#112761268
1!
#112761596
0!
0"
#112761604
1"
#112770868
1!
#112771196
0!
0"
#112771204
1"
#112780468
1!
#112780796
0!
0"
#112780804
1"
#112790068
1!
#112790396
0!
0"
#112790404
1"
#112799668
1!
#112799996
0!
0"
#112800004
1"
#112809268
1!
#112809596
0!
0"
#112809604
1"
#112818868
1!
#112819196
0!
0"
#112819204
1"
#112828468
1!
#112828796
0!
0"
#112828804
1"
#112831996
b10001111111 $
#112838012
1!
#112838396
0!
0"
#112838404
1"
#112847612
1!
#112847996
0!
0"
#112848004
1"
#112857212
1!
#112857596
0!
0"
#112857604
1"
#112866812
1!
#112867196
0!
0"
#112867204
1"
#112876412
1!
#112876796
0!
0"
#112876804
1"
#112886012
1!
#112886396
0!
0"
#112886404
1"
#112895612
1!
#112895996
0!
0"
#112896004
1"
#112905212
1!
#112905596
0!
0"
#112905604
1"
#112914812
1!
#112915196
0!
0"
#112915204
1"
#112924412
1!
#112924796
0!
0"
#112924804
1"
#112927996
b10001111000 $
#112933956
1!
#112934396
0!
0"
#112934404
1"
#112943556
1!
#112943996
0!
0"
#112944004
1"
#112953156
1!
#112953596
0!
0"
#112953604
1"
#112962756
1!
#112963196
0!
0"
#112963204
1"
#112972356
1!
#112972796
0!
0"
#112972804
1"
#112981956
1!
#112982396
0!
0"
#112982404
1"
#112991556
1!
#112991996
0!
0"
#112992004
1"
#113001156
1!
#113001596
0!
0"
#113001604
1"
#113010756
1!
#113011196
0!
0"
#113011204
1"
#113020356
1!
#113020796
0!
0"
#113020804
1"
#113023996
b10001110001 $
#113029900
1!
#113030396
0!
0"
#113030404
1"
#113039500
1!
#113039996
0!
0"
#113040004
1"
#113049100
1!
#113049596
0!
0"
#113049604
1"
#113058700
1!
#113059196
0!
0"
#113059204
1"
#113068300
1!
#113068796
0!
0"
#113068804
1"
#113077900
1!
#113078396
0!
0"
#113078404
1"
#113087500
1!
#113087996
0!
0"
#113088004
1"
#113097100
1!
#113097596
0!
0"
#113097604
1"
#113106700
1!
#113107196
0!
0"
#113107204
1"
#113116300
1!
#113116796
0!
0"
#113116804
1"
#113119996
b10001101010 $
#113125844
1!
#113126396
0!
0"
#113126404
1"
#113135444
1!
#113135996
0!
0"
#113136004
1"
#113145044
1!
#113145596
0!
0"
#113145604
1"
#113154644
1!
#113155196
0!
0"
#113155204
1"
#113164244
1!
#113164796
0!
0"
#113164804
1"
#113173844
1!
#113174396
0!
0"
#113174404
1"
#113183444
1!
#113183996
0!
0"
#113184004
1"
#113193044
1!
#113193596
0!
0"
#113193604
1"
#113202644
1!
#113203196
0!
0"
#113203204
1"
#113212244
1!
#113212796
0!
0"
#113212804
1"
#113215996
b10001100011 $
#113221788
1!
#113222396
0!
0"
#113222404
1"
#113231388
1!
#113231996
0!
0"
#113232004
1"
#113240988
1!
#113241596
0!
0"
#113241604
1"
#113250588
1!
#113251196
0!
0"
#113251204
1"
#113260188
1!
#113260796
0!
0"
#113260804
1"
#113269788
1!
#113270396
0!
0"
#113270404
1"
#113279388
1!
#113279996
0!
0"
#113280004
1"
#113288988
1!
#113289596
0!
0"
#113289604
1"
#113298588
1!
#113299196
0!
0"
#113299204
1"
#113308188
1!
#113308796
0!
0"
#113308804
1"
#113311996
b10001011100 $
#113317732
1!
#113318396
0!
0"
#113318404
1"
#113327332
1!
#113327996
0!
0"
#113328004
1"
#113336932
1!
#113337596
0!
0"
#113337604
1"
#113346532
1!
#113347196
0!
0"
#113347204
1"
#113356132
1!
#113356796
0!
0"
#113356804
1"
#113365732
1!
#113366396
0!
0"
#113366404
1"
#113375332
1!
#113375996
0!
0"
#113376004
1"
#113384932
1!
#113385596
0!
0"
#113385604
1"
#113394532
1!
#113395196
0!
0"
#113395204
1"
#113404132
1!
#113404796
0!
0"
#113404804
1"
#113407996
b10001010101 $
#113413676
1!
#113414396
0!
0"
#113414404
1"
#113423276
1!
#113423996
0!
0"
#113424004
1"
#113432876
1!
#113433596
0!
0"
#113433604
1"
#113442476
1!
#113443196
0!
0"
#113443204
1"
#113452076
1!
#113452796
0!
0"
#113452804
1"
#113461676
1!
#113462396
0!
0"
#113462404
1"
#113471276
1!
#113471996
0!
0"
#113472004
1"
#113480876
1!
#113481596
0!
0"
#113481604
1"
#113490476
1!
#113491196
0!
0"
#113491204
1"
#113500076
1!
#113500796
0!
0"
#113500804
1"
#113503996
b10001001110 $
#113509620
1!
#113510396
0!
0"
#113510404
1"
#113519220
1!
#113519996
0!
0"
#113520004
1"
#113528820
1!
#113529596
0!
0"
#113529604
1"
#113538420
1!
#113539196
0!
0"
#113539204
1"
#113548020
1!
#113548796
0!
0"
#113548804
1"
#113557620
1!
#113558396
0!
0"
#113558404
1"
#113567220
1!
#113567996
0!
0"
#113568004
1"
#113576820
1!
#113577596
0!
0"
#113577604
1"
#113586420
1!
#113587196
0!
0"
#113587204
1"
#113596020
1!
#113596796
0!
0"
#113596804
1"
#113599996
b10001000111 $
#113605564
1!
#113606396
0!
0"
#113606404
1"
#113615164
1!
#113615996
0!
0"
#113616004
1"
#113624764
1!
#113625596
0!
0"
#113625604
1"
#113634364
1!
#113635196
0!
0"
#113635204
1"
#113643964
1!
#113644796
0!
0"
#113644804
1"
#113653564
1!
#113654396
0!
0"
#113654404
1"
#113663164
1!
#113663996
0!
0"
#113664004
1"
#113672764
1!
#113673596
0!
0"
#113673604
1"
#113682364
1!
#113683196
0!
0"
#113683204
1"
#113691964
1!
#113692796
0!
0"
#113692804
1"
#113695996
b10001000000 $
#113701508
1!
#113702396
0!
0"
#113702404
1"
#113711108
1!
#113711996
0!
0"
#113712004
1"
#113720708
1!
#113721596
0!
0"
#113721604
1"
#113730308
1!
#113731196
0!
0"
#113731204
1"
#113739908
1!
#113740796
0!
0"
#113740804
1"
#113749508
1!
#113750396
0!
0"
#113750404
1"
#113759108
1!
#113759996
0!
0"
#113760004
1"
#113768708
1!
#113769596
0!
0"
#113769604
1"
#113778308
1!
#113779196
0!
0"
#113779204
1"
#113787908
1!
#113788796
0!
0"
#113788804
1"
#113791996
b10000111001 $
#113797452
1!
#113798396
0!
0"
#113798404
1"
#113807052
1!
#113807996
0!
0"
#113808004
1"
#113816652
1!
#113817596
0!
0"
#113817604
1"
#113826252
1!
#113827196
0!
0"
#113827204
1"
#113835852
1!
#113836796
0!
0"
#113836804
1"
#113845452
1!
#113846396
0!
0"
#113846404
1"
#113855052
1!
#113855996
0!
0"
#113856004
1"
#113864652
1!
#113865596
0!
0"
#113865604
1"
#113874252
1!
#113875196
0!
0"
#113875204
1"
#113883852
1!
#113884796
0!
0"
#113884804
1"
#113887996
b10000110010 $
#113893396
1!
#113894396
0!
0"
#113894404
1"
#113902996
1!
#113903996
0!
0"
#113904004
1"
#113912596
1!
#113913596
0!
0"
#113913604
1"
#113922196
1!
#113923196
0!
0"
#113923204
1"
#113931796
1!
#113932796
0!
0"
#113932804
1"
#113941396
1!
#113942396
0!
0"
#113942404
1"
#113950996
1!
#113951996
0!
0"
#113952004
1"
#113960596
1!
#113961596
0!
0"
#113961604
1"
#113970196
1!
#113971196
0!
0"
#113971204
1"
#113979796
1!
#113980796
0!
0"
#113980804
1"
#113983996
b10000101011 $
#113989340
1!
#113990396
0!
0"
#113990404
1"
#113998940
1!
#113999996
0!
0"
#114000004
1"
#114008540
1!
#114009596
0!
0"
#114009604
1"
#114018140
1!
#114019196
0!
0"
#114019204
1"
#114027740
1!
#114028796
0!
0"
#114028804
1"
#114037340
1!
#114038396
0!
0"
#114038404
1"
#114046940
1!
#114047996
0!
0"
#114048004
1"
#114056540
1!
#114057596
0!
0"
#114057604
1"
#114066140
1!
#114067196
0!
0"
#114067204
1"
#114075740
1!
#114076796
0!
0"
#114076804
1"
#114079996
b10000100100 $
#114085284
1!
#114086396
0!
0"
#114086404
1"
#114094884
1!
#114095996
0!
0"
#114096004
1"
#114104484
1!
#114105596
0!
0"
#114105604
1"
#114114084
1!
#114115196
0!
0"
#114115204
1"
#114123684
1!
#114124796
0!
0"
#114124804
1"
#114133284
1!
#114134396
0!
0"
#114134404
1"
#114142884
1!
#114143996
0!
0"
#114144004
1"
#114152484
1!
#114153596
0!
0"
#114153604
1"
#114162084
1!
#114163196
0!
0"
#114163204
1"
#114171684
1!
#114172796
0!
0"
#114172804
1"
#114175996
b10000011101 $
#114181228
1!
#114182396
0!
0"
#114182404
1"
#114190828
1!
#114191996
0!
0"
#114192004
1"
#114200428
1!
#114201596
0!
0"
#114201604
1"
#114210028
1!
#114211196
0!
0"
#114211204
1"
#114219628
1!
#114220796
0!
0"
#114220804
1"
#114229228
1!
#114230396
0!
0"
#114230404
1"
#114238828
1!
#114239996
0!
0"
#114240004
1"
#114248428
1!
#114249596
0!
0"
#114249604
1"
#114258028
1!
#114259196
0!
0"
#114259204
1"
#114267628
1!
#114268796
0!
0"
#114268804
1"
#114271996
b10000010110 $
#114277172
1!
#114278396
0!
0"
#114278404
1"
#114286772
1!
#114287996
0!
0"
#114288004
1"
#114296372
1!
#114297596
0!
0"
#114297604
1"
#114305972
1!
#114307196
0!
0"
#114307204
1"
#114315572
1!
#114316796
0!
0"
#114316804
1"
#114325172
1!
#114326396
0!
0"
#114326404
1"
#114334772
1!
#114335996
0!
0"
#114336004
1"
#114344372
1!
#114345596
0!
0"
#114345604
1"
#114353972
1!
#114355196
0!
0"
#114355204
1"
#114363572
1!
#114364796
0!
0"
#114364804
1"
#114367996
b10000001111 $
#114373116
1!
#114374396
0!
0"
#114374404
1"
#114382716
1!
#114383996
0!
0"
#114384004
1"
#114392316
1!
#114393596
0!
0"
#114393604
1"
#114401916
1!
#114403196
0!
0"
#114403204
1"
#114411516
1!
#114412796
0!
0"
#114412804
1"
#114421116
1!
#114422396
0!
0"
#114422404
1"
#114430716
1!
#114431996
0!
0"
#114432004
1"
#114440316
1!
#114441596
0!
0"
#114441604
1"
#114449916
1!
#114451196
0!
0"
#114451204
1"
#114459516
1!
#114460796
0!
0"
#114460804
1"
#114463996
b10000001000 $
#114469060
1!
#114470396
0!
0"
#114470404
1"
#114478660
1!
#114479996
0!
0"
#114480004
1"
#114488260
1!
#114489596
0!
0"
#114489604
1"
#114497860
1!
#114499196
0!
0"
#114499204
1"
#114507460
1!
#114508796
0!
0"
#114508804
1"
#114517060
1!
#114518396
0!
0"
#114518404
1"
#114526660
1!
#114527996
0!
0"
#114528004
1"
#114536260
1!
#114537596
0!
0"
#114537604
1"
#114545860
1!
#114547196
0!
0"
#114547204
1"
#114555460
1!
#114556796
0!
0"
#114556804
1"
#114559996
b10000000001 $
#114565004
1!
#114566396
0!
0"
#114566404
1"
#114574604
1!
#114575996
0!
0"
#114576004
1"
#114584204
1!
#114585596
0!
0"
#114585604
1"
#114593804
1!
#114595196
0!
0"
#114595204
1"
#114603404
1!
#114604796
0!
0"
#114604804
1"
#114613004
1!
#114614396
0!
0"
#114614404
1"
#114622604
1!
#114623996
0!
0"
#114624004
1"
#114632204
1!
#114633596
0!
0"
#114633604
1"
#114641804
1!
#114643196
0!
0"
#114643204
1"
#114651404
1!
#114652796
0!
0"
#114652804
1"
#114655996
b1111111010 $
#114660948
1!
#114662396
0!
0"
#114662404
1"
#114670548
1!
#114671996
0!
0"
#114672004
1"
#114680148
1!
#114681596
0!
0"
#114681604
1"
#114689748
1!
#114691196
0!
0"
#114691204
1"
#114699348
1!
#114700796
0!
0"
#114700804
1"
#114708948
1!
#114710396
0!
0"
#114710404
1"
#114718548
1!
#114719996
0!
0"
#114720004
1"
#114728148
1!
#114729596
0!
0"
#114729604
1"
#114737748
1!
#114739196
0!
0"
#114739204
1"
#114747348
1!
#114748796
0!
0"
#114748804
1"
#114751996
b1111110011 $
#114756892
1!
#114758396
0!
0"
#114758404
1"
#114766492
1!
#114767996
0!
0"
#114768004
1"
#114776092
1!
#114777596
0!
0"
#114777604
1"
#114785692
1!
#114787196
0!
0"
#114787204
1"
#114795292
1!
#114796796
0!
0"
#114796804
1"
#114804892
1!
#114806396
0!
0"
#114806404
1"
#114814492
1!
#114815996
0!
0"
#114816004
1"
#114824092
1!
#114825596
0!
0"
#114825604
1"
#114833692
1!
#114835196
0!
0"
#114835204
1"
#114843292
1!
#114844796
0!
0"
#114844804
1"
#114847996
b1111101100 $
#114852836
1!
#114854396
0!
0"
#114854404
1"
#114862436
1!
#114863996
0!
0"
#114864004
1"
#114872036
1!
#114873596
0!
0"
#114873604
1"
#114881636
1!
#114883196
0!
0"
#114883204
1"
#114891236
1!
#114892796
0!
0"
#114892804
1"
#114900836
1!
#114902396
0!
0"
#114902404
1"
#114910436
1!
#114911996
0!
0"
#114912004
1"
#114920036
1!
#114921596
0!
0"
#114921604
1"
#114929636
1!
#114931196
0!
0"
#114931204
1"
#114939236
1!
#114940796
0!
0"
#114940804
1"
#114943996
b1111100101 $
#114948780
1!
#114950396
0!
0"
#114950404
1"
#114958380
1!
#114959996
0!
0"
#114960004
1"
#114967980
1!
#114969596
0!
0"
#114969604
1"
#114977580
1!
#114979196
0!
0"
#114979204
1"
#114987180
1!
#114988796
0!
0"
#114988804
1"
#114996780
1!
#114998396
0!
0"
#114998404
1"
#115006380
1!
#115007996
0!
0"
#115008004
1"
#115015980
1!
#115017596
0!
0"
#115017604
1"
#115025580
1!
#115027196
0!
0"
#115027204
1"
#115035180
1!
#115036796
0!
0"
#115036804
1"
#115039996
b1111011110 $
#115044724
1!
#115046396
0!
0"
#115046404
1"
#115054324
1!
#115055996
0!
0"
#115056004
1"
#115063924
1!
#115065596
0!
0"
#115065604
1"
#115073524
1!
#115075196
0!
0"
#115075204
1"
#115083124
1!
#115084796
0!
0"
#115084804
1"
#115092724
1!
#115094396
0!
0"
#115094404
1"
#115102324
1!
#115103996
0!
0"
#115104004
1"
#115111924
1!
#115113596
0!
0"
#115113604
1"
#115121524
1!
#115123196
0!
0"
#115123204
1"
#115131124
1!
#115132796
0!
0"
#115132804
1"
#115135996
b1111010111 $
#115140668
1!
#115142396
0!
0"
#115142404
1"
#115150268
1!
#115151996
0!
0"
#115152004
1"
#115159868
1!
#115161596
0!
0"
#115161604
1"
#115169468
1!
#115171196
0!
0"
#115171204
1"
#115179068
1!
#115180796
0!
0"
#115180804
1"
#115188668
1!
#115190396
0!
0"
#115190404
1"
#115198268
1!
#115199996
0!
0"
#115200004
1"
#115207868
1!
#115209596
0!
0"
#115209604
1"
#115217468
1!
#115219196
0!
0"
#115219204
1"
#115227068
1!
#115228796
0!
0"
#115228804
1"
#115231996
b1111010000 $
#115236612
1!
#115238396
0!
0"
#115238404
1"
#115246212
1!
#115247996
0!
0"
#115248004
1"
#115255812
1!
#115257596
0!
0"
#115257604
1"
#115265412
1!
#115267196
0!
0"
#115267204
1"
#115275012
1!
#115276796
0!
0"
#115276804
1"
#115284612
1!
#115286396
0!
0"
#115286404
1"
#115294212
1!
#115295996
0!
0"
#115296004
1"
#115303812
1!
#115305596
0!
0"
#115305604
1"
#115313412
1!
#115315196
0!
0"
#115315204
1"
#115323012
1!
#115324796
0!
0"
#115324804
1"
#115327996
b1111001001 $
#115332556
1!
#115334396
0!
0"
#115334404
1"
#115342156
1!
#115343996
0!
0"
#115344004
1"
#115351756
1!
#115353596
0!
0"
#115353604
1"
#115361356
1!
#115363196
0!
0"
#115363204
1"
#115370956
1!
#115372796
0!
0"
#115372804
1"
#115380556
1!
#115382396
0!
0"
#115382404
1"
#115390156
1!
#115391996
0!
0"
#115392004
1"
#115399756
1!
#115401596
0!
0"
#115401604
1"
#115409356
1!
#115411196
0!
0"
#115411204
1"
#115418956
1!
#115420796
0!
0"
#115420804
1"
#115423996
b1111000010 $
#115428500
1!
#115430396
0!
0"
#115430404
1"
#115438100
1!
#115439996
0!
0"
#115440004
1"
#115447700
1!
#115449596
0!
0"
#115449604
1"
#115457300
1!
#115459196
0!
0"
#115459204
1"
#115466900
1!
#115468796
0!
0"
#115468804
1"
#115476500
1!
#115478396
0!
0"
#115478404
1"
#115486100
1!
#115487996
0!
0"
#115488004
1"
#115495700
1!
#115497596
0!
0"
#115497604
1"
#115505300
1!
#115507196
0!
0"
#115507204
1"
#115514900
1!
#115516796
0!
0"
#115516804
1"
#115519996
b1110111011 $
#115524444
1!
#115526396
0!
0"
#115526404
1"
#115534044
1!
#115535996
0!
0"
#115536004
1"
#115543644
1!
#115545596
0!
0"
#115545604
1"
#115553244
1!
#115555196
0!
0"
#115555204
1"
#115562844
1!
#115564796
0!
0"
#115564804
1"
#115572444
1!
#115574396
0!
0"
#115574404
1"
#115582044
1!
#115583996
0!
0"
#115584004
1"
#115591644
1!
#115593596
0!
0"
#115593604
1"
#115601244
1!
#115603196
0!
0"
#115603204
1"
#115610844
1!
#115612796
0!
0"
#115612804
1"
#115615996
b1110110100 $
#115620388
1!
#115622396
0!
0"
#115622404
1"
#115629988
1!
#115631996
0!
0"
#115632004
1"
#115639588
1!
#115641596
0!
0"
#115641604
1"
#115649188
1!
#115651196
0!
0"
#115651204
1"
#115658788
1!
#115660796
0!
0"
#115660804
1"
#115668388
1!
#115670396
0!
0"
#115670404
1"
#115677988
1!
#115679996
0!
0"
#115680004
1"
#115687588
1!
#115689596
0!
0"
#115689604
1"
#115697188
1!
#115699196
0!
0"
#115699204
1"
#115706788
1!
#115708796
0!
0"
#115708804
1"
#115711996
b1110101101 $
#115716332
1!
#115718396
0!
0"
#115718404
1"
#115725932
1!
#115727996
0!
0"
#115728004
1"
#115735532
1!
#115737596
0!
0"
#115737604
1"
#115745132
1!
#115747196
0!
0"
#115747204
1"
#115754732
1!
#115756796
0!
0"
#115756804
1"
#115764332
1!
#115766396
0!
0"
#115766404
1"
#115773932
1!
#115775996
0!
0"
#115776004
1"
#115783532
1!
#115785596
0!
0"
#115785604
1"
#115793132
1!
#115795196
0!
0"
#115795204
1"
#115802732
1!
#115804796
0!
0"
#115804804
1"
#115807996
b1110100110 $
#115812276
1!
#115814396
0!
0"
#115814404
1"
#115821876
1!
#115823996
0!
0"
#115824004
1"
#115831476
1!
#115833596
0!
0"
#115833604
1"
#115841076
1!
#115843196
0!
0"
#115843204
1"
#115850676
1!
#115852796
0!
0"
#115852804
1"
#115860276
1!
#115862396
0!
0"
#115862404
1"
#115869876
1!
#115871996
0!
0"
#115872004
1"
#115879476
1!
#115881596
0!
0"
#115881604
1"
#115889076
1!
#115891196
0!
0"
#115891204
1"
#115898676
1!
#115900796
0!
0"
#115900804
1"
#115903996
b1110011111 $
#115908220
1!
#115910396
0!
0"
#115910404
1"
#115917820
1!
#115919996
0!
0"
#115920004
1"
#115927420
1!
#115929596
0!
0"
#115929604
1"
#115937020
1!
#115939196
0!
0"
#115939204
1"
#115946620
1!
#115948796
0!
0"
#115948804
1"
#115956220
1!
#115958396
0!
0"
#115958404
1"
#115965820
1!
#115967996
0!
0"
#115968004
1"
#115975420
1!
#115977596
0!
0"
#115977604
1"
#115985020
1!
#115987196
0!
0"
#115987204
1"
#115994620
1!
#115996796
0!
0"
#115996804
1"
#115999996
b1110011000 $
#116004164
1!
#116006396
0!
0"
#116006404
1"
#116013764
1!
#116015996
0!
0"
#116016004
1"
#116023364
1!
#116025596
0!
0"
#116025604
1"
#116032964
1!
#116035196
0!
0"
#116035204
1"
#116042564
1!
#116044796
0!
0"
#116044804
1"
#116052164
1!
#116054396
0!
0"
#116054404
1"
#116061764
1!
#116063996
0!
0"
#116064004
1"
#116071364
1!
#116073596
0!
0"
#116073604
1"
#116080964
1!
#116083196
0!
0"
#116083204
1"
#116090564
1!
#116092796
0!
0"
#116092804
1"
#116095996
b1110010001 $
#116100108
1!
#116102396
0!
0"
#116102404
1"
#116109708
1!
#116111996
0!
0"
#116112004
1"
#116119308
1!
#116121596
0!
0"
#116121604
1"
#116128908
1!
#116131196
0!
0"
#116131204
1"
#116138508
1!
#116140796
0!
0"
#116140804
1"
#116148108
1!
#116150396
0!
0"
#116150404
1"
#116157708
1!
#116159996
0!
0"
#116160004
1"
#116167308
1!
#116169596
0!
0"
#116169604
1"
#116176908
1!
#116179196
0!
0"
#116179204
1"
#116186508
1!
#116188796
0!
0"
#116188804
1"
#116191996
b1110001010 $
#116196052
1!
#116198396
0!
0"
#116198404
1"
#116205652
1!
#116207996
0!
0"
#116208004
1"
#116215252
1!
#116217596
0!
0"
#116217604
1"
#116224852
1!
#116227196
0!
0"
#116227204
1"
#116234452
1!
#116236796
0!
0"
#116236804
1"
#116244052
1!
#116246396
0!
0"
#116246404
1"
#116253652
1!
#116255996
0!
0"
#116256004
1"
#116263252
1!
#116265596
0!
0"
#116265604
1"
#116272852
1!
#116275196
0!
0"
#116275204
1"
#116282452
1!
#116284796
0!
0"
#116284804
1"
#116287996
b1110000011 $
#116291996
1!
#116294396
0!
0"
#116294404
1"
#116301596
1!
#116303996
0!
0"
#116304004
1"
#116311196
1!
#116313596
0!
0"
#116313604
1"
#116320796
1!
#116323196
0!
0"
#116323204
1"
#116330396
1!
#116332796
0!
0"
#116332804
1"
#116339996
1!
#116342396
0!
0"
#116342404
1"
#116349596
1!
#116351996
0!
0"
#116352004
1"
#116359196
1!
#116361596
0!
0"
#116361604
1"
#116368796
1!
#116371196
0!
0"
#116371204
1"
#116378396
1!
#116380796
0!
0"
#116380804
1"
#116383996
b1101111100 $
#116387940
1!
#116390396
0!
0"
#116390404
1"
#116397540
1!
#116399996
0!
0"
#116400004
1"
#116407140
1!
#116409596
0!
0"
#116409604
1"
#116416740
1!
#116419196
0!
0"
#116419204
1"
#116426340
1!
#116428796
0!
0"
#116428804
1"
#116435940
1!
#116438396
0!
0"
#116438404
1"
#116445540
1!
#116447996
0!
0"
#116448004
1"
#116455140
1!
#116457596
0!
0"
#116457604
1"
#116464740
1!
#116467196
0!
0"
#116467204
1"
#116474340
1!
#116476796
0!
0"
#116476804
1"
#116479996
b1101110101 $
#116483884
1!
#116486396
0!
0"
#116486404
1"
#116493484
1!
#116495996
0!
0"
#116496004
1"
#116503084
1!
#116505596
0!
0"
#116505604
1"
#116512684
1!
#116515196
0!
0"
#116515204
1"
#116522284
1!
#116524796
0!
0"
#116524804
1"
#116531884
1!
#116534396
0!
0"
#116534404
1"
#116541484
1!
#116543996
0!
0"
#116544004
1"
#116551084
1!
#116553596
0!
0"
#116553604
1"
#116560684
1!
#116563196
0!
0"
#116563204
1"
#116570284
1!
#116572796
0!
0"
#116572804
1"
#116575996
b1101101110 $
#116579828
1!
#116582396
0!
0"
#116582404
1"
#116589428
1!
#116591996
0!
0"
#116592004
1"
#116599028
1!
#116601596
0!
0"
#116601604
1"
#116608628
1!
#116611196
0!
0"
#116611204
1"
#116618228
1!
#116620796
0!
0"
#116620804
1"
#116627828
1!
#116630396
0!
0"
#116630404
1"
#116637428
1!
#116639996
0!
0"
#116640004
1"
#116647028
1!
#116649596
0!
0"
#116649604
1"
#116656628
1!
#116659196
0!
0"
#116659204
1"
#116666228
1!
#116668796
0!
0"
#116668804
1"
#116671996
b1101100111 $
#116675772
1!
#116678396
0!
0"
#116678404
1"
#116685372
1!
#116687996
0!
0"
#116688004
1"
#116694972
1!
#116697596
0!
0"
#116697604
1"
#116704572
1!
#116707196
0!
0"
#116707204
1"
#116714172
1!
#116716796
0!
0"
#116716804
1"
#116723772
1!
#116726396
0!
0"
#116726404
1"
#116733372
1!
#116735996
0!
0"
#116736004
1"
#116742972
1!
#116745596
0!
0"
#116745604
1"
#116752572
1!
#116755196
0!
0"
#116755204
1"
#116762172
1!
#116764796
0!
0"
#116764804
1"
#116767996
b1101100000 $
#116771716
1!
#116774396
0!
0"
#116774404
1"
#116781316
1!
#116783996
0!
0"
#116784004
1"
#116790916
1!
#116793596
0!
0"
#116793604
1"
#116800516
1!
#116803196
0!
0"
#116803204
1"
#116810116
1!
#116812796
0!
0"
#116812804
1"
#116819716
1!
#116822396
0!
0"
#116822404
1"
#116829316
1!
#116831996
0!
0"
#116832004
1"
#116838916
1!
#116841596
0!
0"
#116841604
1"
#116848516
1!
#116851196
0!
0"
#116851204
1"
#116858116
1!
#116860796
0!
0"
#116860804
1"
#116863996
b1101011001 $
#116867660
1!
#116870396
0!
0"
#116870404
1"
#116877260
1!
#116879996
0!
0"
#116880004
1"
#116886860
1!
#116889596
0!
0"
#116889604
1"
#116896460
1!
#116899196
0!
0"
#116899204
1"
#116906060
1!
#116908796
0!
0"
#116908804
1"
#116915660
1!
#116918396
0!
0"
#116918404
1"
#116925260
1!
#116927996
0!
0"
#116928004
1"
#116934860
1!
#116937596
0!
0"
#116937604
1"
#116944460
1!
#116947196
0!
0"
#116947204
1"
#116954060
1!
#116956796
0!
0"
#116956804
1"
#116959996
b1101010010 $
#116963604
1!
#116966396
0!
0"
#116966404
1"
#116973204
1!
#116975996
0!
0"
#116976004
1"
#116982804
1!
#116985596
0!
0"
#116985604
1"
#116992404
1!
#116995196
0!
0"
#116995204
1"
#117002004
1!
#117004796
0!
0"
#117004804
1"
#117011604
1!
#117014396
0!
0"
#117014404
1"
#117021204
1!
#117023996
0!
0"
#117024004
1"
#117030804
1!
#117033596
0!
0"
#117033604
1"
#117040404
1!
#117043196
0!
0"
#117043204
1"
#117050004
1!
#117052796
0!
0"
#117052804
1"
#117055996
b1101001011 $
#117059548
1!
#117062396
0!
0"
#117062404
1"
#117069148
1!
#117071996
0!
0"
#117072004
1"
#117078748
1!
#117081596
0!
0"
#117081604
1"
#117088348
1!
#117091196
0!
0"
#117091204
1"
#117097948
1!
#117100796
0!
0"
#117100804
1"
#117107548
1!
#117110396
0!
0"
#117110404
1"
#117117148
1!
#117119996
0!
0"
#117120004
1"
#117126748
1!
#117129596
0!
0"
#117129604
1"
#117136348
1!
#117139196
0!
0"
#117139204
1"
#117145948
1!
#117148796
0!
0"
#117148804
1"
#117151996
b1101000100 $
#117155492
1!
#117158396
0!
0"
#117158404
1"
#117165092
1!
#117167996
0!
0"
#117168004
1"
#117174692
1!
#117177596
0!
0"
#117177604
1"
#117184292
1!
#117187196
0!
0"
#117187204
1"
#117193892
1!
#117196796
0!
0"
#117196804
1"
#117203492
1!
#117206396
0!
0"
#117206404
1"
#117213092
1!
#117215996
0!
0"
#117216004
1"
#117222692
1!
#117225596
0!
0"
#117225604
1"
#117232292
1!
#117235196
0!
0"
#117235204
1"
#117241892
1!
#117244796
0!
0"
#117244804
1"
#117247996
b1100111101 $
#117251436
1!
#117254396
0!
0"
#117254404
1"
#117261036
1!
#117263996
0!
0"
#117264004
1"
#117270636
1!
#117273596
0!
0"
#117273604
1"
#117280236
1!
#117283196
0!
0"
#117283204
1"
#117289836
1!
#117292796
0!
0"
#117292804
1"
#117299436
1!
#117302396
0!
0"
#117302404
1"
#117309036
1!
#117311996
0!
0"
#117312004
1"
#117318636
1!
#117321596
0!
0"
#117321604
1"
#117328236
1!
#117331196
0!
0"
#117331204
1"
#117337836
1!
#117340796
0!
0"
#117340804
1"
#117343996
b1100110110 $
#117347380
1!
#117350396
0!
0"
#117350404
1"
#117356980
1!
#117359996
0!
0"
#117360004
1"
#117366580
1!
#117369596
0!
0"
#117369604
1"
#117376180
1!
#117379196
0!
0"
#117379204
1"
#117385780
1!
#117388796
0!
0"
#117388804
1"
#117395380
1!
#117398396
0!
0"
#117398404
1"
#117404980
1!
#117407996
0!
0"
#117408004
1"
#117414580
1!
#117417596
0!
0"
#117417604
1"
#117424180
1!
#117427196
0!
0"
#117427204
1"
#117433780
1!
#117436796
0!
0"
#117436804
1"
#117439996
b1100101111 $
#117443324
1!
#117446396
0!
0"
#117446404
1"
#117452924
1!
#117455996
0!
0"
#117456004
1"
#117462524
1!
#117465596
0!
0"
#117465604
1"
#117472124
1!
#117475196
0!
0"
#117475204
1"
#117481724
1!
#117484796
0!
0"
#117484804
1"
#117491324
1!
#117494396
0!
0"
#117494404
1"
#117500924
1!
#117503996
0!
0"
#117504004
1"
#117510524
1!
#117513596
0!
0"
#117513604
1"
#117520124
1!
#117523196
0!
0"
#117523204
1"
#117529724
1!
#117532796
0!
0"
#117532804
1"
#117535996
b1100101000 $
#117539268
1!
#117542396
0!
0"
#117542404
1"
#117548868
1!
#117551996
0!
0"
#117552004
1"
#117558468
1!
#117561596
0!
0"
#117561604
1"
#117568068
1!
#117571196
0!
0"
#117571204
1"
#117577668
1!
#117580796
0!
0"
#117580804
1"
#117587268
1!
#117590396
0!
0"
#117590404
1"
#117596868
1!
#117599996
0!
0"
#117600004
1"
#117606468
1!
#117609596
0!
0"
#117609604
1"
#117616068
1!
#117619196
0!
0"
#117619204
1"
#117625668
1!
#117628796
0!
0"
#117628804
1"
#117631996
b1100100001 $
#117635212
1!
#117638396
0!
0"
#117638404
1"
#117644812
1!
#117647996
0!
0"
#117648004
1"
#117654412
1!
#117657596
0!
0"
#117657604
1"
#117664012
1!
#117667196
0!
0"
#117667204
1"
#117673612
1!
#117676796
0!
0"
#117676804
1"
#117683212
1!
#117686396
0!
0"
#117686404
1"
#117692812
1!
#117695996
0!
0"
#117696004
1"
#117702412
1!
#117705596
0!
0"
#117705604
1"
#117712012
1!
#117715196
0!
0"
#117715204
1"
#117721612
1!
#117724796
0!
0"
#117724804
1"
#117727996
b1100011010 $
#117731156
1!
#117734396
0!
0"
#117734404
1"
#117740756
1!
#117743996
0!
0"
#117744004
1"
#117750356
1!
#117753596
0!
0"
#117753604
1"
#117759956
1!
#117763196
0!
0"
#117763204
1"
#117769556
1!
#117772796
0!
0"
#117772804
1"
#117779156
1!
#117782396
0!
0"
#117782404
1"
#117788756
1!
#117791996
0!
0"
#117792004
1"
#117798356
1!
#117801596
0!
0"
#117801604
1"
#117807956
1!
#117811196
0!
0"
#117811204
1"
#117817556
1!
#117820796
0!
0"
#117820804
1"
#117823996
b1100010011 $
#117827100
1!
#117830396
0!
0"
#117830404
1"
#117836700
1!
#117839996
0!
0"
#117840004
1"
#117846300
1!
#117849596
0!
0"
#117849604
1"
#117855900
1!
#117859196
0!
0"
#117859204
1"
#117865500
1!
#117868796
0!
0"
#117868804
1"
#117875100
1!
#117878396
0!
0"
#117878404
1"
#117884700
1!
#117887996
0!
0"
#117888004
1"
#117894300
1!
#117897596
0!
0"
#117897604
1"
#117903900
1!
#117907196
0!
0"
#117907204
1"
#117913500
1!
#117916796
0!
0"
#117916804
1"
#117919996
b1100001100 $
#117923044
1!
#117926396
0!
0"
#117926404
1"
#117932644
1!
#117935996
0!
0"
#117936004
1"
#117942244
1!
#117945596
0!
0"
#117945604
1"
#117951844
1!
#117955196
0!
0"
#117955204
1"
#117961444
1!
#117964796
0!
0"
#117964804
1"
#117971044
1!
#117974396
0!
0"
#117974404
1"
#117980644
1!
#117983996
0!
0"
#117984004
1"
#117990244
1!
#117993596
0!
0"
#117993604
1"
#117999844
1!
#118003196
0!
0"
#118003204
1"
#118009444
1!
#118012796
0!
0"
#118012804
1"
#118015996
b1100000101 $
#118018988
1!
#118022396
0!
0"
#118022404
1"
#118028588
1!
#118031996
0!
0"
#118032004
1"
#118038188
1!
#118041596
0!
0"
#118041604
1"
#118047788
1!
#118051196
0!
0"
#118051204
1"
#118057388
1!
#118060796
0!
0"
#118060804
1"
#118066988
1!
#118070396
0!
0"
#118070404
1"
#118076588
1!
#118079996
0!
0"
#118080004
1"
#118086188
1!
#118089596
0!
0"
#118089604
1"
#118095788
1!
#118099196
0!
0"
#118099204
1"
#118105388
1!
#118108796
0!
0"
#118108804
1"
#118111996
b1011111110 $
#118114932
1!
#118118396
0!
0"
#118118404
1"
#118124532
1!
#118127996
0!
0"
#118128004
1"
#118134132
1!
#118137596
0!
0"
#118137604
1"
#118143732
1!
#118147196
0!
0"
#118147204
1"
#118153332
1!
#118156796
0!
0"
#118156804
1"
#118162932
1!
#118166396
0!
0"
#118166404
1"
#118172532
1!
#118175996
0!
0"
#118176004
1"
#118182132
1!
#118185596
0!
0"
#118185604
1"
#118191732
1!
#118195196
0!
0"
#118195204
1"
#118201332
1!
#118204796
0!
0"
#118204804
1"
#118207996
b1011110111 $
#118210876
1!
#118214396
0!
0"
#118214404
1"
#118220476
1!
#118223996
0!
0"
#118224004
1"
#118230076
1!
#118233596
0!
0"
#118233604
1"
#118239676
1!
#118243196
0!
0"
#118243204
1"
#118249276
1!
#118252796
0!
0"
#118252804
1"
#118258876
1!
#118262396
0!
0"
#118262404
1"
#118268476
1!
#118271996
0!
0"
#118272004
1"
#118278076
1!
#118281596
0!
0"
#118281604
1"
#118287676
1!
#118291196
0!
0"
#118291204
1"
#118297276
1!
#118300796
0!
0"
#118300804
1"
#118303996
b1011110000 $
#118306820
1!
#118310396
0!
0"
#118310404
1"
#118316420
1!
#118319996
0!
0"
#118320004
1"
#118326020
1!
#118329596
0!
0"
#118329604
1"
#118335620
1!
#118339196
0!
0"
#118339204
1"
#118345220
1!
#118348796
0!
0"
#118348804
1"
#118354820
1!
#118358396
0!
0"
#118358404
1"
#118364420
1!
#118367996
0!
0"
#118368004
1"
#118374020
1!
#118377596
0!
0"
#118377604
1"
#118383620
1!
#118387196
0!
0"
#118387204
1"
#118393220
1!
#118396796
0!
0"
#118396804
1"
#118399996
b1011101001 $
#118402764
1!
#118406396
0!
0"
#118406404
1"
#118412364
1!
#118415996
0!
0"
#118416004
1"
#118421964
1!
#118425596
0!
0"
#118425604
1"
#118431564
1!
#118435196
0!
0"
#118435204
1"
#118441164
1!
#118444796
0!
0"
#118444804
1"
#118450764
1!
#118454396
0!
0"
#118454404
1"
#118460364
1!
#118463996
0!
0"
#118464004
1"
#118469964
1!
#118473596
0!
0"
#118473604
1"
#118479564
1!
#118483196
0!
0"
#118483204
1"
#118489164
1!
#118492796
0!
0"
#118492804
1"
#118495996
b1011100010 $
#118498708
1!
#118502396
0!
0"
#118502404
1"
#118508308
1!
#118511996
0!
0"
#118512004
1"
#118517908
1!
#118521596
0!
0"
#118521604
1"
#118527508
1!
#118531196
0!
0"
#118531204
1"
#118537108
1!
#118540796
0!
0"
#118540804
1"
#118546708
1!
#118550396
0!
0"
#118550404
1"
#118556308
1!
#118559996
0!
0"
#118560004
1"
#118565908
1!
#118569596
0!
0"
#118569604
1"
#118575508
1!
#118579196
0!
0"
#118579204
1"
#118585108
1!
#118588796
0!
0"
#118588804
1"
#118591996
b1011011011 $
#118594652
1!
#118598396
0!
0"
#118598404
1"
#118604252
1!
#118607996
0!
0"
#118608004
1"
#118613852
1!
#118617596
0!
0"
#118617604
1"
#118623452
1!
#118627196
0!
0"
#118627204
1"
#118633052
1!
#118636796
0!
0"
#118636804
1"
#118642652
1!
#118646396
0!
0"
#118646404
1"
#118652252
1!
#118655996
0!
0"
#118656004
1"
#118661852
1!
#118665596
0!
0"
#118665604
1"
#118671452
1!
#118675196
0!
0"
#118675204
1"
#118681052
1!
#118684796
0!
0"
#118684804
1"
#118687996
b1011010100 $
#118690596
1!
#118694396
0!
0"
#118694404
1"
#118700196
1!
#118703996
0!
0"
#118704004
1"
#118709796
1!
#118713596
0!
0"
#118713604
1"
#118719396
1!
#118723196
0!
0"
#118723204
1"
#118728996
1!
#118732796
0!
0"
#118732804
1"
#118738596
1!
#118742396
0!
0"
#118742404
1"
#118748196
1!
#118751996
0!
0"
#118752004
1"
#118757796
1!
#118761596
0!
0"
#118761604
1"
#118767396
1!
#118771196
0!
0"
#118771204
1"
#118776996
1!
#118780796
0!
0"
#118780804
1"
#118783996
b1011001101 $
#118786540
1!
#118790396
0!
0"
#118790404
1"
#118796140
1!
#118799996
0!
0"
#118800004
1"
#118805740
1!
#118809596
0!
0"
#118809604
1"
#118815340
1!
#118819196
0!
0"
#118819204
1"
#118824940
1!
#118828796
0!
0"
#118828804
1"
#118834540
1!
#118838396
0!
0"
#118838404
1"
#118844140
1!
#118847996
0!
0"
#118848004
1"
#118853740
1!
#118857596
0!
0"
#118857604
1"
#118863340
1!
#118867196
0!
0"
#118867204
1"
#118872940
1!
#118876796
0!
0"
#118876804
1"
#118879996
b1011000110 $
#118882484
1!
#118886396
0!
0"
#118886404
1"
#118892084
1!
#118895996
0!
0"
#118896004
1"
#118901684
1!
#118905596
0!
0"
#118905604
1"
#118911284
1!
#118915196
0!
0"
#118915204
1"
#118920884
1!
#118924796
0!
0"
#118924804
1"
#118930484
1!
#118934396
0!
0"
#118934404
1"
#118940084
1!
#118943996
0!
0"
#118944004
1"
#118949684
1!
#118953596
0!
0"
#118953604
1"
#118959284
1!
#118963196
0!
0"
#118963204
1"
#118968884
1!
#118972796
0!
0"
#118972804
1"
#118975996
b1010111111 $
#118978428
1!
#118982396
0!
0"
#118982404
1"
#118988028
1!
#118991996
0!
0"
#118992004
1"
#118997628
1!
#119001596
0!
0"
#119001604
1"
#119007228
1!
#119011196
0!
0"
#119011204
1"
#119016828
1!
#119020796
0!
0"
#119020804
1"
#119026428
1!
#119030396
0!
0"
#119030404
1"
#119036028
1!
#119039996
0!
0"
#119040004
1"
#119045628
1!
#119049596
0!
0"
#119049604
1"
#119055228
1!
#119059196
0!
0"
#119059204
1"
#119064828
1!
#119068796
0!
0"
#119068804
1"
#119071996
b1010111000 $
#119074372
1!
#119078396
0!
0"
#119078404
1"
#119083972
1!
#119087996
0!
0"
#119088004
1"
#119093572
1!
#119097596
0!
0"
#119097604
1"
#119103172
1!
#119107196
0!
0"
#119107204
1"
#119112772
1!
#119116796
0!
0"
#119116804
1"
#119122372
1!
#119126396
0!
0"
#119126404
1"
#119131972
1!
#119135996
0!
0"
#119136004
1"
#119141572
1!
#119145596
0!
0"
#119145604
1"
#119151172
1!
#119155196
0!
0"
#119155204
1"
#119160772
1!
#119164796
0!
0"
#119164804
1"
#119167996
b1010110001 $
#119170316
1!
#119174396
0!
0"
#119174404
1"
#119179916
1!
#119183996
0!
0"
#119184004
1"
#119189516
1!
#119193596
0!
0"
#119193604
1"
#119199116
1!
#119203196
0!
0"
#119203204
1"
#119208716
1!
#119212796
0!
0"
#119212804
1"
#119218316
1!
#119222396
0!
0"
#119222404
1"
#119227916
1!
#119231996
0!
0"
#119232004
1"
#119237516
1!
#119241596
0!
0"
#119241604
1"
#119247116
1!
#119251196
0!
0"
#119251204
1"
#119256716
1!
#119260796
0!
0"
#119260804
1"
#119263996
b1010101010 $
#119266260
1!
#119270396
0!
0"
#119270404
1"
#119275860
1!
#119279996
0!
0"
#119280004
1"
#119285460
1!
#119289596
0!
0"
#119289604
1"
#119295060
1!
#119299196
0!
0"
#119299204
1"
#119304660
1!
#119308796
0!
0"
#119308804
1"
#119314260
1!
#119318396
0!
0"
#119318404
1"
#119323860
1!
#119327996
0!
0"
#119328004
1"
#119333460
1!
#119337596
0!
0"
#119337604
1"
#119343060
1!
#119347196
0!
0"
#119347204
1"
#119352660
1!
#119356796
0!
0"
#119356804
1"
#119359996
b1010100011 $
#119362204
1!
#119366396
0!
0"
#119366404
1"
#119371804
1!
#119375996
0!
0"
#119376004
1"
#119381404
1!
#119385596
0!
0"
#119385604
1"
#119391004
1!
#119395196
0!
0"
#119395204
1"
#119400604
1!
#119404796
0!
0"
#119404804
1"
#119410204
1!
#119414396
0!
0"
#119414404
1"
#119419804
1!
#119423996
0!
0"
#119424004
1"
#119429404
1!
#119433596
0!
0"
#119433604
1"
#119439004
1!
#119443196
0!
0"
#119443204
1"
#119448604
1!
#119452796
0!
0"
#119452804
1"
#119455996
b1010011100 $
#119458148
1!
#119462396
0!
0"
#119462404
1"
#119467748
1!
#119471996
0!
0"
#119472004
1"
#119477348
1!
#119481596
0!
0"
#119481604
1"
#119486948
1!
#119491196
0!
0"
#119491204
1"
#119496548
1!
#119500796
0!
0"
#119500804
1"
#119506148
1!
#119510396
0!
0"
#119510404
1"
#119515748
1!
#119519996
0!
0"
#119520004
1"
#119525348
1!
#119529596
0!
0"
#119529604
1"
#119534948
1!
#119539196
0!
0"
#119539204
1"
#119544548
1!
#119548796
0!
0"
#119548804
1"
#119551996
b1010010101 $
#119554092
1!
#119558396
0!
0"
#119558404
1"
#119563692
1!
#119567996
0!
0"
#119568004
1"
#119573292
1!
#119577596
0!
0"
#119577604
1"
#119582892
1!
#119587196
0!
0"
#119587204
1"
#119592492
1!
#119596796
0!
0"
#119596804
1"
#119602092
1!
#119606396
0!
0"
#119606404
1"
#119611692
1!
#119615996
0!
0"
#119616004
1"
#119621292
1!
#119625596
0!
0"
#119625604
1"
#119630892
1!
#119635196
0!
0"
#119635204
1"
#119640492
1!
#119644796
0!
0"
#119644804
1"
#119647996
b1010001110 $
#119650036
1!
#119654396
0!
0"
#119654404
1"
#119659636
1!
#119663996
0!
0"
#119664004
1"
#119669236
1!
#119673596
0!
0"
#119673604
1"
#119678836
1!
#119683196
0!
0"
#119683204
1"
#119688436
1!
#119692796
0!
0"
#119692804
1"
#119698036
1!
#119702396
0!
0"
#119702404
1"
#119707636
1!
#119711996
0!
0"
#119712004
1"
#119717236
1!
#119721596
0!
0"
#119721604
1"
#119726836
1!
#119731196
0!
0"
#119731204
1"
#119736436
1!
#119740796
0!
0"
#119740804
1"
#119743996
b1010000111 $
#119745980
1!
#119750396
0!
0"
#119750404
1"
#119755580
1!
#119759996
0!
0"
#119760004
1"
#119765180
1!
#119769596
0!
0"
#119769604
1"
#119774780
1!
#119779196
0!
0"
#119779204
1"
#119784380
1!
#119788796
0!
0"
#119788804
1"
#119793980
1!
#119798396
0!
0"
#119798404
1"
#119803580
1!
#119807996
0!
0"
#119808004
1"
#119813180
1!
#119817596
0!
0"
#119817604
1"
#119822780
1!
#119827196
0!
0"
#119827204
1"
#119832380
1!
#119836796
0!
0"
#119836804
1"
#119839996
b1010000000 $
#119841924
1!
#119846396
0!
0"
#119846404
1"
#119851524
1!
#119855996
0!
0"
#119856004
1"
#119861124
1!
#119865596
0!
0"
#119865604
1"
#119870724
1!
#119875196
0!
0"
#119875204
1"
#119880324
1!
#119884796
0!
0"
#119884804
1"
#119889924
1!
#119894396
0!
0"
#119894404
1"
#119899524
1!
#119903996
0!
0"
#119904004
1"
#119909124
1!
#119913596
0!
0"
#119913604
1"
#119918724
1!
#119923196
0!
0"
#119923204
1"
#119928324
1!
#119932796
0!
0"
#119932804
1"
#119935996
b1001111001 $
#119937868
1!
#119942396
0!
0"
#119942404
1"
#119947468
1!
#119951996
0!
0"
#119952004
1"
#119957068
1!
#119961596
0!
0"
#119961604
1"
#119966668
1!
#119971196
0!
0"
#119971204
1"
#119976268
1!
#119980796
0!
0"
#119980804
1"
#119985868
1!
#119990396
0!
0"
#119990404
1"
#119995468
1!
#119999996
0!
0"
#120000004
1"
#120005068
1!
#120009596
0!
0"
#120009604
1"
#120014668
1!
#120019196
0!
0"
#120019204
1"
#120024268
1!
#120028796
0!
0"
#120028804
1"
#120031996
b1001110010 $
#120033812
1!
#120038396
0!
0"
#120038404
1"
#120043412
1!
#120047996
0!
0"
#120048004
1"
#120053012
1!
#120057596
0!
0"
#120057604
1"
#120062612
1!
#120067196
0!
0"
#120067204
1"
#120072212
1!
#120076796
0!
0"
#120076804
1"
#120081812
1!
#120086396
0!
0"
#120086404
1"
#120091412
1!
#120095996
0!
0"
#120096004
1"
#120101012
1!
#120105596
0!
0"
#120105604
1"
#120110612
1!
#120115196
0!
0"
#120115204
1"
#120120212
1!
#120124796
0!
0"
#120124804
1"
#120127996
b1001101011 $
#120129756
1!
#120134396
0!
0"
#120134404
1"
#120139356
1!
#120143996
0!
0"
#120144004
1"
#120148956
1!
#120153596
0!
0"
#120153604
1"
#120158556
1!
#120163196
0!
0"
#120163204
1"
#120168156
1!
#120172796
0!
0"
#120172804
1"
#120177756
1!
#120182396
0!
0"
#120182404
1"
#120187356
1!
#120191996
0!
0"
#120192004
1"
#120196956
1!
#120201596
0!
0"
#120201604
1"
#120206556
1!
#120211196
0!
0"
#120211204
1"
#120216156
1!
#120220796
0!
0"
#120220804
1"
#120223996
b1001100100 $
#120225700
1!
#120230396
0!
0"
#120230404
1"
#120235300
1!
#120239996
0!
0"
#120240004
1"
#120244900
1!
#120249596
0!
0"
#120249604
1"
#120254500
1!
#120259196
0!
0"
#120259204
1"
#120264100
1!
#120268796
0!
0"
#120268804
1"
#120273700
1!
#120278396
0!
0"
#120278404
1"
#120283300
1!
#120287996
0!
0"
#120288004
1"
#120292900
1!
#120297596
0!
0"
#120297604
1"
#120302500
1!
#120307196
0!
0"
#120307204
1"
#120312100
1!
#120316796
0!
0"
#120316804
1"
#120319996
b1001011101 $
#120321644
1!
#120326396
0!
0"
#120326404
1"
#120331244
1!
#120335996
0!
0"
#120336004
1"
#120340844
1!
#120345596
0!
0"
#120345604
1"
#120350444
1!
#120355196
0!
0"
#120355204
1"
#120360044
1!
#120364796
0!
0"
#120364804
1"
#120369644
1!
#120374396
0!
0"
#120374404
1"
#120379244
1!
#120383996
0!
0"
#120384004
1"
#120388844
1!
#120393596
0!
0"
#120393604
1"
#120398444
1!
#120403196
0!
0"
#120403204
1"
#120408044
1!
#120412796
0!
0"
#120412804
1"
#120415996
b1001010110 $
#120417588
1!
#120422396
0!
0"
#120422404
1"
#120427188
1!
#120431996
0!
0"
#120432004
1"
#120436788
1!
#120441596
0!
0"
#120441604
1"
#120446388
1!
#120451196
0!
0"
#120451204
1"
#120455988
1!
#120460796
0!
0"
#120460804
1"
#120465588
1!
#120470396
0!
0"
#120470404
1"
#120475188
1!
#120479996
0!
0"
#120480004
1"
#120484788
1!
#120489596
0!
0"
#120489604
1"
#120494388
1!
#120499196
0!
0"
#120499204
1"
#120503988
1!
#120508796
0!
0"
#120508804
1"
#120511996
b1001001111 $
#120513532
1!
#120518396
0!
0"
#120518404
1"
#120523132
1!
#120527996
0!
0"
#120528004
1"
#120532732
1!
#120537596
0!
0"
#120537604
1"
#120542332
1!
#120547196
0!
0"
#120547204
1"
#120551932
1!
#120556796
0!
0"
#120556804
1"
#120561532
1!
#120566396
0!
0"
#120566404
1"
#120571132
1!
#120575996
0!
0"
#120576004
1"
#120580732
1!
#120585596
0!
0"
#120585604
1"
#120590332
1!
#120595196
0!
0"
#120595204
1"
#120599932
1!
#120604796
0!
0"
#120604804
1"
#120607996
b1001001000 $
#120609476
1!
#120614396
0!
0"
#120614404
1"
#120619076
1!
#120623996
0!
0"
#120624004
1"
#120628676
1!
#120633596
0!
0"
#120633604
1"
#120638276
1!
#120643196
0!
0"
#120643204
1"
#120647876
1!
#120652796
0!
0"
#120652804
1"
#120657476
1!
#120662396
0!
0"
#120662404
1"
#120667076
1!
#120671996
0!
0"
#120672004
1"
#120676676
1!
#120681596
0!
0"
#120681604
1"
#120686276
1!
#120691196
0!
0"
#120691204
1"
#120695876
1!
#120700796
0!
0"
#120700804
1"
#120703996
b1001000001 $
#120705420
1!
#120710396
0!
0"
#120710404
1"
#120715020
1!
#120719996
0!
0"
#120720004
1"
#120724620
1!
#120729596
0!
0"
#120729604
1"
#120734220
1!
#120739196
0!
0"
#120739204
1"
#120743820
1!
#120748796
0!
0"
#120748804
1"
#120753420
1!
#120758396
0!
0"
#120758404
1"
#120763020
1!
#120767996
0!
0"
#120768004
1"
#120772620
1!
#120777596
0!
0"
#120777604
1"
#120782220
1!
#120787196
0!
0"
#120787204
1"
#120791820
1!
#120796796
0!
0"
#120796804
1"
#120799996
b1000111010 $
#120801364
1!
#120806396
0!
0"
#120806404
1"
#120810964
1!
#120815996
0!
0"
#120816004
1"
#120820564
1!
#120825596
0!
0"
#120825604
1"
#120830164
1!
#120835196
0!
0"
#120835204
1"
#120839764
1!
#120844796
0!
0"
#120844804
1"
#120849364
1!
#120854396
0!
0"
#120854404
1"
#120858964
1!
#120863996
0!
0"
#120864004
1"
#120868564
1!
#120873596
0!
0"
#120873604
1"
#120878164
1!
#120883196
0!
0"
#120883204
1"
#120887764
1!
#120892796
0!
0"
#120892804
1"
#120895996
b1000110011 $
#120897308
1!
#120902396
0!
0"
#120902404
1"
#120906908
1!
#120911996
0!
0"
#120912004
1"
#120916508
1!
#120921596
0!
0"
#120921604
1"
#120926108
1!
#120931196
0!
0"
#120931204
1"
#120935708
1!
#120940796
0!
0"
#120940804
1"
#120945308
1!
#120950396
0!
0"
#120950404
1"
#120954908
1!
#120959996
0!
0"
#120960004
1"
#120964508
1!
#120969596
0!
0"
#120969604
1"
#120974108
1!
#120979196
0!
0"
#120979204
1"
#120983708
1!
#120988796
0!
0"
#120988804
1"
#120991996
b1000101100 $
#120993252
1!
#120998396
0!
0"
#120998404
1"
#121002852
1!
#121007996
0!
0"
#121008004
1"
#121012452
1!
#121017596
0!
0"
#121017604
1"
#121022052
1!
#121027196
0!
0"
#121027204
1"
#121031652
1!
#121036796
0!
0"
#121036804
1"
#121041252
1!
#121046396
0!
0"
#121046404
1"
#121050852
1!
#121055996
0!
0"
#121056004
1"
#121060452
1!
#121065596
0!
0"
#121065604
1"
#121070052
1!
#121075196
0!
0"
#121075204
1"
#121079652
1!
#121084796
0!
0"
#121084804
1"
#121087996
b1000100101 $
#121089196
1!
#121094396
0!
0"
#121094404
1"
#121098796
1!
#121103996
0!
0"
#121104004
1"
#121108396
1!
#121113596
0!
0"
#121113604
1"
#121117996
1!
#121123196
0!
0"
#121123204
1"
#121127596
1!
#121132796
0!
0"
#121132804
1"
#121137196
1!
#121142396
0!
0"
#121142404
1"
#121146796
1!
#121151996
0!
0"
#121152004
1"
#121156396
1!
#121161596
0!
0"
#121161604
1"
#121165996
1!
#121171196
0!
0"
#121171204
1"
#121175596
1!
#121180796
0!
0"
#121180804
1"
#121183996
b1000011110 $
#121185140
1!
#121190396
0!
0"
#121190404
1"
#121194740
1!
#121199996
0!
0"
#121200004
1"
#121204340
1!
#121209596
0!
0"
#121209604
1"
#121213940
1!
#121219196
0!
0"
#121219204
1"
#121223540
1!
#121228796
0!
0"
#121228804
1"
#121233140
1!
#121238396
0!
0"
#121238404
1"
#121242740
1!
#121247996
0!
0"
#121248004
1"
#121252340
1!
#121257596
0!
0"
#121257604
1"
#121261940
1!
#121267196
0!
0"
#121267204
1"
#121271540
1!
#121276796
0!
0"
#121276804
1"
#121279996
b1000010111 $
#121281084
1!
#121286396
0!
0"
#121286404
1"
#121290684
1!
#121295996
0!
0"
#121296004
1"
#121300284
1!
#121305596
0!
0"
#121305604
1"
#121309884
1!
#121315196
0!
0"
#121315204
1"
#121319484
1!
#121324796
0!
0"
#121324804
1"
#121329084
1!
#121334396
0!
0"
#121334404
1"
#121338684
1!
#121343996
0!
0"
#121344004
1"
#121348284
1!
#121353596
0!
0"
#121353604
1"
#121357884
1!
#121363196
0!
0"
#121363204
1"
#121367484
1!
#121372796
0!
0"
#121372804
1"
#121375996
b1000010000 $
#121377028
1!
#121382396
0!
0"
#121382404
1"
#121386628
1!
#121391996
0!
0"
#121392004
1"
#121396228
1!
#121401596
0!
0"
#121401604
1"
#121405828
1!
#121411196
0!
0"
#121411204
1"
#121415428
1!
#121420796
0!
0"
#121420804
1"
#121425028
1!
#121430396
0!
0"
#121430404
1"
#121434628
1!
#121439996
0!
0"
#121440004
1"
#121444228
1!
#121449596
0!
0"
#121449604
1"
#121453828
1!
#121459196
0!
0"
#121459204
1"
#121463428
1!
#121468796
0!
0"
#121468804
1"
#121471996
b1000001001 $
#121472972
1!
#121478396
0!
0"
#121478404
1"
#121482572
1!
#121487996
0!
0"
#121488004
1"
#121492172
1!
#121497596
0!
0"
#121497604
1"
#121501772
1!
#121507196
0!
0"
#121507204
1"
#121511372
1!
#121516796
0!
0"
#121516804
1"
#121520972
1!
#121526396
0!
0"
#121526404
1"
#121530572
1!
#121535996
0!
0"
#121536004
1"
#121540172
1!
#121545596
0!
0"
#121545604
1"
#121549772
1!
#121555196
0!
0"
#121555204
1"
#121559372
1!
#121564796
0!
0"
#121564804
1"
#121567996
b1000000010 $
#121568916
1!
#121574396
0!
0"
#121574404
1"
#121578516
1!
#121583996
0!
0"
#121584004
1"
#121588116
1!
#121593596
0!
0"
#121593604
1"
#121597716
1!
#121603196
0!
0"
#121603204
1"
#121607316
1!
#121612796
0!
0"
#121612804
1"
#121616916
1!
#121622396
0!
0"
#121622404
1"
#121626516
1!
#121631996
0!
0"
#121632004
1"
#121636116
1!
#121641596
0!
0"
#121641604
1"
#121645716
1!
#121651196
0!
0"
#121651204
1"
#121655316
1!
#121660796
0!
0"
#121660804
1"
#121663996
b111111011 $
#121664860
1!
#121670396
0!
0"
#121670404
1"
#121674460
1!
#121679996
0!
0"
#121680004
1"
#121684060
1!
#121689596
0!
0"
#121689604
1"
#121693660
1!
#121699196
0!
0"
#121699204
1"
#121703260
1!
#121708796
0!
0"
#121708804
1"
#121712860
1!
#121718396
0!
0"
#121718404
1"
#121722460
1!
#121727996
0!
0"
#121728004
1"
#121732060
1!
#121737596
0!
0"
#121737604
1"
#121741660
1!
#121747196
0!
0"
#121747204
1"
#121751260
1!
#121756796
0!
0"
#121756804
1"
#121759996
b111110100 $
#121760804
1!
#121766396
0!
0"
#121766404
1"
#121770404
1!
#121775996
0!
0"
#121776004
1"
#121780004
1!
#121785596
0!
0"
#121785604
1"
#121789604
1!
#121795196
0!
0"
#121795204
1"
#121799204
1!
#121804796
0!
0"
#121804804
1"
#121808804
1!
#121814396
0!
0"
#121814404
1"
#121818404
1!
#121823996
0!
0"
#121824004
1"
#121828004
1!
#121833596
0!
0"
#121833604
1"
#121837604
1!
#121843196
0!
0"
#121843204
1"
#121847204
1!
#121852796
0!
0"
#121852804
1"
#121855996
b111101101 $
#121856748
1!
#121862396
0!
0"
#121862404
1"
#121866348
1!
#121871996
0!
0"
#121872004
1"
#121875948
1!
#121881596
0!
0"
#121881604
1"
#121885548
1!
#121891196
0!
0"
#121891204
1"
#121895148
1!
#121900796
0!
0"
#121900804
1"
#121904748
1!
#121910396
0!
0"
#121910404
1"
#121914348
1!
#121919996
0!
0"
#121920004
1"
#121923948
1!
#121929596
0!
0"
#121929604
1"
#121933548
1!
#121939196
0!
0"
#121939204
1"
#121943148
1!
#121948796
0!
0"
#121948804
1"
#121951996
b111100110 $
#121952692
1!
#121958396
0!
0"
#121958404
1"
#121962292
1!
#121967996
0!
0"
#121968004
1"
#121971892
1!
#121977596
0!
0"
#121977604
1"
#121981492
1!
#121987196
0!
0"
#121987204
1"
#121991092
1!
#121996796
0!
0"
#121996804
1"
#122000692
1!
#122006396
0!
0"
#122006404
1"
#122010292
1!
#122015996
0!
0"
#122016004
1"
#122019892
1!
#122025596
0!
0"
#122025604
1"
#122029492
1!
#122035196
0!
0"
#122035204
1"
#122039092
1!
#122044796
0!
0"
#122044804
1"
#122047996
b111011111 $
#122048636
1!
#122054396
0!
0"
#122054404
1"
#122058236
1!
#122063996
0!
0"
#122064004
1"
#122067836
1!
#122073596
0!
0"
#122073604
1"
#122077436
1!
#122083196
0!
0"
#122083204
1"
#122087036
1!
#122092796
0!
0"
#122092804
1"
#122096636
1!
#122102396
0!
0"
#122102404
1"
#122106236
1!
#122111996
0!
0"
#122112004
1"
#122115836
1!
#122121596
0!
0"
#122121604
1"
#122125436
1!
#122131196
0!
0"
#122131204
1"
#122135036
1!
#122140796
0!
0"
#122140804
1"
#122143996
b111011000 $
#122144580
1!
#122150396
0!
0"
#122150404
1"
#122154180
1!
#122159996
0!
0"
#122160004
1"
#122163780
1!
#122169596
0!
0"
#122169604
1"
#122173380
1!
#122179196
0!
0"
#122179204
1"
#122182980
1!
#122188796
0!
0"
#122188804
1"
#122192580
1!
#122198396
0!
0"
#122198404
1"
#122202180
1!
#122207996
0!
0"
#122208004
1"
#122211780
1!
#122217596
0!
0"
#122217604
1"
#122221380
1!
#122227196
0!
0"
#122227204
1"
#122230980
1!
#122236796
0!
0"
#122236804
1"
#122239996
b111010001 $
#122240524
1!
#122246396
0!
0"
#122246404
1"
#122250124
1!
#122255996
0!
0"
#122256004
1"
#122259724
1!
#122265596
0!
0"
#122265604
1"
#122269324
1!
#122275196
0!
0"
#122275204
1"
#122278924
1!
#122284796
0!
0"
#122284804
1"
#122288524
1!
#122294396
0!
0"
#122294404
1"
#122298124
1!
#122303996
0!
0"
#122304004
1"
#122307724
1!
#122313596
0!
0"
#122313604
1"
#122317324
1!
#122323196
0!
0"
#122323204
1"
#122326924
1!
#122332796
0!
0"
#122332804
1"
#122335996
b111001010 $
#122336468
1!
#122342396
0!
0"
#122342404
1"
#122346068
1!
#122351996
0!
0"
#122352004
1"
#122355668
1!
#122361596
0!
0"
#122361604
1"
#122365268
1!
#122371196
0!
0"
#122371204
1"
#122374868
1!
#122380796
0!
0"
#122380804
1"
#122384468
1!
#122390396
0!
0"
#122390404
1"
#122394068
1!
#122399996
0!
0"
#122400004
1"
#122403668
1!
#122409596
0!
0"
#122409604
1"
#122413268
1!
#122419196
0!
0"
#122419204
1"
#122422868
1!
#122428796
0!
0"
#122428804
1"
#122431996
b111000011 $
#122432412
1!
#122438396
0!
0"
#122438404
1"
#122442012
1!
#122447996
0!
0"
#122448004
1"
#122451612
1!
#122457596
0!
0"
#122457604
1"
#122461212
1!
#122467196
0!
0"
#122467204
1"
#122470812
1!
#122476796
0!
0"
#122476804
1"
#122480412
1!
#122486396
0!
0"
#122486404
1"
#122490012
1!
#122495996
0!
0"
#122496004
1"
#122499612
1!
#122505596
0!
0"
#122505604
1"
#122509212
1!
#122515196
0!
0"
#122515204
1"
#122518812
1!
#122524796
0!
0"
#122524804
1"
#122527996
b110111100 $
#122528356
1!
#122534396
0!
0"
#122534404
1"
#122537956
1!
#122543996
0!
0"
#122544004
1"
#122547556
1!
#122553596
0!
0"
#122553604
1"
#122557156
1!
#122563196
0!
0"
#122563204
1"
#122566756
1!
#122572796
0!
0"
#122572804
1"
#122576356
1!
#122582396
0!
0"
#122582404
1"
#122585956
1!
#122591996
0!
0"
#122592004
1"
#122595556
1!
#122601596
0!
0"
#122601604
1"
#122605156
1!
#122611196
0!
0"
#122611204
1"
#122614756
1!
#122620796
0!
0"
#122620804
1"
#122623996
b110110101 $
#122624300
1!
#122630396
0!
0"
#122630404
1"
#122633900
1!
#122639996
0!
0"
#122640004
1"
#122643500
1!
#122649596
0!
0"
#122649604
1"
#122653100
1!
#122659196
0!
0"
#122659204
1"
#122662700
1!
#122668796
0!
0"
#122668804
1"
#122672300
1!
#122678396
0!
0"
#122678404
1"
#122681900
1!
#122687996
0!
0"
#122688004
1"
#122691500
1!
#122697596
0!
0"
#122697604
1"
#122701100
1!
#122707196
0!
0"
#122707204
1"
#122710700
1!
#122716796
0!
0"
#122716804
1"
#122719996
b110101110 $
#122720244
1!
#122726396
0!
0"
#122726404
1"
#122729844
1!
#122735996
0!
0"
#122736004
1"
#122739444
1!
#122745596
0!
0"
#122745604
1"
#122749044
1!
#122755196
0!
0"
#122755204
1"
#122758644
1!
#122764796
0!
0"
#122764804
1"
#122768244
1!
#122774396
0!
0"
#122774404
1"
#122777844
1!
#122783996
0!
0"
#122784004
1"
#122787444
1!
#122793596
0!
0"
#122793604
1"
#122797044
1!
#122803196
0!
0"
#122803204
1"
#122806644
1!
#122812796
0!
0"
#122812804
1"
#122815996
b110100111 $
#122816188
1!
#122822396
0!
0"
#122822404
1"
#122825788
1!
#122831996
0!
0"
#122832004
1"
#122835388
1!
#122841596
0!
0"
#122841604
1"
#122844988
1!
#122851196
0!
0"
#122851204
1"
#122854588
1!
#122860796
0!
0"
#122860804
1"
#122864188
1!
#122870396
0!
0"
#122870404
1"
#122873788
1!
#122879996
0!
0"
#122880004
1"
#122883388
1!
#122889596
0!
0"
#122889604
1"
#122892988
1!
#122899196
0!
0"
#122899204
1"
#122902588
1!
#122908796
0!
0"
#122908804
1"
#122911996
b110100000 $
#122912132
1!
#122918396
0!
0"
#122918404
1"
#122921732
1!
#122927996
0!
0"
#122928004
1"
#122931332
1!
#122937596
0!
0"
#122937604
1"
#122940932
1!
#122947196
0!
0"
#122947204
1"
#122950532
1!
#122956796
0!
0"
#122956804
1"
#122960132
1!
#122966396
0!
0"
#122966404
1"
#122969732
1!
#122975996
0!
0"
#122976004
1"
#122979332
1!
#122985596
0!
0"
#122985604
1"
#122988932
1!
#122995196
0!
0"
#122995204
1"
#122998532
1!
#123004796
0!
0"
#123004804
1"
#123007996
b110011001 $
#123008076
1!
#123014396
0!
0"
#123014404
1"
#123017676
1!
#123023996
0!
0"
#123024004
1"
#123027276
1!
#123033596
0!
0"
#123033604
1"
#123036876
1!
#123043196
0!
0"
#123043204
1"
#123046476
1!
#123052796
0!
0"
#123052804
1"
#123056076
1!
#123062396
0!
0"
#123062404
1"
#123065676
1!
#123071996
0!
0"
#123072004
1"
#123075276
1!
#123081596
0!
0"
#123081604
1"
#123084876
1!
#123091196
0!
0"
#123091204
1"
#123094476
1!
#123100796
0!
0"
#123100804
1"
#123103996
b110010010 $
#123104020
1!
#123110396
0!
0"
#123110404
1"
#123113620
1!
#123119996
0!
0"
#123120004
1"
#123123220
1!
#123129596
0!
0"
#123129604
1"
#123132820
1!
#123139196
0!
0"
#123139204
1"
#123142420
1!
#123148796
0!
0"
#123148804
1"
#123152020
1!
#123158396
0!
0"
#123158404
1"
#123161620
1!
#123167996
0!
0"
#123168004
1"
#123171220
1!
#123177596
0!
0"
#123177604
1"
#123180820
1!
#123187196
0!
0"
#123187204
1"
#123190420
1!
#123196796
0!
0"
#123196804
1"
#123199996
1!
b110001011 $
#123206396
0!
0"
#123206404
1"
#123209564
1!
#123215996
0!
0"
#123216004
1"
#123219164
1!
#123225596
0!
0"
#123225604
1"
#123228764
1!
#123235196
0!
0"
#123235204
1"
#123238364
1!
#123244796
0!
0"
#123244804
1"
#123247964
1!
#123254396
0!
0"
#123254404
1"
#123257564
1!
#123263996
0!
0"
#123264004
1"
#123267164
1!
#123273596
0!
0"
#123273604
1"
#123276764
1!
#123283196
0!
0"
#123283204
1"
#123286364
1!
#123292796
0!
0"
#123292804
1"
#123295964
1!
#123295996
b110000100 $
#123302396
0!
0"
#123302404
1"
#123305508
1!
#123311996
0!
0"
#123312004
1"
#123315108
1!
#123321596
0!
0"
#123321604
1"
#123324708
1!
#123331196
0!
0"
#123331204
1"
#123334308
1!
#123340796
0!
0"
#123340804
1"
#123343908
1!
#123350396
0!
0"
#123350404
1"
#123353508
1!
#123359996
0!
0"
#123360004
1"
#123363108
1!
#123369596
0!
0"
#123369604
1"
#123372708
1!
#123379196
0!
0"
#123379204
1"
#123382308
1!
#123388796
0!
0"
#123388804
1"
#123391908
1!
#123391996
b101111101 $
#123398396
0!
0"
#123398404
1"
#123401452
1!
#123407996
0!
0"
#123408004
1"
#123411052
1!
#123417596
0!
0"
#123417604
1"
#123420652
1!
#123427196
0!
0"
#123427204
1"
#123430252
1!
#123436796
0!
0"
#123436804
1"
#123439852
1!
#123446396
0!
0"
#123446404
1"
#123449452
1!
#123455996
0!
0"
#123456004
1"
#123459052
1!
#123465596
0!
0"
#123465604
1"
#123468652
1!
#123475196
0!
0"
#123475204
1"
#123478252
1!
#123484796
0!
0"
#123484804
1"
#123487852
1!
#123487996
b101110110 $
#123494396
0!
0"
#123494404
1"
#123497396
1!
#123503996
0!
0"
#123504004
1"
#123506996
1!
#123513596
0!
0"
#123513604
1"
#123516596
1!
#123523196
0!
0"
#123523204
1"
#123526196
1!
#123532796
0!
0"
#123532804
1"
#123535796
1!
#123542396
0!
0"
#123542404
1"
#123545396
1!
#123551996
0!
0"
#123552004
1"
#123554996
1!
#123561596
0!
0"
#123561604
1"
#123564596
1!
#123571196
0!
0"
#123571204
1"
#123574196
1!
#123580796
0!
0"
#123580804
1"
#123583796
1!
#123583996
b101101111 $
#123590396
0!
0"
#123590404
1"
#123593340
1!
#123599996
0!
0"
#123600004
1"
#123602940
1!
#123609596
0!
0"
#123609604
1"
#123612540
1!
#123619196
0!
0"
#123619204
1"
#123622140
1!
#123628796
0!
0"
#123628804
1"
#123631740
1!
#123638396
0!
0"
#123638404
1"
#123641340
1!
#123647996
0!
0"
#123648004
1"
#123650940
1!
#123657596
0!
0"
#123657604
1"
#123660540
1!
#123667196
0!
0"
#123667204
1"
#123670140
1!
#123676796
0!
0"
#123676804
1"
#123679740
1!
#123679996
b101101000 $
#123686396
0!
0"
#123686404
1"
#123689284
1!
#123695996
0!
0"
#123696004
1"
#123698884
1!
#123705596
0!
0"
#123705604
1"
#123708484
1!
#123715196
0!
0"
#123715204
1"
#123718084
1!
#123724796
0!
0"
#123724804
1"
#123727684
1!
#123734396
0!
0"
#123734404
1"
#123737284
1!
#123743996
0!
0"
#123744004
1"
#123746884
1!
#123753596
0!
0"
#123753604
1"
#123756484
1!
#123763196
0!
0"
#123763204
1"
#123766084
1!
#123772796
0!
0"
#123772804
1"
#123775684
1!
#123775996
b101100001 $
#123782396
0!
0"
#123782404
1"
#123785228
1!
#123791996
0!
0"
#123792004
1"
#123794828
1!
#123801596
0!
0"
#123801604
1"
#123804428
1!
#123811196
0!
0"
#123811204
1"
#123814028
1!
#123820796
0!
0"
#123820804
1"
#123823628
1!
#123830396
0!
0"
#123830404
1"
#123833228
1!
#123839996
0!
0"
#123840004
1"
#123842828
1!
#123849596
0!
0"
#123849604
1"
#123852428
1!
#123859196
0!
0"
#123859204
1"
#123862028
1!
#123868796
0!
0"
#123868804
1"
#123871628
1!
#123871996
b101011010 $
#123878396
0!
0"
#123878404
1"
#123881172
1!
#123887996
0!
0"
#123888004
1"
#123890772
1!
#123897596
0!
0"
#123897604
1"
#123900372
1!
#123907196
0!
0"
#123907204
1"
#123909972
1!
#123916796
0!
0"
#123916804
1"
#123919572
1!
#123926396
0!
0"
#123926404
1"
#123929172
1!
#123935996
0!
0"
#123936004
1"
#123938772
1!
#123945596
0!
0"
#123945604
1"
#123948372
1!
#123955196
0!
0"
#123955204
1"
#123957972
1!
#123964796
0!
0"
#123964804
1"
#123967572
1!
#123967996
b101010011 $
#123974396
0!
0"
#123974404
1"
#123977116
1!
#123983996
0!
0"
#123984004
1"
#123986716
1!
#123993596
0!
0"
#123993604
1"
#123996316
1!
#124003196
0!
0"
#124003204
1"
#124005916
1!
#124012796
0!
0"
#124012804
1"
#124015516
1!
#124022396
0!
0"
#124022404
1"
#124025116
1!
#124031996
0!
0"
#124032004
1"
#124034716
1!
#124041596
0!
0"
#124041604
1"
#124044316
1!
#124051196
0!
0"
#124051204
1"
#124053916
1!
#124060796
0!
0"
#124060804
1"
#124063516
1!
#124063996
b101001100 $
#124070396
0!
0"
#124070404
1"
#124073060
1!
#124079996
0!
0"
#124080004
1"
#124082660
1!
#124089596
0!
0"
#124089604
1"
#124092260
1!
#124099196
0!
0"
#124099204
1"
#124101860
1!
#124108796
0!
0"
#124108804
1"
#124111460
1!
#124118396
0!
0"
#124118404
1"
#124121060
1!
#124127996
0!
0"
#124128004
1"
#124130660
1!
#124137596
0!
0"
#124137604
1"
#124140260
1!
#124147196
0!
0"
#124147204
1"
#124149860
1!
#124156796
0!
0"
#124156804
1"
#124159460
1!
#124159996
b101000101 $
#124166396
0!
0"
#124166404
1"
#124169004
1!
#124175996
0!
0"
#124176004
1"
#124178604
1!
#124185596
0!
0"
#124185604
1"
#124188204
1!
#124195196
0!
0"
#124195204
1"
#124197804
1!
#124204796
0!
0"
#124204804
1"
#124207404
1!
#124214396
0!
0"
#124214404
1"
#124217004
1!
#124223996
0!
0"
#124224004
1"
#124226604
1!
#124233596
0!
0"
#124233604
1"
#124236204
1!
#124243196
0!
0"
#124243204
1"
#124245804
1!
#124252796
0!
0"
#124252804
1"
#124255404
1!
#124255996
b100111110 $
#124262396
0!
0"
#124262404
1"
#124264948
1!
#124271996
0!
0"
#124272004
1"
#124274548
1!
#124281596
0!
0"
#124281604
1"
#124284148
1!
#124291196
0!
0"
#124291204
1"
#124293748
1!
#124300796
0!
0"
#124300804
1"
#124303348
1!
#124310396
0!
0"
#124310404
1"
#124312948
1!
#124319996
0!
0"
#124320004
1"
#124322548
1!
#124329596
0!
0"
#124329604
1"
#124332148
1!
#124339196
0!
0"
#124339204
1"
#124341748
1!
#124348796
0!
0"
#124348804
1"
#124351348
1!
#124351996
b100110111 $
#124358396
0!
0"
#124358404
1"
#124360892
1!
#124367996
0!
0"
#124368004
1"
#124370492
1!
#124377596
0!
0"
#124377604
1"
#124380092
1!
#124387196
0!
0"
#124387204
1"
#124389692
1!
#124396796
0!
0"
#124396804
1"
#124399292
1!
#124406396
0!
0"
#124406404
1"
#124408892
1!
#124415996
0!
0"
#124416004
1"
#124418492
1!
#124425596
0!
0"
#124425604
1"
#124428092
1!
#124435196
0!
0"
#124435204
1"
#124437692
1!
#124444796
0!
0"
#124444804
1"
#124447292
1!
#124447996
b100110000 $
#124454396
0!
0"
#124454404
1"
#124456836
1!
#124463996
0!
0"
#124464004
1"
#124466436
1!
#124473596
0!
0"
#124473604
1"
#124476036
1!
#124483196
0!
0"
#124483204
1"
#124485636
1!
#124492796
0!
0"
#124492804
1"
#124495236
1!
#124502396
0!
0"
#124502404
1"
#124504836
1!
#124511996
0!
0"
#124512004
1"
#124514436
1!
#124521596
0!
0"
#124521604
1"
#124524036
1!
#124531196
0!
0"
#124531204
1"
#124533636
1!
#124540796
0!
0"
#124540804
1"
#124543236
1!
#124543996
b100101001 $
#124550396
0!
0"
#124550404
1"
#124552780
1!
#124559996
0!
0"
#124560004
1"
#124562380
1!
#124569596
0!
0"
#124569604
1"
#124571980
1!
#124579196
0!
0"
#124579204
1"
#124581580
1!
#124588796
0!
0"
#124588804
1"
#124591180
1!
#124598396
0!
0"
#124598404
1"
#124600780
1!
#124607996
0!
0"
#124608004
1"
#124610380
1!
#124617596
0!
0"
#124617604
1"
#124619980
1!
#124627196
0!
0"
#124627204
1"
#124629580
1!
#124636796
0!
0"
#124636804
1"
#124639180
1!
#124639996
b100100010 $
#124646396
0!
0"
#124646404
1"
#124648724
1!
#124655996
0!
0"
#124656004
1"
#124658324
1!
#124665596
0!
0"
#124665604
1"
#124667924
1!
#124675196
0!
0"
#124675204
1"
#124677524
1!
#124684796
0!
0"
#124684804
1"
#124687124
1!
#124694396
0!
0"
#124694404
1"
#124696724
1!
#124703996
0!
0"
#124704004
1"
#124706324
1!
#124713596
0!
0"
#124713604
1"
#124715924
1!
#124723196
0!
0"
#124723204
1"
#124725524
1!
#124732796
0!
0"
#124732804
1"
#124735124
1!
#124735996
b100011011 $
#124742396
0!
0"
#124742404
1"
#124744668
1!
#124751996
0!
0"
#124752004
1"
#124754268
1!
#124761596
0!
0"
#124761604
1"
#124763868
1!
#124771196
0!
0"
#124771204
1"
#124773468
1!
#124780796
0!
0"
#124780804
1"
#124783068
1!
#124790396
0!
0"
#124790404
1"
#124792668
1!
#124799996
0!
0"
#124800004
1"
#124802268
1!
#124809596
0!
0"
#124809604
1"
#124811868
1!
#124819196
0!
0"
#124819204
1"
#124821468
1!
#124828796
0!
0"
#124828804
1"
#124831068
1!
#124831996
b100010100 $
#124838396
0!
0"
#124838404
1"
#124840612
1!
#124847996
0!
0"
#124848004
1"
#124850212
1!
#124857596
0!
0"
#124857604
1"
#124859812
1!
#124867196
0!
0"
#124867204
1"
#124869412
1!
#124876796
0!
0"
#124876804
1"
#124879012
1!
#124886396
0!
0"
#124886404
1"
#124888612
1!
#124895996
0!
0"
#124896004
1"
#124898212
1!
#124905596
0!
0"
#124905604
1"
#124907812
1!
#124915196
0!
0"
#124915204
1"
#124917412
1!
#124924796
0!
0"
#124924804
1"
#124927012
1!
#124927996
b100001101 $
#124934396
0!
0"
#124934404
1"
#124936556
1!
#124943996
0!
0"
#124944004
1"
#124946156
1!
#124953596
0!
0"
#124953604
1"
#124955756
1!
#124963196
0!
0"
#124963204
1"
#124965356
1!
#124972796
0!
0"
#124972804
1"
#124974956
1!
#124982396
0!
0"
#124982404
1"
#124984556
1!
#124991996
0!
0"
#124992004
1"
#124994156
1!
#125001596
0!
0"
#125001604
1"
#125003756
1!
#125011196
0!
0"
#125011204
1"
#125013356
1!
#125020796
0!
0"
#125020804
1"
#125022956
1!
#125023996
b100000110 $
#125030396
0!
0"
#125030404
1"
#125032500
1!
#125039996
0!
0"
#125040004
1"
#125042100
1!
#125049596
0!
0"
#125049604
1"
#125051700
1!
#125059196
0!
0"
#125059204
1"
#125061300
1!
#125068796
0!
0"
#125068804
1"
#125070900
1!
#125078396
0!
0"
#125078404
1"
#125080500
1!
#125087996
0!
0"
#125088004
1"
#125090100
1!
#125097596
0!
0"
#125097604
1"
#125099700
1!
#125107196
0!
0"
#125107204
1"
#125109300
1!
#125116796
0!
0"
#125116804
1"
#125118900
1!
#125119996
b11111111 $
#125126396
0!
0"
#125126404
1"
#125128444
1!
#125135996
0!
0"
#125136004
1"
#125138044
1!
#125145596
0!
0"
#125145604
1"
#125147644
1!
#125155196
0!
0"
#125155204
1"
#125157244
1!
#125164796
0!
0"
#125164804
1"
#125166844
1!
#125174396
0!
0"
#125174404
1"
#125176444
1!
#125183996
0!
0"
#125184004
1"
#125186044
1!
#125193596
0!
0"
#125193604
1"
#125195644
1!
#125203196
0!
0"
#125203204
1"
#125205244
1!
#125212796
0!
0"
#125212804
1"
#125214844
1!
#125215996
b11111000 $
#125222396
0!
0"
#125222404
1"
#125224388
1!
#125231996
0!
0"
#125232004
1"
#125233988
1!
#125241596
0!
0"
#125241604
1"
#125243588
1!
#125251196
0!
0"
#125251204
1"
#125253188
1!
#125260796
0!
0"
#125260804
1"
#125262788
1!
#125270396
0!
0"
#125270404
1"
#125272388
1!
#125279996
0!
0"
#125280004
1"
#125281988
1!
#125289596
0!
0"
#125289604
1"
#125291588
1!
#125299196
0!
0"
#125299204
1"
#125301188
1!
#125308796
0!
0"
#125308804
1"
#125310788
1!
#125311996
b11110001 $
#125318396
0!
0"
#125318404
1"
#125320332
1!
#125327996
0!
0"
#125328004
1"
#125329932
1!
#125337596
0!
0"
#125337604
1"
#125339532
1!
#125347196
0!
0"
#125347204
1"
#125349132
1!
#125356796
0!
0"
#125356804
1"
#125358732
1!
#125366396
0!
0"
#125366404
1"
#125368332
1!
#125375996
0!
0"
#125376004
1"
#125377932
1!
#125385596
0!
0"
#125385604
1"
#125387532
1!
#125395196
0!
0"
#125395204
1"
#125397132
1!
#125404796
0!
0"
#125404804
1"
#125406732
1!
#125407996
b11101010 $
#125414396
0!
0"
#125414404
1"
#125416276
1!
#125423996
0!
0"
#125424004
1"
#125425876
1!
#125433596
0!
0"
#125433604
1"
#125435476
1!
#125443196
0!
0"
#125443204
1"
#125445076
1!
#125452796
0!
0"
#125452804
1"
#125454676
1!
#125462396
0!
0"
#125462404
1"
#125464276
1!
#125471996
0!
0"
#125472004
1"
#125473876
1!
#125481596
0!
0"
#125481604
1"
#125483476
1!
#125491196
0!
0"
#125491204
1"
#125493076
1!
#125500796
0!
0"
#125500804
1"
#125502676
1!
#125503996
b11100011 $
#125510396
0!
0"
#125510404
1"
#125512220
1!
#125519996
0!
0"
#125520004
1"
#125521820
1!
#125529596
0!
0"
#125529604
1"
#125531420
1!
#125539196
0!
0"
#125539204
1"
#125541020
1!
#125548796
0!
0"
#125548804
1"
#125550620
1!
#125558396
0!
0"
#125558404
1"
#125560220
1!
#125567996
0!
0"
#125568004
1"
#125569820
1!
#125577596
0!
0"
#125577604
1"
#125579420
1!
#125587196
0!
0"
#125587204
1"
#125589020
1!
#125596796
0!
0"
#125596804
1"
#125598620
1!
#125599996
b11011100 $
#125606396
0!
0"
#125606404
1"
#125608164
1!
#125615996
0!
0"
#125616004
1"
#125617764
1!
#125625596
0!
0"
#125625604
1"
#125627364
1!
#125635196
0!
0"
#125635204
1"
#125636964
1!
#125644796
0!
0"
#125644804
1"
#125646564
1!
#125654396
0!
0"
#125654404
1"
#125656164
1!
#125663996
0!
0"
#125664004
1"
#125665764
1!
#125673596
0!
0"
#125673604
1"
#125675364
1!
#125683196
0!
0"
#125683204
1"
#125684964
1!
#125692796
0!
0"
#125692804
1"
#125694564
1!
#125695996
b11010101 $
#125702396
0!
0"
#125702404
1"
#125704108
1!
#125711996
0!
0"
#125712004
1"
#125713708
1!
#125721596
0!
0"
#125721604
1"
#125723308
1!
#125731196
0!
0"
#125731204
1"
#125732908
1!
#125740796
0!
0"
#125740804
1"
#125742508
1!
#125750396
0!
0"
#125750404
1"
#125752108
1!
#125759996
0!
0"
#125760004
1"
#125761708
1!
#125769596
0!
0"
#125769604
1"
#125771308
1!
#125779196
0!
0"
#125779204
1"
#125780908
1!
#125788796
0!
0"
#125788804
1"
#125790508
1!
#125791996
b11001110 $
#125798396
0!
0"
#125798404
1"
#125800052
1!
#125807996
0!
0"
#125808004
1"
#125809652
1!
#125817596
0!
0"
#125817604
1"
#125819252
1!
#125827196
0!
0"
#125827204
1"
#125828852
1!
#125836796
0!
0"
#125836804
1"
#125838452
1!
#125846396
0!
0"
#125846404
1"
#125848052
1!
#125855996
0!
0"
#125856004
1"
#125857652
1!
#125865596
0!
0"
#125865604
1"
#125867252
1!
#125875196
0!
0"
#125875204
1"
#125876852
1!
#125884796
0!
0"
#125884804
1"
#125886452
1!
#125887996
b11000111 $
#125894396
0!
0"
#125894404
1"
#125895996
1!
#125903996
0!
0"
#125904004
1"
#125905596
1!
#125913596
0!
0"
#125913604
1"
#125915196
1!
#125923196
0!
0"
#125923204
1"
#125924796
1!
#125932796
0!
0"
#125932804
1"
#125934396
1!
#125942396
0!
0"
#125942404
1"
#125943996
1!
#125951996
0!
0"
#125952004
1"
#125953596
1!
#125961596
0!
0"
#125961604
1"
#125963196
1!
#125971196
0!
0"
#125971204
1"
#125972796
1!
#125980796
0!
0"
#125980804
1"
#125982396
1!
#125983996
b11000000 $
#125990396
0!
0"
#125990404
1"
#125991940
1!
#125999996
0!
0"
#126000004
1"
#126001540
1!
#126009596
0!
0"
#126009604
1"
#126011140
1!
#126019196
0!
0"
#126019204
1"
#126020740
1!
#126028796
0!
0"
#126028804
1"
#126030340
1!
#126038396
0!
0"
#126038404
1"
#126039940
1!
#126047996
0!
0"
#126048004
1"
#126049540
1!
#126057596
0!
0"
#126057604
1"
#126059140
1!
#126067196
0!
0"
#126067204
1"
#126068740
1!
#126076796
0!
0"
#126076804
1"
#126078340
1!
#126079996
b10111001 $
#126086396
0!
0"
#126086404
1"
#126087884
1!
#126095996
0!
0"
#126096004
1"
#126097484
1!
#126105596
0!
0"
#126105604
1"
#126107084
1!
#126115196
0!
0"
#126115204
1"
#126116684
1!
#126124796
0!
0"
#126124804
1"
#126126284
1!
#126134396
0!
0"
#126134404
1"
#126135884
1!
#126143996
0!
0"
#126144004
1"
#126145484
1!
#126153596
0!
0"
#126153604
1"
#126155084
1!
#126163196
0!
0"
#126163204
1"
#126164684
1!
#126172796
0!
0"
#126172804
1"
#126174284
1!
#126175996
b10110010 $
#126182396
0!
0"
#126182404
1"
#126183828
1!
#126191996
0!
0"
#126192004
1"
#126193428
1!
#126201596
0!
0"
#126201604
1"
#126203028
1!
#126211196
0!
0"
#126211204
1"
#126212628
1!
#126220796
0!
0"
#126220804
1"
#126222228
1!
#126230396
0!
0"
#126230404
1"
#126231828
1!
#126239996
0!
0"
#126240004
1"
#126241428
1!
#126249596
0!
0"
#126249604
1"
#126251028
1!
#126259196
0!
0"
#126259204
1"
#126260628
1!
#126268796
0!
0"
#126268804
1"
#126270228
1!
#126271996
b10101011 $
#126278396
0!
0"
#126278404
1"
#126279772
1!
#126287996
0!
0"
#126288004
1"
#126289372
1!
#126297596
0!
0"
#126297604
1"
#126298972
1!
#126307196
0!
0"
#126307204
1"
#126308572
1!
#126316796
0!
0"
#126316804
1"
#126318172
1!
#126326396
0!
0"
#126326404
1"
#126327772
1!
#126335996
0!
0"
#126336004
1"
#126337372
1!
#126345596
0!
0"
#126345604
1"
#126346972
1!
#126355196
0!
0"
#126355204
1"
#126356572
1!
#126364796
0!
0"
#126364804
1"
#126366172
1!
#126367996
b10100100 $
#126374396
0!
0"
#126374404
1"
#126375716
1!
#126383996
0!
0"
#126384004
1"
#126385316
1!
#126393596
0!
0"
#126393604
1"
#126394916
1!
#126403196
0!
0"
#126403204
1"
#126404516
1!
#126412796
0!
0"
#126412804
1"
#126414116
1!
#126422396
0!
0"
#126422404
1"
#126423716
1!
#126431996
0!
0"
#126432004
1"
#126433316
1!
#126441596
0!
0"
#126441604
1"
#126442916
1!
#126451196
0!
0"
#126451204
1"
#126452516
1!
#126460796
0!
0"
#126460804
1"
#126462116
1!
#126463996
b10011101 $
#126470396
0!
0"
#126470404
1"
#126471660
1!
#126479996
0!
0"
#126480004
1"
#126481260
1!
#126489596
0!
0"
#126489604
1"
#126490860
1!
#126499196
0!
0"
#126499204
1"
#126500460
1!
#126508796
0!
0"
#126508804
1"
#126510060
1!
#126518396
0!
0"
#126518404
1"
#126519660
1!
#126527996
0!
0"
#126528004
1"
#126529260
1!
#126537596
0!
0"
#126537604
1"
#126538860
1!
#126547196
0!
0"
#126547204
1"
#126548460
1!
#126556796
0!
0"
#126556804
1"
#126558060
1!
#126559996
b10010110 $
#126566396
0!
0"
#126566404
1"
#126567604
1!
#126575996
0!
0"
#126576004
1"
#126577204
1!
#126585596
0!
0"
#126585604
1"
#126586804
1!
#126595196
0!
0"
#126595204
1"
#126596404
1!
#126604796
0!
0"
#126604804
1"
#126606004
1!
#126614396
0!
0"
#126614404
1"
#126615604
1!
#126623996
0!
0"
#126624004
1"
#126625204
1!
#126633596
0!
0"
#126633604
1"
#126634804
1!
#126643196
0!
0"
#126643204
1"
#126644404
1!
#126652796
0!
0"
#126652804
1"
#126654004
1!
#126655996
b10001111 $
#126662396
0!
0"
#126662404
1"
#126663548
1!
#126671996
0!
0"
#126672004
1"
#126673148
1!
#126681596
0!
0"
#126681604
1"
#126682748
1!
#126691196
0!
0"
#126691204
1"
#126692348
1!
#126700796
0!
0"
#126700804
1"
#126701948
1!
#126710396
0!
0"
#126710404
1"
#126711548
1!
#126719996
0!
0"
#126720004
1"
#126721148
1!
#126729596
0!
0"
#126729604
1"
#126730748
1!
#126739196
0!
0"
#126739204
1"
#126740348
1!
#126748796
0!
0"
#126748804
1"
#126749948
1!
#126751996
b10001000 $
#126758396
0!
0"
#126758404
1"
#126759492
1!
#126767996
0!
0"
#126768004
1"
#126769092
1!
#126777596
0!
0"
#126777604
1"
#126778692
1!
#126787196
0!
0"
#126787204
1"
#126788292
1!
#126796796
0!
0"
#126796804
1"
#126797892
1!
#126806396
0!
0"
#126806404
1"
#126807492
1!
#126815996
0!
0"
#126816004
1"
#126817092
1!
#126825596
0!
0"
#126825604
1"
#126826692
1!
#126835196
0!
0"
#126835204
1"
#126836292
1!
#126844796
0!
0"
#126844804
1"
#126845892
1!
#126847996
b10000001 $
#126854396
0!
0"
#126854404
1"
#126855436
1!
#126863996
0!
0"
#126864004
1"
#126865036
1!
#126873596
0!
0"
#126873604
1"
#126874636
1!
#126883196
0!
0"
#126883204
1"
#126884236
1!
#126892796
0!
0"
#126892804
1"
#126893836
1!
#126902396
0!
0"
#126902404
1"
#126903436
1!
#126911996
0!
0"
#126912004
1"
#126913036
1!
#126921596
0!
0"
#126921604
1"
#126922636
1!
#126931196
0!
0"
#126931204
1"
#126932236
1!
#126940796
0!
0"
#126940804
1"
#126941836
1!
#126943996
b1111010 $
#126950396
0!
0"
#126950404
1"
#126951380
1!
#126959996
0!
0"
#126960004
1"
#126960980
1!
#126969596
0!
0"
#126969604
1"
#126970580
1!
#126979196
0!
0"
#126979204
1"
#126980180
1!
#126988796
0!
0"
#126988804
1"
#126989780
1!
#126998396
0!
0"
#126998404
1"
#126999380
1!
#127007996
0!
0"
#127008004
1"
#127008980
1!
#127017596
0!
0"
#127017604
1"
#127018580
1!
#127027196
0!
0"
#127027204
1"
#127028180
1!
#127036796
0!
0"
#127036804
1"
#127037780
1!
#127039996
b1110011 $
#127046396
0!
0"
#127046404
1"
#127047324
1!
#127055996
0!
0"
#127056004
1"
#127056924
1!
#127065596
0!
0"
#127065604
1"
#127066524
1!
#127075196
0!
0"
#127075204
1"
#127076124
1!
#127084796
0!
0"
#127084804
1"
#127085724
1!
#127094396
0!
0"
#127094404
1"
#127095324
1!
#127103996
0!
0"
#127104004
1"
#127104924
1!
#127113596
0!
0"
#127113604
1"
#127114524
1!
#127123196
0!
0"
#127123204
1"
#127124124
1!
#127132796
0!
0"
#127132804
1"
#127133724
1!
#127135996
b1101100 $
#127142396
0!
0"
#127142404
1"
#127143268
1!
#127151996
0!
0"
#127152004
1"
#127152868
1!
#127161596
0!
0"
#127161604
1"
#127162468
1!
#127171196
0!
0"
#127171204
1"
#127172068
1!
#127180796
0!
0"
#127180804
1"
#127181668
1!
#127190396
0!
0"
#127190404
1"
#127191268
1!
#127199996
0!
0"
#127200004
1"
#127200868
1!
#127209596
0!
0"
#127209604
1"
#127210468
1!
#127219196
0!
0"
#127219204
1"
#127220068
1!
#127228796
0!
0"
#127228804
1"
#127229668
1!
#127231996
b1100101 $
#127238396
0!
0"
#127238404
1"
#127239212
1!
#127247996
0!
0"
#127248004
1"
#127248812
1!
#127257596
0!
0"
#127257604
1"
#127258412
1!
#127267196
0!
0"
#127267204
1"
#127268012
1!
#127276796
0!
0"
#127276804
1"
#127277612
1!
#127286396
0!
0"
#127286404
1"
#127287212
1!
#127295996
0!
0"
#127296004
1"
#127296812
1!
#127305596
0!
0"
#127305604
1"
#127306412
1!
#127315196
0!
0"
#127315204
1"
#127316012
1!
#127324796
0!
0"
#127324804
1"
#127325612
1!
#127327996
b1011110 $
#127334396
0!
0"
#127334404
1"
#127335156
1!
#127343996
0!
0"
#127344004
1"
#127344756
1!
#127353596
0!
0"
#127353604
1"
#127354356
1!
#127363196
0!
0"
#127363204
1"
#127363956
1!
#127372796
0!
0"
#127372804
1"
#127373556
1!
#127382396
0!
0"
#127382404
1"
#127383156
1!
#127391996
0!
0"
#127392004
1"
#127392756
1!
#127401596
0!
0"
#127401604
1"
#127402356
1!
#127411196
0!
0"
#127411204
1"
#127411956
1!
#127420796
0!
0"
#127420804
1"
#127421556
1!
#127423996
b1010111 $
#127430396
0!
0"
#127430404
1"
#127431100
1!
#127439996
0!
0"
#127440004
1"
#127440700
1!
#127449596
0!
0"
#127449604
1"
#127450300
1!
#127459196
0!
0"
#127459204
1"
#127459900
1!
#127468796
0!
0"
#127468804
1"
#127469500
1!
#127478396
0!
0"
#127478404
1"
#127479100
1!
#127487996
0!
0"
#127488004
1"
#127488700
1!
#127497596
0!
0"
#127497604
1"
#127498300
1!
#127507196
0!
0"
#127507204
1"
#127507900
1!
#127516796
0!
0"
#127516804
1"
#127517500
1!
#127519996
b1010000 $
#127526396
0!
0"
#127526404
1"
#127527044
1!
#127535996
0!
0"
#127536004
1"
#127536644
1!
#127545596
0!
0"
#127545604
1"
#127546244
1!
#127555196
0!
0"
#127555204
1"
#127555844
1!
#127564796
0!
0"
#127564804
1"
#127565444
1!
#127574396
0!
0"
#127574404
1"
#127575044
1!
#127583996
0!
0"
#127584004
1"
#127584644
1!
#127593596
0!
0"
#127593604
1"
#127594244
1!
#127603196
0!
0"
#127603204
1"
#127603844
1!
#127612796
0!
0"
#127612804
1"
#127613444
1!
#127615996
b1001001 $
#127622396
0!
0"
#127622404
1"
#127622988
1!
#127631996
0!
0"
#127632004
1"
#127632588
1!
#127641596
0!
0"
#127641604
1"
#127642188
1!
#127651196
0!
0"
#127651204
1"
#127651788
1!
#127660796
0!
0"
#127660804
1"
#127661388
1!
#127670396
0!
0"
#127670404
1"
#127670988
1!
#127679996
0!
0"
#127680004
1"
#127680588
1!
#127689596
0!
0"
#127689604
1"
#127690188
1!
#127699196
0!
0"
#127699204
1"
#127699788
1!
#127708796
0!
0"
#127708804
1"
#127709388
1!
#127711996
b1000010 $
#127718396
0!
0"
#127718404
1"
#127718932
1!
#127727996
0!
0"
#127728004
1"
#127728532
1!
#127737596
0!
0"
#127737604
1"
#127738132
1!
#127747196
0!
0"
#127747204
1"
#127747732
1!
#127756796
0!
0"
#127756804
1"
#127757332
1!
#127766396
0!
0"
#127766404
1"
#127766932
1!
#127775996
0!
0"
#127776004
1"
#127776532
1!
#127785596
0!
0"
#127785604
1"
#127786132
1!
#127795196
0!
0"
#127795204
1"
#127795732
1!
#127804796
0!
0"
#127804804
1"
#127805332
1!
#127807996
b111011 $
#127814396
0!
0"
#127814404
1"
#127814876
1!
#127823996
0!
0"
#127824004
1"
#127824476
1!
#127833596
0!
0"
#127833604
1"
#127834076
1!
#127843196
0!
0"
#127843204
1"
#127843676
1!
#127852796
0!
0"
#127852804
1"
#127853276
1!
#127862396
0!
0"
#127862404
1"
#127862876
1!
#127871996
0!
0"
#127872004
1"
#127872476
1!
#127881596
0!
0"
#127881604
1"
#127882076
1!
#127891196
0!
0"
#127891204
1"
#127891676
1!
#127900796
0!
0"
#127900804
1"
#127901276
1!
#127903996
b110100 $
#127910396
0!
0"
#127910404
1"
#127910820
1!
#127919996
0!
0"
#127920004
1"
#127920420
1!
#127929596
0!
0"
#127929604
1"
#127930020
1!
#127939196
0!
0"
#127939204
1"
#127939620
1!
#127948796
0!
0"
#127948804
1"
#127949220
1!
#127958396
0!
0"
#127958404
1"
#127958820
1!
#127967996
0!
0"
#127968004
1"
#127968420
1!
#127977596
0!
0"
#127977604
1"
#127978020
1!
#127987196
0!
0"
#127987204
1"
#127987620
1!
#127996796
0!
0"
#127996804
1"
#127997220
1!
#127999996
b101101 $
#128006396
0!
0"
#128006404
1"
#128006764
1!
#128015996
0!
0"
#128016004
1"
#128016364
1!
#128025596
0!
0"
#128025604
1"
#128025964
1!
#128035196
0!
0"
#128035204
1"
#128035564
1!
#128044796
0!
0"
#128044804
1"
#128045164
1!
#128054396
0!
0"
#128054404
1"
#128054764
1!
#128063996
0!
0"
#128064004
1"
#128064364
1!
#128073596
0!
0"
#128073604
1"
#128073964
1!
#128083196
0!
0"
#128083204
1"
#128083564
1!
#128092796
0!
0"
#128092804
1"
#128093164
1!
#128095996
b100110 $
#128102396
0!
0"
#128102404
1"
#128102708
1!
#128111996
0!
0"
#128112004
1"
#128112308
1!
#128121596
0!
0"
#128121604
1"
#128121908
1!
#128131196
0!
0"
#128131204
1"
#128131508
1!
#128140796
0!
0"
#128140804
1"
#128141108
1!
#128150396
0!
0"
#128150404
1"
#128150708
1!
#128159996
0!
0"
#128160004
1"
#128160308
1!
#128169596
0!
0"
#128169604
1"
#128169908
1!
#128179196
0!
0"
#128179204
1"
#128179508
1!
#128188796
0!
0"
#128188804
1"
#128189108
1!
#128191996
b11111 $
#128198396
0!
0"
#128198404
1"
#128198652
1!
#128207996
0!
0"
#128208004
1"
#128208252
1!
#128217596
0!
0"
#128217604
1"
#128217852
1!
#128227196
0!
0"
#128227204
1"
#128227452
1!
#128236796
0!
0"
#128236804
1"
#128237052
1!
#128246396
0!
0"
#128246404
1"
#128246652
1!
#128255996
0!
0"
#128256004
1"
#128256252
1!
#128265596
0!
0"
#128265604
1"
#128265852
1!
#128275196
0!
0"
#128275204
1"
#128275452
1!
#128284796
0!
0"
#128284804
1"
#128285052
1!
#128287996
b0 $
#128294396
0!
0"
#128294404
1"
1!
#128303996
0!
0"
#128304004
1"
1!
#128313596
0!
0"
#128313604
1"
1!
#128323196
0!
0"
#128323204
1"
1!
#128332796
0!
0"
#128332804
1"
1!
#128342396
0!
0"
#128342404
1"
1!
#128351996
0!
0"
#128352004
b111 %
0"
1!
#128352060
1"
#128361596
0!
0"
#128361604
1!
#128361660
1"
#128371196
0!
0"
#128371204
1!
#128371260
1"
#128380796
0!
0"
#128380804
1!
#128380860
1"
#128390396
0!
0"
#128390404
1!
#128390460
1"
#128399996
0!
0"
#128400004
1!
#128400060
1"
#128409596
0!
0"
#128409604
1!
#128409660
1"
#128419196
0!
0"
#128419204
1!
#128419260
1"
#128428796
0!
0"
#128428804
1!
#128428860
1"
#128438396
0!
0"
#128438404
1!
#128438460
1"
#128447996
0!
0"
#128448004
b1110 %
1!
#128448116
1"
#128457596
0!
0"
#128457604
1!
#128457716
1"
#128467196
0!
0"
#128467204
1!
#128467316
1"
#128476796
0!
0"
#128476804
1!
#128476916
1"
#128486396
0!
0"
#128486404
1!
#128486516
1"
#128495996
0!
0"
#128496004
1!
#128496116
1"
#128505596
0!
0"
#128505604
1!
#128505716
1"
#128515196
0!
0"
#128515204
1!
#128515316
1"
#128524796
0!
0"
#128524804
1!
#128524916
1"
#128534396
0!
0"
#128534404
1!
#128534516
1"
#128543996
0!
0"
#128544004
b10101 %
1!
#128544172
1"
#128553596
0!
0"
#128553604
1!
#128553772
1"
#128563196
0!
0"
#128563204
1!
#128563372
1"
#128572796
0!
0"
#128572804
1!
#128572972
1"
#128582396
0!
0"
#128582404
1!
#128582572
1"
#128591996
0!
0"
#128592004
1!
#128592172
1"
#128601596
0!
0"
#128601604
1!
#128601772
1"
#128611196
0!
0"
#128611204
1!
#128611372
1"
#128620796
0!
0"
#128620804
1!
#128620972
1"
#128630396
0!
0"
#128630404
1!
#128630572
1"
#128639996
0!
0"
#128640004
b11100 %
1!
#128640228
1"
#128649596
0!
0"
#128649604
1!
#128649828
1"
#128659196
0!
0"
#128659204
1!
#128659428
1"
#128668796
0!
0"
#128668804
1!
#128669028
1"
#128678396
0!
0"
#128678404
1!
#128678628
1"
#128687996
0!
0"
#128688004
1!
#128688228
1"
#128697596
0!
0"
#128697604
1!
#128697828
1"
#128707196
0!
0"
#128707204
1!
#128707428
1"
#128716796
0!
0"
#128716804
1!
#128717028
1"
#128726396
0!
0"
#128726404
1!
#128726628
1"
#128735996
0!
0"
#128736004
b100011 %
1!
#128736284
1"
#128745596
0!
0"
#128745604
1!
#128745884
1"
#128755196
0!
0"
#128755204
1!
#128755484
1"
#128764796
0!
0"
#128764804
1!
#128765084
1"
#128774396
0!
0"
#128774404
1!
#128774684
1"
#128783996
0!
0"
#128784004
1!
#128784284
1"
#128793596
0!
0"
#128793604
1!
#128793884
1"
#128803196
0!
0"
#128803204
1!
#128803484
1"
#128812796
0!
0"
#128812804
1!
#128813084
1"
#128822396
0!
0"
#128822404
1!
#128822684
1"
#128831996
0!
0"
#128832004
b101010 %
1!
#128832340
1"
#128841596
0!
0"
#128841604
1!
#128841940
1"
#128851196
0!
0"
#128851204
1!
#128851540
1"
#128860796
0!
0"
#128860804
1!
#128861140
1"
#128870396
0!
0"
#128870404
1!
#128870740
1"
#128879996
0!
0"
#128880004
1!
#128880340
1"
#128889596
0!
0"
#128889604
1!
#128889940
1"
#128899196
0!
0"
#128899204
1!
#128899540
1"
#128908796
0!
0"
#128908804
1!
#128909140
1"
#128918396
0!
0"
#128918404
1!
#128918740
1"
#128927996
0!
0"
#128928004
b110001 %
1!
#128928396
1"
#128937596
0!
0"
#128937604
1!
#128937996
1"
#128947196
0!
0"
#128947204
1!
#128947596
1"
#128956796
0!
0"
#128956804
1!
#128957196
1"
#128966396
0!
0"
#128966404
1!
#128966796
1"
#128975996
0!
0"
#128976004
1!
#128976396
1"
#128985596
0!
0"
#128985604
1!
#128985996
1"
#128995196
0!
0"
#128995204
1!
#128995596
1"
#129004796
0!
0"
#129004804
1!
#129005196
1"
#129014396
0!
0"
#129014404
1!
#129014796
1"
#129023996
0!
0"
#129024004
b111000 %
1!
#129024452
1"
#129033596
0!
0"
#129033604
1!
#129034052
1"
#129043196
0!
0"
#129043204
1!
#129043652
1"
#129052796
0!
0"
#129052804
1!
#129053252
1"
#129062396
0!
0"
#129062404
1!
#129062852
1"
#129071996
0!
0"
#129072004
1!
#129072452
1"
#129081596
0!
0"
#129081604
1!
#129082052
1"
#129091196
0!
0"
#129091204
1!
#129091652
1"
#129100796
0!
0"
#129100804
1!
#129101252
1"
#129110396
0!
0"
#129110404
1!
#129110852
1"
#129119996
0!
0"
#129120004
b111111 %
1!
#129120508
1"
#129129596
0!
0"
#129129604
1!
#129130108
1"
#129139196
0!
0"
#129139204
1!
#129139708
1"
#129148796
0!
0"
#129148804
1!
#129149308
1"
#129158396
0!
0"
#129158404
1!
#129158908
1"
#129167996
0!
0"
#129168004
1!
#129168508
1"
#129177596
0!
0"
#129177604
1!
#129178108
1"
#129187196
0!
0"
#129187204
1!
#129187708
1"
#129196796
0!
0"
#129196804
1!
#129197308
1"
#129206396
0!
0"
#129206404
1!
#129206908
1"
#129215996
0!
0"
#129216004
b1000110 %
1!
#129216564
1"
#129225596
0!
0"
#129225604
1!
#129226164
1"
#129235196
0!
0"
#129235204
1!
#129235764
1"
#129244796
0!
0"
#129244804
1!
#129245364
1"
#129254396
0!
0"
#129254404
1!
#129254964
1"
#129263996
0!
0"
#129264004
1!
#129264564
1"
#129273596
0!
0"
#129273604
1!
#129274164
1"
#129283196
0!
0"
#129283204
1!
#129283764
1"
#129292796
0!
0"
#129292804
1!
#129293364
1"
#129302396
0!
0"
#129302404
1!
#129302964
1"
#129311996
0!
0"
#129312004
b1001101 %
1!
#129312620
1"
#129321596
0!
0"
#129321604
1!
#129322220
1"
#129331196
0!
0"
#129331204
1!
#129331820
1"
#129340796
0!
0"
#129340804
1!
#129341420
1"
#129350396
0!
0"
#129350404
1!
#129351020
1"
#129359996
0!
0"
#129360004
1!
#129360620
1"
#129369596
0!
0"
#129369604
1!
#129370220
1"
#129379196
0!
0"
#129379204
1!
#129379820
1"
#129388796
0!
0"
#129388804
1!
#129389420
1"
#129398396
0!
0"
#129398404
1!
#129399020
1"
#129407996
0!
0"
#129408004
b1010100 %
1!
#129408676
1"
#129417596
0!
0"
#129417604
1!
#129418276
1"
#129427196
0!
0"
#129427204
1!
#129427876
1"
#129436796
0!
0"
#129436804
1!
#129437476
1"
#129446396
0!
0"
#129446404
1!
#129447076
1"
#129455996
0!
0"
#129456004
1!
#129456676
1"
#129465596
0!
0"
#129465604
1!
#129466276
1"
#129475196
0!
0"
#129475204
1!
#129475876
1"
#129484796
0!
0"
#129484804
1!
#129485476
1"
#129494396
0!
0"
#129494404
1!
#129495076
1"
#129503996
0!
0"
#129504004
b1011011 %
1!
#129504732
1"
#129513596
0!
0"
#129513604
1!
#129514332
1"
#129523196
0!
0"
#129523204
1!
#129523932
1"
#129532796
0!
0"
#129532804
1!
#129533532
1"
#129542396
0!
0"
#129542404
1!
#129543132
1"
#129551996
0!
0"
#129552004
1!
#129552732
1"
#129561596
0!
0"
#129561604
1!
#129562332
1"
#129571196
0!
0"
#129571204
1!
#129571932
1"
#129580796
0!
0"
#129580804
1!
#129581532
1"
#129590396
0!
0"
#129590404
1!
#129591132
1"
#129599996
0!
0"
#129600004
b1100010 %
1!
#129600788
1"
#129609596
0!
0"
#129609604
1!
#129610388
1"
#129619196
0!
0"
#129619204
1!
#129619988
1"
#129628796
0!
0"
#129628804
1!
#129629588
1"
#129638396
0!
0"
#129638404
1!
#129639188
1"
#129647996
0!
0"
#129648004
1!
#129648788
1"
#129657596
0!
0"
#129657604
1!
#129658388
1"
#129667196
0!
0"
#129667204
1!
#129667988
1"
#129676796
0!
0"
#129676804
1!
#129677588
1"
#129686396
0!
0"
#129686404
1!
#129687188
1"
#129695996
0!
0"
#129696004
b1101001 %
1!
#129696844
1"
#129705596
0!
0"
#129705604
1!
#129706444
1"
#129715196
0!
0"
#129715204
1!
#129716044
1"
#129724796
0!
0"
#129724804
1!
#129725644
1"
#129734396
0!
0"
#129734404
1!
#129735244
1"
#129743996
0!
0"
#129744004
1!
#129744844
1"
#129753596
0!
0"
#129753604
1!
#129754444
1"
#129763196
0!
0"
#129763204
1!
#129764044
1"
#129772796
0!
0"
#129772804
1!
#129773644
1"
#129782396
0!
0"
#129782404
1!
#129783244
1"
#129791996
0!
0"
#129792004
b1110000 %
1!
#129792900
1"
#129801596
0!
0"
#129801604
1!
#129802500
1"
#129811196
0!
0"
#129811204
1!
#129812100
1"
#129820796
0!
0"
#129820804
1!
#129821700
1"
#129830396
0!
0"
#129830404
1!
#129831300
1"
#129839996
0!
0"
#129840004
1!
#129840900
1"
#129849596
0!
0"
#129849604
1!
#129850500
1"
#129859196
0!
0"
#129859204
1!
#129860100
1"
#129868796
0!
0"
#129868804
1!
#129869700
1"
#129878396
0!
0"
#129878404
1!
#129879300
1"
#129887996
0!
0"
#129888004
b1110111 %
1!
#129888956
1"
#129897596
0!
0"
#129897604
1!
#129898556
1"
#129907196
0!
0"
#129907204
1!
#129908156
1"
#129916796
0!
0"
#129916804
1!
#129917756
1"
#129926396
0!
0"
#129926404
1!
#129927356
1"
#129935996
0!
0"
#129936004
1!
#129936956
1"
#129945596
0!
0"
#129945604
1!
#129946556
1"
#129955196
0!
0"
#129955204
1!
#129956156
1"
#129964796
0!
0"
#129964804
1!
#129965756
1"
#129974396
0!
0"
#129974404
1!
#129975356
1"
#129983996
0!
0"
#129984004
b1111110 %
1!
#129985012
1"
#129993596
0!
0"
#129993604
1!
#129994612
1"
#130003196
0!
0"
#130003204
1!
#130004212
1"
#130012796
0!
0"
#130012804
1!
#130013812
1"
#130022396
0!
0"
#130022404
1!
#130023412
1"
#130031996
0!
0"
#130032004
1!
#130033012
1"
#130041596
0!
0"
#130041604
1!
#130042612
1"
#130051196
0!
0"
#130051204
1!
#130052212
1"
#130060796
0!
0"
#130060804
1!
#130061812
1"
#130070396
0!
0"
#130070404
1!
#130071412
1"
#130079996
0!
0"
#130080004
b10000101 %
1!
#130081068
1"
#130089596
0!
0"
#130089604
1!
#130090668
1"
#130099196
0!
0"
#130099204
1!
#130100268
1"
#130108796
0!
0"
#130108804
1!
#130109868
1"
#130118396
0!
0"
#130118404
1!
#130119468
1"
#130127996
0!
0"
#130128004
1!
#130129068
1"
#130137596
0!
0"
#130137604
1!
#130138668
1"
#130147196
0!
0"
#130147204
1!
#130148268
1"
#130156796
0!
0"
#130156804
1!
#130157868
1"
#130166396
0!
0"
#130166404
1!
#130167468
1"
#130175996
0!
0"
#130176004
b10001100 %
1!
#130177124
1"
#130185596
0!
0"
#130185604
1!
#130186724
1"
#130195196
0!
0"
#130195204
1!
#130196324
1"
#130204796
0!
0"
#130204804
1!
#130205924
1"
#130214396
0!
0"
#130214404
1!
#130215524
1"
#130223996
0!
0"
#130224004
1!
#130225124
1"
#130233596
0!
0"
#130233604
1!
#130234724
1"
#130243196
0!
0"
#130243204
1!
#130244324
1"
#130252796
0!
0"
#130252804
1!
#130253924
1"
#130262396
0!
0"
#130262404
1!
#130263524
1"
#130271996
0!
0"
#130272004
b10010011 %
1!
#130273180
1"
#130281596
0!
0"
#130281604
1!
#130282780
1"
#130291196
0!
0"
#130291204
1!
#130292380
1"
#130300796
0!
0"
#130300804
1!
#130301980
1"
#130310396
0!
0"
#130310404
1!
#130311580
1"
#130319996
0!
0"
#130320004
1!
#130321180
1"
#130329596
0!
0"
#130329604
1!
#130330780
1"
#130339196
0!
0"
#130339204
1!
#130340380
1"
#130348796
0!
0"
#130348804
1!
#130349980
1"
#130358396
0!
0"
#130358404
1!
#130359580
1"
#130367996
0!
0"
#130368004
b10011010 %
1!
#130369236
1"
#130377596
0!
0"
#130377604
1!
#130378836
1"
#130387196
0!
0"
#130387204
1!
#130388436
1"
#130396796
0!
0"
#130396804
1!
#130398036
1"
#130406396
0!
0"
#130406404
1!
#130407636
1"
#130415996
0!
0"
#130416004
1!
#130417236
1"
#130425596
0!
0"
#130425604
1!
#130426836
1"
#130435196
0!
0"
#130435204
1!
#130436436
1"
#130444796
0!
0"
#130444804
1!
#130446036
1"
#130454396
0!
0"
#130454404
1!
#130455636
1"
#130463996
0!
0"
#130464004
b10100001 %
1!
#130465292
1"
#130473596
0!
0"
#130473604
1!
#130474892
1"
#130483196
0!
0"
#130483204
1!
#130484492
1"
#130492796
0!
0"
#130492804
1!
#130494092
1"
#130502396
0!
0"
#130502404
1!
#130503692
1"
#130511996
0!
0"
#130512004
1!
#130513292
1"
#130521596
0!
0"
#130521604
1!
#130522892
1"
#130531196
0!
0"
#130531204
1!
#130532492
1"
#130540796
0!
0"
#130540804
1!
#130542092
1"
#130550396
0!
0"
#130550404
1!
#130551692
1"
#130559996
0!
0"
#130560004
b10101000 %
1!
#130561348
1"
#130569596
0!
0"
#130569604
1!
#130570948
1"
#130579196
0!
0"
#130579204
1!
#130580548
1"
#130588796
0!
0"
#130588804
1!
#130590148
1"
#130598396
0!
0"
#130598404
1!
#130599748
1"
#130607996
0!
0"
#130608004
1!
#130609348
1"
#130617596
0!
0"
#130617604
1!
#130618948
1"
#130627196
0!
0"
#130627204
1!
#130628548
1"
#130636796
0!
0"
#130636804
1!
#130638148
1"
#130646396
0!
0"
#130646404
1!
#130647748
1"
#130655996
0!
0"
#130656004
b10101111 %
1!
#130657404
1"
#130665596
0!
0"
#130665604
1!
#130667004
1"
#130675196
0!
0"
#130675204
1!
#130676604
1"
#130684796
0!
0"
#130684804
1!
#130686204
1"
#130694396
0!
0"
#130694404
1!
#130695804
1"
#130703996
0!
0"
#130704004
1!
#130705404
1"
#130713596
0!
0"
#130713604
1!
#130715004
1"
#130723196
0!
0"
#130723204
1!
#130724604
1"
#130732796
0!
0"
#130732804
1!
#130734204
1"
#130742396
0!
0"
#130742404
1!
#130743804
1"
#130751996
0!
0"
#130752004
b10110110 %
1!
#130753460
1"
#130761596
0!
0"
#130761604
1!
#130763060
1"
#130771196
0!
0"
#130771204
1!
#130772660
1"
#130780796
0!
0"
#130780804
1!
#130782260
1"
#130790396
0!
0"
#130790404
1!
#130791860
1"
#130799996
0!
0"
#130800004
1!
#130801460
1"
#130809596
0!
0"
#130809604
1!
#130811060
1"
#130819196
0!
0"
#130819204
1!
#130820660
1"
#130828796
0!
0"
#130828804
1!
#130830260
1"
#130838396
0!
0"
#130838404
1!
#130839860
1"
#130847996
0!
0"
#130848004
b10111101 %
1!
#130849516
1"
#130857596
0!
0"
#130857604
1!
#130859116
1"
#130867196
0!
0"
#130867204
1!
#130868716
1"
#130876796
0!
0"
#130876804
1!
#130878316
1"
#130886396
0!
0"
#130886404
1!
#130887916
1"
#130895996
0!
0"
#130896004
1!
#130897516
1"
#130905596
0!
0"
#130905604
1!
#130907116
1"
#130915196
0!
0"
#130915204
1!
#130916716
1"
#130924796
0!
0"
#130924804
1!
#130926316
1"
#130934396
0!
0"
#130934404
1!
#130935916
1"
#130943996
0!
0"
#130944004
b11000100 %
1!
#130945572
1"
#130953596
0!
0"
#130953604
1!
#130955172
1"
#130963196
0!
0"
#130963204
1!
#130964772
1"
#130972796
0!
0"
#130972804
1!
#130974372
1"
#130982396
0!
0"
#130982404
1!
#130983972
1"
#130991996
0!
0"
#130992004
1!
#130993572
1"
#131001596
0!
0"
#131001604
1!
#131003172
1"
#131011196
0!
0"
#131011204
1!
#131012772
1"
#131020796
0!
0"
#131020804
1!
#131022372
1"
#131030396
0!
0"
#131030404
1!
#131031972
1"
#131039996
0!
0"
#131040004
b11001011 %
1!
#131041628
1"
#131049596
0!
0"
#131049604
1!
#131051228
1"
#131059196
0!
0"
#131059204
1!
#131060828
1"
#131068796
0!
0"
#131068804
1!
#131070428
1"
#131078396
0!
0"
#131078404
1!
#131080028
1"
#131087996
0!
0"
#131088004
1!
#131089628
1"
#131097596
0!
0"
#131097604
1!
#131099228
1"
#131107196
0!
0"
#131107204
1!
#131108828
1"
#131116796
0!
0"
#131116804
1!
#131118428
1"
#131126396
0!
0"
#131126404
1!
#131128028
1"
#131135996
0!
0"
#131136004
b11010010 %
1!
#131137684
1"
#131145596
0!
0"
#131145604
1!
#131147284
1"
#131155196
0!
0"
#131155204
1!
#131156884
1"
#131164796
0!
0"
#131164804
1!
#131166484
1"
#131174396
0!
0"
#131174404
1!
#131176084
1"
#131183996
0!
0"
#131184004
1!
#131185684
1"
#131193596
0!
0"
#131193604
1!
#131195284
1"
#131203196
0!
0"
#131203204
1!
#131204884
1"
#131212796
0!
0"
#131212804
1!
#131214484
1"
#131222396
0!
0"
#131222404
1!
#131224084
1"
#131231996
0!
0"
#131232004
b11011001 %
1!
#131233740
1"
#131241596
0!
0"
#131241604
1!
#131243340
1"
#131251196
0!
0"
#131251204
1!
#131252940
1"
#131260796
0!
0"
#131260804
1!
#131262540
1"
#131270396
0!
0"
#131270404
1!
#131272140
1"
#131279996
0!
0"
#131280004
1!
#131281740
1"
#131289596
0!
0"
#131289604
1!
#131291340
1"
#131299196
0!
0"
#131299204
1!
#131300940
1"
#131308796
0!
0"
#131308804
1!
#131310540
1"
#131318396
0!
0"
#131318404
1!
#131320140
1"
#131327996
0!
0"
#131328004
b11100000 %
1!
#131329796
1"
#131337596
0!
0"
#131337604
1!
#131339396
1"
#131347196
0!
0"
#131347204
1!
#131348996
1"
#131356796
0!
0"
#131356804
1!
#131358596
1"
#131366396
0!
0"
#131366404
1!
#131368196
1"
#131375996
0!
0"
#131376004
1!
#131377796
1"
#131385596
0!
0"
#131385604
1!
#131387396
1"
#131395196
0!
0"
#131395204
1!
#131396996
1"
#131404796
0!
0"
#131404804
1!
#131406596
1"
#131414396
0!
0"
#131414404
1!
#131416196
1"
#131423996
0!
0"
#131424004
b11100111 %
1!
#131425852
1"
#131433596
0!
0"
#131433604
1!
#131435452
1"
#131443196
0!
0"
#131443204
1!
#131445052
1"
#131452796
0!
0"
#131452804
1!
#131454652
1"
#131462396
0!
0"
#131462404
1!
#131464252
1"
#131471996
0!
0"
#131472004
1!
#131473852
1"
#131481596
0!
0"
#131481604
1!
#131483452
1"
#131491196
0!
0"
#131491204
1!
#131493052
1"
#131500796
0!
0"
#131500804
1!
#131502652
1"
#131510396
0!
0"
#131510404
1!
#131512252
1"
#131519996
0!
0"
#131520004
b11101110 %
1!
#131521908
1"
#131529596
0!
0"
#131529604
1!
#131531508
1"
#131539196
0!
0"
#131539204
1!
#131541108
1"
#131548796
0!
0"
#131548804
1!
#131550708
1"
#131558396
0!
0"
#131558404
1!
#131560308
1"
#131567996
0!
0"
#131568004
1!
#131569908
1"
#131577596
0!
0"
#131577604
1!
#131579508
1"
#131587196
0!
0"
#131587204
1!
#131589108
1"
#131596796
0!
0"
#131596804
1!
#131598708
1"
#131606396
0!
0"
#131606404
1!
#131608308
1"
#131615996
0!
0"
#131616004
b11110101 %
1!
#131617964
1"
#131625596
0!
0"
#131625604
1!
#131627564
1"
#131635196
0!
0"
#131635204
1!
#131637164
1"
#131644796
0!
0"
#131644804
1!
#131646764
1"
#131654396
0!
0"
#131654404
1!
#131656364
1"
#131663996
0!
0"
#131664004
1!
#131665964
1"
#131673596
0!
0"
#131673604
1!
#131675564
1"
#131683196
0!
0"
#131683204
1!
#131685164
1"
#131692796
0!
0"
#131692804
1!
#131694764
1"
#131702396
0!
0"
#131702404
1!
#131704364
1"
#131711996
0!
0"
#131712004
b11111100 %
1!
#131714020
1"
#131721596
0!
0"
#131721604
1!
#131723620
1"
#131731196
0!
0"
#131731204
1!
#131733220
1"
#131740796
0!
0"
#131740804
1!
#131742820
1"
#131750396
0!
0"
#131750404
1!
#131752420
1"
#131759996
0!
0"
#131760004
1!
#131762020
1"
#131769596
0!
0"
#131769604
1!
#131771620
1"
#131779196
0!
0"
#131779204
1!
#131781220
1"
#131788796
0!
0"
#131788804
1!
#131790820
1"
#131798396
0!
0"
#131798404
1!
#131800420
1"
#131807996
0!
0"
#131808004
b100000011 %
1!
#131810076
1"
#131817596
0!
0"
#131817604
1!
#131819676
1"
#131827196
0!
0"
#131827204
1!
#131829276
1"
#131836796
0!
0"
#131836804
1!
#131838876
1"
#131846396
0!
0"
#131846404
1!
#131848476
1"
#131855996
0!
0"
#131856004
1!
#131858076
1"
#131865596
0!
0"
#131865604
1!
#131867676
1"
#131875196
0!
0"
#131875204
1!
#131877276
1"
#131884796
0!
0"
#131884804
1!
#131886876
1"
#131894396
0!
0"
#131894404
1!
#131896476
1"
#131903996
0!
0"
#131904004
b100001010 %
1!
#131906132
1"
#131913596
0!
0"
#131913604
1!
#131915732
1"
#131923196
0!
0"
#131923204
1!
#131925332
1"
#131932796
0!
0"
#131932804
1!
#131934932
1"
#131942396
0!
0"
#131942404
1!
#131944532
1"
#131951996
0!
0"
#131952004
1!
#131954132
1"
#131961596
0!
0"
#131961604
1!
#131963732
1"
#131971196
0!
0"
#131971204
1!
#131973332
1"
#131980796
0!
0"
#131980804
1!
#131982932
1"
#131990396
0!
0"
#131990404
1!
#131992532
1"
#131999996
0!
0"
#132000004
b100010001 %
1!
#132002188
1"
#132009596
0!
0"
#132009604
1!
#132011788
1"
#132019196
0!
0"
#132019204
1!
#132021388
1"
#132028796
0!
0"
#132028804
1!
#132030988
1"
#132038396
0!
0"
#132038404
1!
#132040588
1"
#132047996
0!
0"
#132048004
1!
#132050188
1"
#132057596
0!
0"
#132057604
1!
#132059788
1"
#132067196
0!
0"
#132067204
1!
#132069388
1"
#132076796
0!
0"
#132076804
1!
#132078988
1"
#132086396
0!
0"
#132086404
1!
#132088588
1"
#132095996
0!
0"
#132096004
b100011000 %
1!
#132098244
1"
#132105596
0!
0"
#132105604
1!
#132107844
1"
#132115196
0!
0"
#132115204
1!
#132117444
1"
#132124796
0!
0"
#132124804
1!
#132127044
1"
#132134396
0!
0"
#132134404
1!
#132136644
1"
#132143996
0!
0"
#132144004
1!
#132146244
1"
#132153596
0!
0"
#132153604
1!
#132155844
1"
#132163196
0!
0"
#132163204
1!
#132165444
1"
#132172796
0!
0"
#132172804
1!
#132175044
1"
#132182396
0!
0"
#132182404
1!
#132184644
1"
#132191996
0!
0"
#132192004
b100011111 %
1!
#132194300
1"
#132201596
0!
0"
#132201604
1!
#132203900
1"
#132211196
0!
0"
#132211204
1!
#132213500
1"
#132220796
0!
0"
#132220804
1!
#132223100
1"
#132230396
0!
0"
#132230404
1!
#132232700
1"
#132239996
0!
0"
#132240004
1!
#132242300
1"
#132249596
0!
0"
#132249604
1!
#132251900
1"
#132259196
0!
0"
#132259204
1!
#132261500
1"
#132268796
0!
0"
#132268804
1!
#132271100
1"
#132278396
0!
0"
#132278404
1!
#132280700
1"
#132287996
0!
0"
#132288004
b100100110 %
1!
#132290356
1"
#132297596
0!
0"
#132297604
1!
#132299956
1"
#132307196
0!
0"
#132307204
1!
#132309556
1"
#132316796
0!
0"
#132316804
1!
#132319156
1"
#132326396
0!
0"
#132326404
1!
#132328756
1"
#132335996
0!
0"
#132336004
1!
#132338356
1"
#132345596
0!
0"
#132345604
1!
#132347956
1"
#132355196
0!
0"
#132355204
1!
#132357556
1"
#132364796
0!
0"
#132364804
1!
#132367156
1"
#132374396
0!
0"
#132374404
1!
#132376756
1"
#132383996
0!
0"
#132384004
b100101101 %
1!
#132386412
1"
#132393596
0!
0"
#132393604
1!
#132396012
1"
#132403196
0!
0"
#132403204
1!
#132405612
1"
#132412796
0!
0"
#132412804
1!
#132415212
1"
#132422396
0!
0"
#132422404
1!
#132424812
1"
#132431996
0!
0"
#132432004
1!
#132434412
1"
#132441596
0!
0"
#132441604
1!
#132444012
1"
#132451196
0!
0"
#132451204
1!
#132453612
1"
#132460796
0!
0"
#132460804
1!
#132463212
1"
#132470396
0!
0"
#132470404
1!
#132472812
1"
#132479996
0!
0"
#132480004
b100110100 %
1!
#132482468
1"
#132489596
0!
0"
#132489604
1!
#132492068
1"
#132499196
0!
0"
#132499204
1!
#132501668
1"
#132508796
0!
0"
#132508804
1!
#132511268
1"
#132518396
0!
0"
#132518404
1!
#132520868
1"
#132527996
0!
0"
#132528004
1!
#132530468
1"
#132537596
0!
0"
#132537604
1!
#132540068
1"
#132547196
0!
0"
#132547204
1!
#132549668
1"
#132556796
0!
0"
#132556804
1!
#132559268
1"
#132566396
0!
0"
#132566404
1!
#132568868
1"
#132575996
0!
0"
#132576004
b100111011 %
1!
#132578524
1"
#132585596
0!
0"
#132585604
1!
#132588124
1"
#132595196
0!
0"
#132595204
1!
#132597724
1"
#132604796
0!
0"
#132604804
1!
#132607324
1"
#132614396
0!
0"
#132614404
1!
#132616924
1"
#132623996
0!
0"
#132624004
1!
#132626524
1"
#132633596
0!
0"
#132633604
1!
#132636124
1"
#132643196
0!
0"
#132643204
1!
#132645724
1"
#132652796
0!
0"
#132652804
1!
#132655324
1"
#132662396
0!
0"
#132662404
1!
#132664924
1"
#132671996
0!
0"
#132672004
b101000010 %
1!
#132674580
1"
#132681596
0!
0"
#132681604
1!
#132684180
1"
#132691196
0!
0"
#132691204
1!
#132693780
1"
#132700796
0!
0"
#132700804
1!
#132703380
1"
#132710396
0!
0"
#132710404
1!
#132712980
1"
#132719996
0!
0"
#132720004
1!
#132722580
1"
#132729596
0!
0"
#132729604
1!
#132732180
1"
#132739196
0!
0"
#132739204
1!
#132741780
1"
#132748796
0!
0"
#132748804
1!
#132751380
1"
#132758396
0!
0"
#132758404
1!
#132760980
1"
#132767996
0!
0"
#132768004
b101001001 %
1!
#132770636
1"
#132777596
0!
0"
#132777604
1!
#132780236
1"
#132787196
0!
0"
#132787204
1!
#132789836
1"
#132796796
0!
0"
#132796804
1!
#132799436
1"
#132806396
0!
0"
#132806404
1!
#132809036
1"
#132815996
0!
0"
#132816004
1!
#132818636
1"
#132825596
0!
0"
#132825604
1!
#132828236
1"
#132835196
0!
0"
#132835204
1!
#132837836
1"
#132844796
0!
0"
#132844804
1!
#132847436
1"
#132854396
0!
0"
#132854404
1!
#132857036
1"
#132863996
0!
0"
#132864004
b101010000 %
1!
#132866692
1"
#132873596
0!
0"
#132873604
1!
#132876292
1"
#132883196
0!
0"
#132883204
1!
#132885892
1"
#132892796
0!
0"
#132892804
1!
#132895492
1"
#132902396
0!
0"
#132902404
1!
#132905092
1"
#132911996
0!
0"
#132912004
1!
#132914692
1"
#132921596
0!
0"
#132921604
1!
#132924292
1"
#132931196
0!
0"
#132931204
1!
#132933892
1"
#132940796
0!
0"
#132940804
1!
#132943492
1"
#132950396
0!
0"
#132950404
1!
#132953092
1"
#132959996
0!
0"
#132960004
b101010111 %
1!
#132962748
1"
#132969596
0!
0"
#132969604
1!
#132972348
1"
#132979196
0!
0"
#132979204
1!
#132981948
1"
#132988796
0!
0"
#132988804
1!
#132991548
1"
#132998396
0!
0"
#132998404
1!
#133001148
1"
#133007996
0!
0"
#133008004
1!
#133010748
1"
#133017596
0!
0"
#133017604
1!
#133020348
1"
#133027196
0!
0"
#133027204
1!
#133029948
1"
#133036796
0!
0"
#133036804
1!
#133039548
1"
#133046396
0!
0"
#133046404
1!
#133049148
1"
#133055996
0!
0"
#133056004
b101011110 %
1!
#133058804
1"
#133065596
0!
0"
#133065604
1!
#133068404
1"
#133075196
0!
0"
#133075204
1!
#133078004
1"
#133084796
0!
0"
#133084804
1!
#133087604
1"
#133094396
0!
0"
#133094404
1!
#133097204
1"
#133103996
0!
0"
#133104004
1!
#133106804
1"
#133113596
0!
0"
#133113604
1!
#133116404
1"
#133123196
0!
0"
#133123204
1!
#133126004
1"
#133132796
0!
0"
#133132804
1!
#133135604
1"
#133142396
0!
0"
#133142404
1!
#133145204
1"
#133151996
0!
0"
#133152004
b101100101 %
1!
#133154860
1"
#133161596
0!
0"
#133161604
1!
#133164460
1"
#133171196
0!
0"
#133171204
1!
#133174060
1"
#133180796
0!
0"
#133180804
1!
#133183660
1"
#133190396
0!
0"
#133190404
1!
#133193260
1"
#133199996
0!
0"
#133200004
1!
#133202860
1"
#133209596
0!
0"
#133209604
1!
#133212460
1"
#133219196
0!
0"
#133219204
1!
#133222060
1"
#133228796
0!
0"
#133228804
1!
#133231660
1"
#133238396
0!
0"
#133238404
1!
#133241260
1"
#133247996
0!
0"
#133248004
b101101100 %
1!
#133250916
1"
#133257596
0!
0"
#133257604
1!
#133260516
1"
#133267196
0!
0"
#133267204
1!
#133270116
1"
#133276796
0!
0"
#133276804
1!
#133279716
1"
#133286396
0!
0"
#133286404
1!
#133289316
1"
#133295996
0!
0"
#133296004
1!
#133298916
1"
#133305596
0!
0"
#133305604
1!
#133308516
1"
#133315196
0!
0"
#133315204
1!
#133318116
1"
#133324796
0!
0"
#133324804
1!
#133327716
1"
#133334396
0!
0"
#133334404
1!
#133337316
1"
#133343996
0!
0"
#133344004
b101110011 %
1!
#133346972
1"
#133353596
0!
0"
#133353604
1!
#133356572
1"
#133363196
0!
0"
#133363204
1!
#133366172
1"
#133372796
0!
0"
#133372804
1!
#133375772
1"
#133382396
0!
0"
#133382404
1!
#133385372
1"
#133391996
0!
0"
#133392004
1!
#133394972
1"
#133401596
0!
0"
#133401604
1!
#133404572
1"
#133411196
0!
0"
#133411204
1!
#133414172
1"
#133420796
0!
0"
#133420804
1!
#133423772
1"
#133430396
0!
0"
#133430404
1!
#133433372
1"
#133439996
0!
0"
#133440004
b101111010 %
1!
#133443028
1"
#133449596
0!
0"
#133449604
1!
#133452628
1"
#133459196
0!
0"
#133459204
1!
#133462228
1"
#133468796
0!
0"
#133468804
1!
#133471828
1"
#133478396
0!
0"
#133478404
1!
#133481428
1"
#133487996
0!
0"
#133488004
1!
#133491028
1"
#133497596
0!
0"
#133497604
1!
#133500628
1"
#133507196
0!
0"
#133507204
1!
#133510228
1"
#133516796
0!
0"
#133516804
1!
#133519828
1"
#133526396
0!
0"
#133526404
1!
#133529428
1"
#133535996
0!
0"
#133536004
b110000001 %
1!
#133539084
1"
#133545596
0!
0"
#133545604
1!
#133548684
1"
#133555196
0!
0"
#133555204
1!
#133558284
1"
#133564796
0!
0"
#133564804
1!
#133567884
1"
#133574396
0!
0"
#133574404
1!
#133577484
1"
#133583996
0!
0"
#133584004
1!
#133587084
1"
#133593596
0!
0"
#133593604
1!
#133596684
1"
#133603196
0!
0"
#133603204
1!
#133606284
1"
#133612796
0!
0"
#133612804
1!
#133615884
1"
#133622396
0!
0"
#133622404
1!
#133625484
1"
#133631996
0!
0"
#133632004
b110001000 %
1!
#133635140
1"
#133641596
0!
0"
#133641604
1!
#133644740
1"
#133651196
0!
0"
#133651204
1!
#133654340
1"
#133660796
0!
0"
#133660804
1!
#133663940
1"
#133670396
0!
0"
#133670404
1!
#133673540
1"
#133679996
0!
0"
#133680004
1!
#133683140
1"
#133689596
0!
0"
#133689604
1!
#133692740
1"
#133699196
0!
0"
#133699204
1!
#133702340
1"
#133708796
0!
0"
#133708804
1!
#133711940
1"
#133718396
0!
0"
#133718404
1!
#133721540
1"
#133727996
0!
0"
#133728004
b110001111 %
1!
#133731196
1"
#133737596
0!
0"
#133737604
1!
#133740796
1"
#133747196
0!
0"
#133747204
1!
#133750396
1"
#133756796
0!
0"
#133756804
1!
#133759996
1"
#133766396
0!
0"
#133766404
1!
#133769596
1"
#133775996
0!
0"
#133776004
1!
#133779196
1"
#133785596
0!
0"
#133785604
1!
#133788796
1"
#133795196
0!
0"
#133795204
1!
#133798396
1"
#133804796
0!
0"
#133804804
1!
#133807996
1"
#133814396
0!
0"
#133814404
1!
#133817596
1"
#133823996
0!
0"
#133824004
b110010110 %
1!
#133827252
1"
#133833596
0!
0"
#133833604
1!
#133836852
1"
#133843196
0!
0"
#133843204
1!
#133846452
1"
#133852796
0!
0"
#133852804
1!
#133856052
1"
#133862396
0!
0"
#133862404
1!
#133865652
1"
#133871996
0!
0"
#133872004
1!
#133875252
1"
#133881596
0!
0"
#133881604
1!
#133884852
1"
#133891196
0!
0"
#133891204
1!
#133894452
1"
#133900796
0!
0"
#133900804
1!
#133904052
1"
#133910396
0!
0"
#133910404
1!
#133913652
1"
#133919996
0!
0"
#133920004
b110011101 %
1!
#133923308
1"
#133929596
0!
0"
#133929604
1!
#133932908
1"
#133939196
0!
0"
#133939204
1!
#133942508
1"
#133948796
0!
0"
#133948804
1!
#133952108
1"
#133958396
0!
0"
#133958404
1!
#133961708
1"
#133967996
0!
0"
#133968004
1!
#133971308
1"
#133977596
0!
0"
#133977604
1!
#133980908
1"
#133987196
0!
0"
#133987204
1!
#133990508
1"
#133996796
0!
0"
#133996804
1!
#134000108
1"
#134006396
0!
0"
#134006404
1!
#134009708
1"
#134015996
0!
0"
#134016004
b110100100 %
1!
#134019364
1"
#134025596
0!
0"
#134025604
1!
#134028964
1"
#134035196
0!
0"
#134035204
1!
#134038564
1"
#134044796
0!
0"
#134044804
1!
#134048164
1"
#134054396
0!
0"
#134054404
1!
#134057764
1"
#134063996
0!
0"
#134064004
1!
#134067364
1"
#134073596
0!
0"
#134073604
1!
#134076964
1"
#134083196
0!
0"
#134083204
1!
#134086564
1"
#134092796
0!
0"
#134092804
1!
#134096164
1"
#134102396
0!
0"
#134102404
1!
#134105764
1"
#134111996
0!
0"
#134112004
b110101011 %
1!
#134115420
1"
#134121596
0!
0"
#134121604
1!
#134125020
1"
#134131196
0!
0"
#134131204
1!
#134134620
1"
#134140796
0!
0"
#134140804
1!
#134144220
1"
#134150396
0!
0"
#134150404
1!
#134153820
1"
#134159996
0!
0"
#134160004
1!
#134163420
1"
#134169596
0!
0"
#134169604
1!
#134173020
1"
#134179196
0!
0"
#134179204
1!
#134182620
1"
#134188796
0!
0"
#134188804
1!
#134192220
1"
#134198396
0!
0"
#134198404
1!
#134201820
1"
#134207996
0!
0"
#134208004
b110110010 %
1!
#134211476
1"
#134217596
0!
0"
#134217604
1!
#134221076
1"
#134227196
0!
0"
#134227204
1!
#134230676
1"
#134236796
0!
0"
#134236804
1!
#134240276
1"
#134246396
0!
0"
#134246404
1!
#134249876
1"
#134255996
0!
0"
#134256004
1!
#134259476
1"
#134265596
0!
0"
#134265604
1!
#134269076
1"
#134275196
0!
0"
#134275204
1!
#134278676
1"
#134284796
0!
0"
#134284804
1!
#134288276
1"
#134294396
0!
0"
#134294404
1!
#134297876
1"
#134303996
0!
0"
#134304004
b110111001 %
1!
#134307532
1"
#134313596
0!
0"
#134313604
1!
#134317132
1"
#134323196
0!
0"
#134323204
1!
#134326732
1"
#134332796
0!
0"
#134332804
1!
#134336332
1"
#134342396
0!
0"
#134342404
1!
#134345932
1"
#134351996
0!
0"
#134352004
1!
#134355532
1"
#134361596
0!
0"
#134361604
1!
#134365132
1"
#134371196
0!
0"
#134371204
1!
#134374732
1"
#134380796
0!
0"
#134380804
1!
#134384332
1"
#134390396
0!
0"
#134390404
1!
#134393932
1"
#134399996
0!
0"
#134400004
b111000000 %
1!
#134403588
1"
#134409596
0!
0"
#134409604
1!
#134413188
1"
#134419196
0!
0"
#134419204
1!
#134422788
1"
#134428796
0!
0"
#134428804
1!
#134432388
1"
#134438396
0!
0"
#134438404
1!
#134441988
1"
#134447996
0!
0"
#134448004
1!
#134451588
1"
#134457596
0!
0"
#134457604
1!
#134461188
1"
#134467196
0!
0"
#134467204
1!
#134470788
1"
#134476796
0!
0"
#134476804
1!
#134480388
1"
#134486396
0!
0"
#134486404
1!
#134489988
1"
#134495996
0!
0"
#134496004
b111000111 %
1!
#134499644
1"
#134505596
0!
0"
#134505604
1!
#134509244
1"
#134515196
0!
0"
#134515204
1!
#134518844
1"
#134524796
0!
0"
#134524804
1!
#134528444
1"
#134534396
0!
0"
#134534404
1!
#134538044
1"
#134543996
0!
0"
#134544004
1!
#134547644
1"
#134553596
0!
0"
#134553604
1!
#134557244
1"
#134563196
0!
0"
#134563204
1!
#134566844
1"
#134572796
0!
0"
#134572804
1!
#134576444
1"
#134582396
0!
0"
#134582404
1!
#134586044
1"
#134591996
0!
0"
#134592004
b111001110 %
1!
#134595700
1"
#134601596
0!
0"
#134601604
1!
#134605300
1"
#134611196
0!
0"
#134611204
1!
#134614900
1"
#134620796
0!
0"
#134620804
1!
#134624500
1"
#134630396
0!
0"
#134630404
1!
#134634100
1"
#134639996
0!
0"
#134640004
1!
#134643700
1"
#134649596
0!
0"
#134649604
1!
#134653300
1"
#134659196
0!
0"
#134659204
1!
#134662900
1"
#134668796
0!
0"
#134668804
1!
#134672500
1"
#134678396
0!
0"
#134678404
1!
#134682100
1"
#134687996
0!
0"
#134688004
b111010101 %
1!
#134691756
1"
#134697596
0!
0"
#134697604
1!
#134701356
1"
#134707196
0!
0"
#134707204
1!
#134710956
1"
#134716796
0!
0"
#134716804
1!
#134720556
1"
#134726396
0!
0"
#134726404
1!
#134730156
1"
#134735996
0!
0"
#134736004
1!
#134739756
1"
#134745596
0!
0"
#134745604
1!
#134749356
1"
#134755196
0!
0"
#134755204
1!
#134758956
1"
#134764796
0!
0"
#134764804
1!
#134768556
1"
#134774396
0!
0"
#134774404
1!
#134778156
1"
#134783996
0!
0"
#134784004
b111011100 %
1!
#134787812
1"
#134793596
0!
0"
#134793604
1!
#134797412
1"
#134803196
0!
0"
#134803204
1!
#134807012
1"
#134812796
0!
0"
#134812804
1!
#134816612
1"
#134822396
0!
0"
#134822404
1!
#134826212
1"
#134831996
0!
0"
#134832004
1!
#134835812
1"
#134841596
0!
0"
#134841604
1!
#134845412
1"
#134851196
0!
0"
#134851204
1!
#134855012
1"
#134860796
0!
0"
#134860804
1!
#134864612
1"
#134870396
0!
0"
#134870404
1!
#134874212
1"
#134879996
0!
0"
#134880004
b111100011 %
1!
#134883868
1"
#134889596
0!
0"
#134889604
1!
#134893468
1"
#134899196
0!
0"
#134899204
1!
#134903068
1"
#134908796
0!
0"
#134908804
1!
#134912668
1"
#134918396
0!
0"
#134918404
1!
#134922268
1"
#134927996
0!
0"
#134928004
1!
#134931868
1"
#134937596
0!
0"
#134937604
1!
#134941468
1"
#134947196
0!
0"
#134947204
1!
#134951068
1"
#134956796
0!
0"
#134956804
1!
#134960668
1"
#134966396
0!
0"
#134966404
1!
#134970268
1"
#134975996
0!
0"
#134976004
b111101010 %
1!
#134979924
1"
#134985596
0!
0"
#134985604
1!
#134989524
1"
#134995196
0!
0"
#134995204
1!
#134999124
1"
#135004796
0!
0"
#135004804
1!
#135008724
1"
#135014396
0!
0"
#135014404
1!
#135018324
1"
#135023996
0!
0"
#135024004
1!
#135027924
1"
#135033596
0!
0"
#135033604
1!
#135037524
1"
#135043196
0!
0"
#135043204
1!
#135047124
1"
#135052796
0!
0"
#135052804
1!
#135056724
1"
#135062396
0!
0"
#135062404
1!
#135066324
1"
#135071996
0!
0"
#135072004
b111110001 %
1!
#135075980
1"
#135081596
0!
0"
#135081604
1!
#135085580
1"
#135091196
0!
0"
#135091204
1!
#135095180
1"
#135100796
0!
0"
#135100804
1!
#135104780
1"
#135110396
0!
0"
#135110404
1!
#135114380
1"
#135119996
0!
0"
#135120004
1!
#135123980
1"
#135129596
0!
0"
#135129604
1!
#135133580
1"
#135139196
0!
0"
#135139204
1!
#135143180
1"
#135148796
0!
0"
#135148804
1!
#135152780
1"
#135158396
0!
0"
#135158404
1!
#135162380
1"
#135167996
0!
0"
#135168004
b111111000 %
1!
#135172036
1"
#135177596
0!
0"
#135177604
1!
#135181636
1"
#135187196
0!
0"
#135187204
1!
#135191236
1"
#135196796
0!
0"
#135196804
1!
#135200836
1"
#135206396
0!
0"
#135206404
1!
#135210436
1"
#135215996
0!
0"
#135216004
1!
#135220036
1"
#135225596
0!
0"
#135225604
1!
#135229636
1"
#135235196
0!
0"
#135235204
1!
#135239236
1"
#135244796
0!
0"
#135244804
1!
#135248836
1"
#135254396
0!
0"
#135254404
1!
#135258436
1"
#135263996
0!
0"
#135264004
b111111111 %
1!
#135268092
1"
#135273596
0!
0"
#135273604
1!
#135277692
1"
#135283196
0!
0"
#135283204
1!
#135287292
1"
#135292796
0!
0"
#135292804
1!
#135296892
1"
#135302396
0!
0"
#135302404
1!
#135306492
1"
#135311996
0!
0"
#135312004
1!
#135316092
1"
#135321596
0!
0"
#135321604
1!
#135325692
1"
#135331196
0!
0"
#135331204
1!
#135335292
1"
#135340796
0!
0"
#135340804
1!
#135344892
1"
#135350396
0!
0"
#135350404
1!
#135354492
1"
#135359996
0!
0"
#135360004
b1000000110 %
1!
#135364148
1"
#135369596
0!
0"
#135369604
1!
#135373748
1"
#135379196
0!
0"
#135379204
1!
#135383348
1"
#135388796
0!
0"
#135388804
1!
#135392948
1"
#135398396
0!
0"
#135398404
1!
#135402548
1"
#135407996
0!
0"
#135408004
1!
#135412148
1"
#135417596
0!
0"
#135417604
1!
#135421748
1"
#135427196
0!
0"
#135427204
1!
#135431348
1"
#135436796
0!
0"
#135436804
1!
#135440948
1"
#135446396
0!
0"
#135446404
1!
#135450548
1"
#135455996
0!
0"
#135456004
b1000001101 %
1!
#135460204
1"
#135465596
0!
0"
#135465604
1!
#135469804
1"
#135475196
0!
0"
#135475204
1!
#135479404
1"
#135484796
0!
0"
#135484804
1!
#135489004
1"
#135494396
0!
0"
#135494404
1!
#135498604
1"
#135503996
0!
0"
#135504004
1!
#135508204
1"
#135513596
0!
0"
#135513604
1!
#135517804
1"
#135523196
0!
0"
#135523204
1!
#135527404
1"
#135532796
0!
0"
#135532804
1!
#135537004
1"
#135542396
0!
0"
#135542404
1!
#135546604
1"
#135551996
0!
0"
#135552004
b1000010100 %
1!
#135556260
1"
#135561596
0!
0"
#135561604
1!
#135565860
1"
#135571196
0!
0"
#135571204
1!
#135575460
1"
#135580796
0!
0"
#135580804
1!
#135585060
1"
#135590396
0!
0"
#135590404
1!
#135594660
1"
#135599996
0!
0"
#135600004
1!
#135604260
1"
#135609596
0!
0"
#135609604
1!
#135613860
1"
#135619196
0!
0"
#135619204
1!
#135623460
1"
#135628796
0!
0"
#135628804
1!
#135633060
1"
#135638396
0!
0"
#135638404
1!
#135642660
1"
#135647996
0!
0"
#135648004
b1000011011 %
1!
#135652316
1"
#135657596
0!
0"
#135657604
1!
#135661916
1"
#135667196
0!
0"
#135667204
1!
#135671516
1"
#135676796
0!
0"
#135676804
1!
#135681116
1"
#135686396
0!
0"
#135686404
1!
#135690716
1"
#135695996
0!
0"
#135696004
1!
#135700316
1"
#135705596
0!
0"
#135705604
1!
#135709916
1"
#135715196
0!
0"
#135715204
1!
#135719516
1"
#135724796
0!
0"
#135724804
1!
#135729116
1"
#135734396
0!
0"
#135734404
1!
#135738716
1"
#135743996
0!
0"
#135744004
b1000100010 %
1!
#135748372
1"
#135753596
0!
0"
#135753604
1!
#135757972
1"
#135763196
0!
0"
#135763204
1!
#135767572
1"
#135772796
0!
0"
#135772804
1!
#135777172
1"
#135782396
0!
0"
#135782404
1!
#135786772
1"
#135791996
0!
0"
#135792004
1!
#135796372
1"
#135801596
0!
0"
#135801604
1!
#135805972
1"
#135811196
0!
0"
#135811204
1!
#135815572
1"
#135820796
0!
0"
#135820804
1!
#135825172
1"
#135830396
0!
0"
#135830404
1!
#135834772
1"
#135839996
0!
0"
#135840004
b1000101001 %
1!
#135844428
1"
#135849596
0!
0"
#135849604
1!
#135854028
1"
#135859196
0!
0"
#135859204
1!
#135863628
1"
#135868796
0!
0"
#135868804
1!
#135873228
1"
#135878396
0!
0"
#135878404
1!
#135882828
1"
#135887996
0!
0"
#135888004
1!
#135892428
1"
#135897596
0!
0"
#135897604
1!
#135902028
1"
#135907196
0!
0"
#135907204
1!
#135911628
1"
#135916796
0!
0"
#135916804
1!
#135921228
1"
#135926396
0!
0"
#135926404
1!
#135930828
1"
#135935996
0!
0"
#135936004
b1000110000 %
1!
#135940484
1"
#135945596
0!
0"
#135945604
1!
#135950084
1"
#135955196
0!
0"
#135955204
1!
#135959684
1"
#135964796
0!
0"
#135964804
1!
#135969284
1"
#135974396
0!
0"
#135974404
1!
#135978884
1"
#135983996
0!
0"
#135984004
1!
#135988484
1"
#135993596
0!
0"
#135993604
1!
#135998084
1"
#136003196
0!
0"
#136003204
1!
#136007684
1"
#136012796
0!
0"
#136012804
1!
#136017284
1"
#136022396
0!
0"
#136022404
1!
#136026884
1"
#136031996
0!
0"
#136032004
b1000110111 %
1!
#136036540
1"
#136041596
0!
0"
#136041604
1!
#136046140
1"
#136051196
0!
0"
#136051204
1!
#136055740
1"
#136060796
0!
0"
#136060804
1!
#136065340
1"
#136070396
0!
0"
#136070404
1!
#136074940
1"
#136079996
0!
0"
#136080004
1!
#136084540
1"
#136089596
0!
0"
#136089604
1!
#136094140
1"
#136099196
0!
0"
#136099204
1!
#136103740
1"
#136108796
0!
0"
#136108804
1!
#136113340
1"
#136118396
0!
0"
#136118404
1!
#136122940
1"
#136127996
0!
0"
#136128004
b1000111110 %
1!
#136132596
1"
#136137596
0!
0"
#136137604
1!
#136142196
1"
#136147196
0!
0"
#136147204
1!
#136151796
1"
#136156796
0!
0"
#136156804
1!
#136161396
1"
#136166396
0!
0"
#136166404
1!
#136170996
1"
#136175996
0!
0"
#136176004
1!
#136180596
1"
#136185596
0!
0"
#136185604
1!
#136190196
1"
#136195196
0!
0"
#136195204
1!
#136199796
1"
#136204796
0!
0"
#136204804
1!
#136209396
1"
#136214396
0!
0"
#136214404
1!
#136218996
1"
#136223996
0!
0"
#136224004
b1001000101 %
1!
#136228652
1"
#136233596
0!
0"
#136233604
1!
#136238252
1"
#136243196
0!
0"
#136243204
1!
#136247852
1"
#136252796
0!
0"
#136252804
1!
#136257452
1"
#136262396
0!
0"
#136262404
1!
#136267052
1"
#136271996
0!
0"
#136272004
1!
#136276652
1"
#136281596
0!
0"
#136281604
1!
#136286252
1"
#136291196
0!
0"
#136291204
1!
#136295852
1"
#136300796
0!
0"
#136300804
1!
#136305452
1"
#136310396
0!
0"
#136310404
1!
#136315052
1"
#136319996
0!
0"
#136320004
b1001001100 %
1!
#136324708
1"
#136329596
0!
0"
#136329604
1!
#136334308
1"
#136339196
0!
0"
#136339204
1!
#136343908
1"
#136348796
0!
0"
#136348804
1!
#136353508
1"
#136358396
0!
0"
#136358404
1!
#136363108
1"
#136367996
0!
0"
#136368004
1!
#136372708
1"
#136377596
0!
0"
#136377604
1!
#136382308
1"
#136387196
0!
0"
#136387204
1!
#136391908
1"
#136396796
0!
0"
#136396804
1!
#136401508
1"
#136406396
0!
0"
#136406404
1!
#136411108
1"
#136415996
0!
0"
#136416004
b1001010011 %
1!
#136420764
1"
#136425596
0!
0"
#136425604
1!
#136430364
1"
#136435196
0!
0"
#136435204
1!
#136439964
1"
#136444796
0!
0"
#136444804
1!
#136449564
1"
#136454396
0!
0"
#136454404
1!
#136459164
1"
#136463996
0!
0"
#136464004
1!
#136468764
1"
#136473596
0!
0"
#136473604
1!
#136478364
1"
#136483196
0!
0"
#136483204
1!
#136487964
1"
#136492796
0!
0"
#136492804
1!
#136497564
1"
#136502396
0!
0"
#136502404
1!
#136507164
1"
#136511996
0!
0"
#136512004
b1001011010 %
1!
#136516820
1"
#136521596
0!
0"
#136521604
1!
#136526420
1"
#136531196
0!
0"
#136531204
1!
#136536020
1"
#136540796
0!
0"
#136540804
1!
#136545620
1"
#136550396
0!
0"
#136550404
1!
#136555220
1"
#136559996
0!
0"
#136560004
1!
#136564820
1"
#136569596
0!
0"
#136569604
1!
#136574420
1"
#136579196
0!
0"
#136579204
1!
#136584020
1"
#136588796
0!
0"
#136588804
1!
#136593620
1"
#136598396
0!
0"
#136598404
1!
#136603220
1"
#136607996
0!
0"
#136608004
b1001100001 %
1!
#136612876
1"
#136617596
0!
0"
#136617604
1!
#136622476
1"
#136627196
0!
0"
#136627204
1!
#136632076
1"
#136636796
0!
0"
#136636804
1!
#136641676
1"
#136646396
0!
0"
#136646404
1!
#136651276
1"
#136655996
0!
0"
#136656004
1!
#136660876
1"
#136665596
0!
0"
#136665604
1!
#136670476
1"
#136675196
0!
0"
#136675204
1!
#136680076
1"
#136684796
0!
0"
#136684804
1!
#136689676
1"
#136694396
0!
0"
#136694404
1!
#136699276
1"
#136703996
0!
0"
#136704004
b1001101000 %
1!
#136708932
1"
#136713596
0!
0"
#136713604
1!
#136718532
1"
#136723196
0!
0"
#136723204
1!
#136728132
1"
#136732796
0!
0"
#136732804
1!
#136737732
1"
#136742396
0!
0"
#136742404
1!
#136747332
1"
#136751996
0!
0"
#136752004
1!
#136756932
1"
#136761596
0!
0"
#136761604
1!
#136766532
1"
#136771196
0!
0"
#136771204
1!
#136776132
1"
#136780796
0!
0"
#136780804
1!
#136785732
1"
#136790396
0!
0"
#136790404
1!
#136795332
1"
#136799996
0!
0"
#136800004
b1001101111 %
1!
#136804988
1"
#136809596
0!
0"
#136809604
1!
#136814588
1"
#136819196
0!
0"
#136819204
1!
#136824188
1"
#136828796
0!
0"
#136828804
1!
#136833788
1"
#136838396
0!
0"
#136838404
1!
#136843388
1"
#136847996
0!
0"
#136848004
1!
#136852988
1"
#136857596
0!
0"
#136857604
1!
#136862588
1"
#136867196
0!
0"
#136867204
1!
#136872188
1"
#136876796
0!
0"
#136876804
1!
#136881788
1"
#136886396
0!
0"
#136886404
1!
#136891388
1"
#136895996
0!
0"
#136896004
b1001110110 %
1!
#136901044
1"
#136905596
0!
0"
#136905604
1!
#136910644
1"
#136915196
0!
0"
#136915204
1!
#136920244
1"
#136924796
0!
0"
#136924804
1!
#136929844
1"
#136934396
0!
0"
#136934404
1!
#136939444
1"
#136943996
0!
0"
#136944004
1!
#136949044
1"
#136953596
0!
0"
#136953604
1!
#136958644
1"
#136963196
0!
0"
#136963204
1!
#136968244
1"
#136972796
0!
0"
#136972804
1!
#136977844
1"
#136982396
0!
0"
#136982404
1!
#136987444
1"
#136991996
0!
0"
#136992004
b1001111101 %
1!
#136997100
1"
#137001596
0!
0"
#137001604
1!
#137006700
1"
#137011196
0!
0"
#137011204
1!
#137016300
1"
#137020796
0!
0"
#137020804
1!
#137025900
1"
#137030396
0!
0"
#137030404
1!
#137035500
1"
#137039996
0!
0"
#137040004
1!
#137045100
1"
#137049596
0!
0"
#137049604
1!
#137054700
1"
#137059196
0!
0"
#137059204
1!
#137064300
1"
#137068796
0!
0"
#137068804
1!
#137073900
1"
#137078396
0!
0"
#137078404
1!
#137083500
1"
#137087996
0!
0"
#137088004
b1010000100 %
1!
#137093156
1"
#137097596
0!
0"
#137097604
1!
#137102756
1"
#137107196
0!
0"
#137107204
1!
#137112356
1"
#137116796
0!
0"
#137116804
1!
#137121956
1"
#137126396
0!
0"
#137126404
1!
#137131556
1"
#137135996
0!
0"
#137136004
1!
#137141156
1"
#137145596
0!
0"
#137145604
1!
#137150756
1"
#137155196
0!
0"
#137155204
1!
#137160356
1"
#137164796
0!
0"
#137164804
1!
#137169956
1"
#137174396
0!
0"
#137174404
1!
#137179556
1"
#137183996
0!
0"
#137184004
b1010001011 %
1!
#137189212
1"
#137193596
0!
0"
#137193604
1!
#137198812
1"
#137203196
0!
0"
#137203204
1!
#137208412
1"
#137212796
0!
0"
#137212804
1!
#137218012
1"
#137222396
0!
0"
#137222404
1!
#137227612
1"
#137231996
0!
0"
#137232004
1!
#137237212
1"
#137241596
0!
0"
#137241604
1!
#137246812
1"
#137251196
0!
0"
#137251204
1!
#137256412
1"
#137260796
0!
0"
#137260804
1!
#137266012
1"
#137270396
0!
0"
#137270404
1!
#137275612
1"
#137279996
0!
0"
#137280004
b1010010010 %
1!
#137285268
1"
#137289596
0!
0"
#137289604
1!
#137294868
1"
#137299196
0!
0"
#137299204
1!
#137304468
1"
#137308796
0!
0"
#137308804
1!
#137314068
1"
#137318396
0!
0"
#137318404
1!
#137323668
1"
#137327996
0!
0"
#137328004
1!
#137333268
1"
#137337596
0!
0"
#137337604
1!
#137342868
1"
#137347196
0!
0"
#137347204
1!
#137352468
1"
#137356796
0!
0"
#137356804
1!
#137362068
1"
#137366396
0!
0"
#137366404
1!
#137371668
1"
#137375996
0!
0"
#137376004
b1010011001 %
1!
#137381324
1"
#137385596
0!
0"
#137385604
1!
#137390924
1"
#137395196
0!
0"
#137395204
1!
#137400524
1"
#137404796
0!
0"
#137404804
1!
#137410124
1"
#137414396
0!
0"
#137414404
1!
#137419724
1"
#137423996
0!
0"
#137424004
1!
#137429324
1"
#137433596
0!
0"
#137433604
1!
#137438924
1"
#137443196
0!
0"
#137443204
1!
#137448524
1"
#137452796
0!
0"
#137452804
1!
#137458124
1"
#137462396
0!
0"
#137462404
1!
#137467724
1"
#137471996
0!
0"
#137472004
b1010100000 %
1!
#137477380
1"
#137481596
0!
0"
#137481604
1!
#137486980
1"
#137491196
0!
0"
#137491204
1!
#137496580
1"
#137500796
0!
0"
#137500804
1!
#137506180
1"
#137510396
0!
0"
#137510404
1!
#137515780
1"
#137519996
0!
0"
#137520004
1!
#137525380
1"
#137529596
0!
0"
#137529604
1!
#137534980
1"
#137539196
0!
0"
#137539204
1!
#137544580
1"
#137548796
0!
0"
#137548804
1!
#137554180
1"
#137558396
0!
0"
#137558404
1!
#137563780
1"
#137567996
0!
0"
#137568004
b1010100111 %
1!
#137573436
1"
#137577596
0!
0"
#137577604
1!
#137583036
1"
#137587196
0!
0"
#137587204
1!
#137592636
1"
#137596796
0!
0"
#137596804
1!
#137602236
1"
#137606396
0!
0"
#137606404
1!
#137611836
1"
#137615996
0!
0"
#137616004
1!
#137621436
1"
#137625596
0!
0"
#137625604
1!
#137631036
1"
#137635196
0!
0"
#137635204
1!
#137640636
1"
#137644796
0!
0"
#137644804
1!
#137650236
1"
#137654396
0!
0"
#137654404
1!
#137659836
1"
#137663996
0!
0"
#137664004
b1010101110 %
1!
#137669492
1"
#137673596
0!
0"
#137673604
1!
#137679092
1"
#137683196
0!
0"
#137683204
1!
#137688692
1"
#137692796
0!
0"
#137692804
1!
#137698292
1"
#137702396
0!
0"
#137702404
1!
#137707892
1"
#137711996
0!
0"
#137712004
1!
#137717492
1"
#137721596
0!
0"
#137721604
1!
#137727092
1"
#137731196
0!
0"
#137731204
1!
#137736692
1"
#137740796
0!
0"
#137740804
1!
#137746292
1"
#137750396
0!
0"
#137750404
1!
#137755892
1"
#137759996
0!
0"
#137760004
b1010110101 %
1!
#137765548
1"
#137769596
0!
0"
#137769604
1!
#137775148
1"
#137779196
0!
0"
#137779204
1!
#137784748
1"
#137788796
0!
0"
#137788804
1!
#137794348
1"
#137798396
0!
0"
#137798404
1!
#137803948
1"
#137807996
0!
0"
#137808004
1!
#137813548
1"
#137817596
0!
0"
#137817604
1!
#137823148
1"
#137827196
0!
0"
#137827204
1!
#137832748
1"
#137836796
0!
0"
#137836804
1!
#137842348
1"
#137846396
0!
0"
#137846404
1!
#137851948
1"
#137855996
0!
0"
#137856004
b1010111100 %
1!
#137861604
1"
#137865596
0!
0"
#137865604
1!
#137871204
1"
#137875196
0!
0"
#137875204
1!
#137880804
1"
#137884796
0!
0"
#137884804
1!
#137890404
1"
#137894396
0!
0"
#137894404
1!
#137900004
1"
#137903996
0!
0"
#137904004
1!
#137909604
1"
#137913596
0!
0"
#137913604
1!
#137919204
1"
#137923196
0!
0"
#137923204
1!
#137928804
1"
#137932796
0!
0"
#137932804
1!
#137938404
1"
#137942396
0!
0"
#137942404
1!
#137948004
1"
#137951996
0!
0"
#137952004
b1011000011 %
1!
#137957660
1"
#137961596
0!
0"
#137961604
1!
#137967260
1"
#137971196
0!
0"
#137971204
1!
#137976860
1"
#137980796
0!
0"
#137980804
1!
#137986460
1"
#137990396
0!
0"
#137990404
1!
#137996060
1"
#137999996
0!
0"
#138000004
1!
#138005660
1"
#138009596
0!
0"
#138009604
1!
#138015260
1"
#138019196
0!
0"
#138019204
1!
#138024860
1"
#138028796
0!
0"
#138028804
1!
#138034460
1"
#138038396
0!
0"
#138038404
1!
#138044060
1"
#138047996
0!
0"
#138048004
b1011001010 %
1!
#138053716
1"
#138057596
0!
0"
#138057604
1!
#138063316
1"
#138067196
0!
0"
#138067204
1!
#138072916
1"
#138076796
0!
0"
#138076804
1!
#138082516
1"
#138086396
0!
0"
#138086404
1!
#138092116
1"
#138095996
0!
0"
#138096004
1!
#138101716
1"
#138105596
0!
0"
#138105604
1!
#138111316
1"
#138115196
0!
0"
#138115204
1!
#138120916
1"
#138124796
0!
0"
#138124804
1!
#138130516
1"
#138134396
0!
0"
#138134404
1!
#138140116
1"
#138143996
0!
0"
#138144004
b1011010001 %
1!
#138149772
1"
#138153596
0!
0"
#138153604
1!
#138159372
1"
#138163196
0!
0"
#138163204
1!
#138168972
1"
#138172796
0!
0"
#138172804
1!
#138178572
1"
#138182396
0!
0"
#138182404
1!
#138188172
1"
#138191996
0!
0"
#138192004
1!
#138197772
1"
#138201596
0!
0"
#138201604
1!
#138207372
1"
#138211196
0!
0"
#138211204
1!
#138216972
1"
#138220796
0!
0"
#138220804
1!
#138226572
1"
#138230396
0!
0"
#138230404
1!
#138236172
1"
#138239996
0!
0"
#138240004
b1011011000 %
1!
#138245828
1"
#138249596
0!
0"
#138249604
1!
#138255428
1"
#138259196
0!
0"
#138259204
1!
#138265028
1"
#138268796
0!
0"
#138268804
1!
#138274628
1"
#138278396
0!
0"
#138278404
1!
#138284228
1"
#138287996
0!
0"
#138288004
1!
#138293828
1"
#138297596
0!
0"
#138297604
1!
#138303428
1"
#138307196
0!
0"
#138307204
1!
#138313028
1"
#138316796
0!
0"
#138316804
1!
#138322628
1"
#138326396
0!
0"
#138326404
1!
#138332228
1"
#138335996
0!
0"
#138336004
b1011011111 %
1!
#138341884
1"
#138345596
0!
0"
#138345604
1!
#138351484
1"
#138355196
0!
0"
#138355204
1!
#138361084
1"
#138364796
0!
0"
#138364804
1!
#138370684
1"
#138374396
0!
0"
#138374404
1!
#138380284
1"
#138383996
0!
0"
#138384004
1!
#138389884
1"
#138393596
0!
0"
#138393604
1!
#138399484
1"
#138403196
0!
0"
#138403204
1!
#138409084
1"
#138412796
0!
0"
#138412804
1!
#138418684
1"
#138422396
0!
0"
#138422404
1!
#138428284
1"
#138431996
0!
0"
#138432004
b1011100110 %
1!
#138437940
1"
#138441596
0!
0"
#138441604
1!
#138447540
1"
#138451196
0!
0"
#138451204
1!
#138457140
1"
#138460796
0!
0"
#138460804
1!
#138466740
1"
#138470396
0!
0"
#138470404
1!
#138476340
1"
#138479996
0!
0"
#138480004
1!
#138485940
1"
#138489596
0!
0"
#138489604
1!
#138495540
1"
#138499196
0!
0"
#138499204
1!
#138505140
1"
#138508796
0!
0"
#138508804
1!
#138514740
1"
#138518396
0!
0"
#138518404
1!
#138524340
1"
#138527996
0!
0"
#138528004
b1011101101 %
1!
#138533996
1"
#138537596
0!
0"
#138537604
1!
#138543596
1"
#138547196
0!
0"
#138547204
1!
#138553196
1"
#138556796
0!
0"
#138556804
1!
#138562796
1"
#138566396
0!
0"
#138566404
1!
#138572396
1"
#138575996
0!
0"
#138576004
1!
#138581996
1"
#138585596
0!
0"
#138585604
1!
#138591596
1"
#138595196
0!
0"
#138595204
1!
#138601196
1"
#138604796
0!
0"
#138604804
1!
#138610796
1"
#138614396
0!
0"
#138614404
1!
#138620396
1"
#138623996
0!
0"
#138624004
b1011110100 %
1!
#138630052
1"
#138633596
0!
0"
#138633604
1!
#138639652
1"
#138643196
0!
0"
#138643204
1!
#138649252
1"
#138652796
0!
0"
#138652804
1!
#138658852
1"
#138662396
0!
0"
#138662404
1!
#138668452
1"
#138671996
0!
0"
#138672004
1!
#138678052
1"
#138681596
0!
0"
#138681604
1!
#138687652
1"
#138691196
0!
0"
#138691204
1!
#138697252
1"
#138700796
0!
0"
#138700804
1!
#138706852
1"
#138710396
0!
0"
#138710404
1!
#138716452
1"
#138719996
0!
0"
#138720004
b1011111011 %
1!
#138726108
1"
#138729596
0!
0"
#138729604
1!
#138735708
1"
#138739196
0!
0"
#138739204
1!
#138745308
1"
#138748796
0!
0"
#138748804
1!
#138754908
1"
#138758396
0!
0"
#138758404
1!
#138764508
1"
#138767996
0!
0"
#138768004
1!
#138774108
1"
#138777596
0!
0"
#138777604
1!
#138783708
1"
#138787196
0!
0"
#138787204
1!
#138793308
1"
#138796796
0!
0"
#138796804
1!
#138802908
1"
#138806396
0!
0"
#138806404
1!
#138812508
1"
#138815996
0!
0"
#138816004
b1100000010 %
1!
#138822164
1"
#138825596
0!
0"
#138825604
1!
#138831764
1"
#138835196
0!
0"
#138835204
1!
#138841364
1"
#138844796
0!
0"
#138844804
1!
#138850964
1"
#138854396
0!
0"
#138854404
1!
#138860564
1"
#138863996
0!
0"
#138864004
1!
#138870164
1"
#138873596
0!
0"
#138873604
1!
#138879764
1"
#138883196
0!
0"
#138883204
1!
#138889364
1"
#138892796
0!
0"
#138892804
1!
#138898964
1"
#138902396
0!
0"
#138902404
1!
#138908564
1"
#138911996
0!
0"
#138912004
b1100001001 %
1!
#138918220
1"
#138921596
0!
0"
#138921604
1!
#138927820
1"
#138931196
0!
0"
#138931204
1!
#138937420
1"
#138940796
0!
0"
#138940804
1!
#138947020
1"
#138950396
0!
0"
#138950404
1!
#138956620
1"
#138959996
0!
0"
#138960004
1!
#138966220
1"
#138969596
0!
0"
#138969604
1!
#138975820
1"
#138979196
0!
0"
#138979204
1!
#138985420
1"
#138988796
0!
0"
#138988804
1!
#138995020
1"
#138998396
0!
0"
#138998404
1!
#139004620
1"
#139007996
0!
0"
#139008004
b1100010000 %
1!
#139014276
1"
#139017596
0!
0"
#139017604
1!
#139023876
1"
#139027196
0!
0"
#139027204
1!
#139033476
1"
#139036796
0!
0"
#139036804
1!
#139043076
1"
#139046396
0!
0"
#139046404
1!
#139052676
1"
#139055996
0!
0"
#139056004
1!
#139062276
1"
#139065596
0!
0"
#139065604
1!
#139071876
1"
#139075196
0!
0"
#139075204
1!
#139081476
1"
#139084796
0!
0"
#139084804
1!
#139091076
1"
#139094396
0!
0"
#139094404
1!
#139100676
1"
#139103996
0!
0"
#139104004
b1100010111 %
1!
#139110332
1"
#139113596
0!
0"
#139113604
1!
#139119932
1"
#139123196
0!
0"
#139123204
1!
#139129532
1"
#139132796
0!
0"
#139132804
1!
#139139132
1"
#139142396
0!
0"
#139142404
1!
#139148732
1"
#139151996
0!
0"
#139152004
1!
#139158332
1"
#139161596
0!
0"
#139161604
1!
#139167932
1"
#139171196
0!
0"
#139171204
1!
#139177532
1"
#139180796
0!
0"
#139180804
1!
#139187132
1"
#139190396
0!
0"
#139190404
1!
#139196732
1"
#139199996
0!
0"
#139200004
b1100011110 %
1!
#139206388
1"
#139209596
0!
0"
#139209604
1!
#139215988
1"
#139219196
0!
0"
#139219204
1!
#139225588
1"
#139228796
0!
0"
#139228804
1!
#139235188
1"
#139238396
0!
0"
#139238404
1!
#139244788
1"
#139247996
0!
0"
#139248004
1!
#139254388
1"
#139257596
0!
0"
#139257604
1!
#139263988
1"
#139267196
0!
0"
#139267204
1!
#139273588
1"
#139276796
0!
0"
#139276804
1!
#139283188
1"
#139286396
0!
0"
#139286404
1!
#139292788
1"
#139295996
0!
0"
#139296004
b1100100101 %
1!
#139302444
1"
#139305596
0!
0"
#139305604
1!
#139312044
1"
#139315196
0!
0"
#139315204
1!
#139321644
1"
#139324796
0!
0"
#139324804
1!
#139331244
1"
#139334396
0!
0"
#139334404
1!
#139340844
1"
#139343996
0!
0"
#139344004
1!
#139350444
1"
#139353596
0!
0"
#139353604
1!
#139360044
1"
#139363196
0!
0"
#139363204
1!
#139369644
1"
#139372796
0!
0"
#139372804
1!
#139379244
1"
#139382396
0!
0"
#139382404
1!
#139388844
1"
#139391996
0!
0"
#139392004
b1100101100 %
1!
#139398500
1"
#139401596
0!
0"
#139401604
1!
#139408100
1"
#139411196
0!
0"
#139411204
1!
#139417700
1"
#139420796
0!
0"
#139420804
1!
#139427300
1"
#139430396
0!
0"
#139430404
1!
#139436900
1"
#139439996
0!
0"
#139440004
1!
#139446500
1"
#139449596
0!
0"
#139449604
1!
#139456100
1"
#139459196
0!
0"
#139459204
1!
#139465700
1"
#139468796
0!
0"
#139468804
1!
#139475300
1"
#139478396
0!
0"
#139478404
1!
#139484900
1"
#139487996
0!
0"
#139488004
b1100110011 %
1!
#139494556
1"
#139497596
0!
0"
#139497604
1!
#139504156
1"
#139507196
0!
0"
#139507204
1!
#139513756
1"
#139516796
0!
0"
#139516804
1!
#139523356
1"
#139526396
0!
0"
#139526404
1!
#139532956
1"
#139535996
0!
0"
#139536004
1!
#139542556
1"
#139545596
0!
0"
#139545604
1!
#139552156
1"
#139555196
0!
0"
#139555204
1!
#139561756
1"
#139564796
0!
0"
#139564804
1!
#139571356
1"
#139574396
0!
0"
#139574404
1!
#139580956
1"
#139583996
0!
0"
#139584004
b1100111010 %
1!
#139590612
1"
#139593596
0!
0"
#139593604
1!
#139600212
1"
#139603196
0!
0"
#139603204
1!
#139609812
1"
#139612796
0!
0"
#139612804
1!
#139619412
1"
#139622396
0!
0"
#139622404
1!
#139629012
1"
#139631996
0!
0"
#139632004
1!
#139638612
1"
#139641596
0!
0"
#139641604
1!
#139648212
1"
#139651196
0!
0"
#139651204
1!
#139657812
1"
#139660796
0!
0"
#139660804
1!
#139667412
1"
#139670396
0!
0"
#139670404
1!
#139677012
1"
#139679996
0!
0"
#139680004
b1101000001 %
1!
#139686668
1"
#139689596
0!
0"
#139689604
1!
#139696268
1"
#139699196
0!
0"
#139699204
1!
#139705868
1"
#139708796
0!
0"
#139708804
1!
#139715468
1"
#139718396
0!
0"
#139718404
1!
#139725068
1"
#139727996
0!
0"
#139728004
1!
#139734668
1"
#139737596
0!
0"
#139737604
1!
#139744268
1"
#139747196
0!
0"
#139747204
1!
#139753868
1"
#139756796
0!
0"
#139756804
1!
#139763468
1"
#139766396
0!
0"
#139766404
1!
#139773068
1"
#139775996
0!
0"
#139776004
b1101001000 %
1!
#139782724
1"
#139785596
0!
0"
#139785604
1!
#139792324
1"
#139795196
0!
0"
#139795204
1!
#139801924
1"
#139804796
0!
0"
#139804804
1!
#139811524
1"
#139814396
0!
0"
#139814404
1!
#139821124
1"
#139823996
0!
0"
#139824004
1!
#139830724
1"
#139833596
0!
0"
#139833604
1!
#139840324
1"
#139843196
0!
0"
#139843204
1!
#139849924
1"
#139852796
0!
0"
#139852804
1!
#139859524
1"
#139862396
0!
0"
#139862404
1!
#139869124
1"
#139871996
0!
0"
#139872004
b1101001111 %
1!
#139878780
1"
#139881596
0!
0"
#139881604
1!
#139888380
1"
#139891196
0!
0"
#139891204
1!
#139897980
1"
#139900796
0!
0"
#139900804
1!
#139907580
1"
#139910396
0!
0"
#139910404
1!
#139917180
1"
#139919996
0!
0"
#139920004
1!
#139926780
1"
#139929596
0!
0"
#139929604
1!
#139936380
1"
#139939196
0!
0"
#139939204
1!
#139945980
1"
#139948796
0!
0"
#139948804
1!
#139955580
1"
#139958396
0!
0"
#139958404
1!
#139965180
1"
#139967996
0!
0"
#139968004
b1101010110 %
1!
#139974836
1"
#139977596
0!
0"
#139977604
1!
#139984436
1"
#139987196
0!
0"
#139987204
1!
#139994036
1"
#139996796
0!
0"
#139996804
1!
#140003636
1"
#140006396
0!
0"
#140006404
1!
#140013236
1"
#140015996
0!
0"
#140016004
1!
#140022836
1"
#140025596
0!
0"
#140025604
1!
#140032436
1"
#140035196
0!
0"
#140035204
1!
#140042036
1"
#140044796
0!
0"
#140044804
1!
#140051636
1"
#140054396
0!
0"
#140054404
1!
#140061236
1"
#140063996
0!
0"
#140064004
b1101011101 %
1!
#140070892
1"
#140073596
0!
0"
#140073604
1!
#140080492
1"
#140083196
0!
0"
#140083204
1!
#140090092
1"
#140092796
0!
0"
#140092804
1!
#140099692
1"
#140102396
0!
0"
#140102404
1!
#140109292
1"
#140111996
0!
0"
#140112004
1!
#140118892
1"
#140121596
0!
0"
#140121604
1!
#140128492
1"
#140131196
0!
0"
#140131204
1!
#140138092
1"
#140140796
0!
0"
#140140804
1!
#140147692
1"
#140150396
0!
0"
#140150404
1!
#140157292
1"
#140159996
0!
0"
#140160004
b1101100100 %
1!
#140166948
1"
#140169596
0!
0"
#140169604
1!
#140176548
1"
#140179196
0!
0"
#140179204
1!
#140186148
1"
#140188796
0!
0"
#140188804
1!
#140195748
1"
#140198396
0!
0"
#140198404
1!
#140205348
1"
#140207996
0!
0"
#140208004
1!
#140214948
1"
#140217596
0!
0"
#140217604
1!
#140224548
1"
#140227196
0!
0"
#140227204
1!
#140234148
1"
#140236796
0!
0"
#140236804
1!
#140243748
1"
#140246396
0!
0"
#140246404
1!
#140253348
1"
#140255996
0!
0"
#140256004
b1101101011 %
1!
#140263004
1"
#140265596
0!
0"
#140265604
1!
#140272604
1"
#140275196
0!
0"
#140275204
1!
#140282204
1"
#140284796
0!
0"
#140284804
1!
#140291804
1"
#140294396
0!
0"
#140294404
1!
#140301404
1"
#140303996
0!
0"
#140304004
1!
#140311004
1"
#140313596
0!
0"
#140313604
1!
#140320604
1"
#140323196
0!
0"
#140323204
1!
#140330204
1"
#140332796
0!
0"
#140332804
1!
#140339804
1"
#140342396
0!
0"
#140342404
1!
#140349404
1"
#140351996
0!
0"
#140352004
b1101110010 %
1!
#140359060
1"
#140361596
0!
0"
#140361604
1!
#140368660
1"
#140371196
0!
0"
#140371204
1!
#140378260
1"
#140380796
0!
0"
#140380804
1!
#140387860
1"
#140390396
0!
0"
#140390404
1!
#140397460
1"
#140399996
0!
0"
#140400004
1!
#140407060
1"
#140409596
0!
0"
#140409604
1!
#140416660
1"
#140419196
0!
0"
#140419204
1!
#140426260
1"
#140428796
0!
0"
#140428804
1!
#140435860
1"
#140438396
0!
0"
#140438404
1!
#140445460
1"
#140447996
0!
0"
#140448004
b1101111001 %
1!
#140455116
1"
#140457596
0!
0"
#140457604
1!
#140464716
1"
#140467196
0!
0"
#140467204
1!
#140474316
1"
#140476796
0!
0"
#140476804
1!
#140483916
1"
#140486396
0!
0"
#140486404
1!
#140493516
1"
#140495996
0!
0"
#140496004
1!
#140503116
1"
#140505596
0!
0"
#140505604
1!
#140512716
1"
#140515196
0!
0"
#140515204
1!
#140522316
1"
#140524796
0!
0"
#140524804
1!
#140531916
1"
#140534396
0!
0"
#140534404
1!
#140541516
1"
#140543996
0!
0"
#140544004
b1110000000 %
1!
#140551172
1"
#140553596
0!
0"
#140553604
1!
#140560772
1"
#140563196
0!
0"
#140563204
1!
#140570372
1"
#140572796
0!
0"
#140572804
1!
#140579972
1"
#140582396
0!
0"
#140582404
1!
#140589572
1"
#140591996
0!
0"
#140592004
1!
#140599172
1"
#140601596
0!
0"
#140601604
1!
#140608772
1"
#140611196
0!
0"
#140611204
1!
#140618372
1"
#140620796
0!
0"
#140620804
1!
#140627972
1"
#140630396
0!
0"
#140630404
1!
#140637572
1"
#140639996
0!
0"
#140640004
b1110000111 %
1!
#140647228
1"
#140649596
0!
0"
#140649604
1!
#140656828
1"
#140659196
0!
0"
#140659204
1!
#140666428
1"
#140668796
0!
0"
#140668804
1!
#140676028
1"
#140678396
0!
0"
#140678404
1!
#140685628
1"
#140687996
0!
0"
#140688004
1!
#140695228
1"
#140697596
0!
0"
#140697604
1!
#140704828
1"
#140707196
0!
0"
#140707204
1!
#140714428
1"
#140716796
0!
0"
#140716804
1!
#140724028
1"
#140726396
0!
0"
#140726404
1!
#140733628
1"
#140735996
0!
0"
#140736004
b1110001110 %
1!
#140743284
1"
#140745596
0!
0"
#140745604
1!
#140752884
1"
#140755196
0!
0"
#140755204
1!
#140762484
1"
#140764796
0!
0"
#140764804
1!
#140772084
1"
#140774396
0!
0"
#140774404
1!
#140781684
1"
#140783996
0!
0"
#140784004
1!
#140791284
1"
#140793596
0!
0"
#140793604
1!
#140800884
1"
#140803196
0!
0"
#140803204
1!
#140810484
1"
#140812796
0!
0"
#140812804
1!
#140820084
1"
#140822396
0!
0"
#140822404
1!
#140829684
1"
#140831996
0!
0"
#140832004
b1110010101 %
1!
#140839340
1"
#140841596
0!
0"
#140841604
1!
#140848940
1"
#140851196
0!
0"
#140851204
1!
#140858540
1"
#140860796
0!
0"
#140860804
1!
#140868140
1"
#140870396
0!
0"
#140870404
1!
#140877740
1"
#140879996
0!
0"
#140880004
1!
#140887340
1"
#140889596
0!
0"
#140889604
1!
#140896940
1"
#140899196
0!
0"
#140899204
1!
#140906540
1"
#140908796
0!
0"
#140908804
1!
#140916140
1"
#140918396
0!
0"
#140918404
1!
#140925740
1"
#140927996
0!
0"
#140928004
b1110011100 %
1!
#140935396
1"
#140937596
0!
0"
#140937604
1!
#140944996
1"
#140947196
0!
0"
#140947204
1!
#140954596
1"
#140956796
0!
0"
#140956804
1!
#140964196
1"
#140966396
0!
0"
#140966404
1!
#140973796
1"
#140975996
0!
0"
#140976004
1!
#140983396
1"
#140985596
0!
0"
#140985604
1!
#140992996
1"
#140995196
0!
0"
#140995204
1!
#141002596
1"
#141004796
0!
0"
#141004804
1!
#141012196
1"
#141014396
0!
0"
#141014404
1!
#141021796
1"
#141023996
0!
0"
#141024004
b1110100011 %
1!
#141031452
1"
#141033596
0!
0"
#141033604
1!
#141041052
1"
#141043196
0!
0"
#141043204
1!
#141050652
1"
#141052796
0!
0"
#141052804
1!
#141060252
1"
#141062396
0!
0"
#141062404
1!
#141069852
1"
#141071996
0!
0"
#141072004
1!
#141079452
1"
#141081596
0!
0"
#141081604
1!
#141089052
1"
#141091196
0!
0"
#141091204
1!
#141098652
1"
#141100796
0!
0"
#141100804
1!
#141108252
1"
#141110396
0!
0"
#141110404
1!
#141117852
1"
#141119996
0!
0"
#141120004
b1110101010 %
1!
#141127508
1"
#141129596
0!
0"
#141129604
1!
#141137108
1"
#141139196
0!
0"
#141139204
1!
#141146708
1"
#141148796
0!
0"
#141148804
1!
#141156308
1"
#141158396
0!
0"
#141158404
1!
#141165908
1"
#141167996
0!
0"
#141168004
1!
#141175508
1"
#141177596
0!
0"
#141177604
1!
#141185108
1"
#141187196
0!
0"
#141187204
1!
#141194708
1"
#141196796
0!
0"
#141196804
1!
#141204308
1"
#141206396
0!
0"
#141206404
1!
#141213908
1"
#141215996
0!
0"
#141216004
b1110110001 %
1!
#141223564
1"
#141225596
0!
0"
#141225604
1!
#141233164
1"
#141235196
0!
0"
#141235204
1!
#141242764
1"
#141244796
0!
0"
#141244804
1!
#141252364
1"
#141254396
0!
0"
#141254404
1!
#141261964
1"
#141263996
0!
0"
#141264004
1!
#141271564
1"
#141273596
0!
0"
#141273604
1!
#141281164
1"
#141283196
0!
0"
#141283204
1!
#141290764
1"
#141292796
0!
0"
#141292804
1!
#141300364
1"
#141302396
0!
0"
#141302404
1!
#141309964
1"
#141311996
0!
0"
#141312004
b1110111000 %
1!
#141319620
1"
#141321596
0!
0"
#141321604
1!
#141329220
1"
#141331196
0!
0"
#141331204
1!
#141338820
1"
#141340796
0!
0"
#141340804
1!
#141348420
1"
#141350396
0!
0"
#141350404
1!
#141358020
1"
#141359996
0!
0"
#141360004
1!
#141367620
1"
#141369596
0!
0"
#141369604
1!
#141377220
1"
#141379196
0!
0"
#141379204
1!
#141386820
1"
#141388796
0!
0"
#141388804
1!
#141396420
1"
#141398396
0!
0"
#141398404
1!
#141406020
1"
#141407996
0!
0"
#141408004
b1110111111 %
1!
#141415676
1"
#141417596
0!
0"
#141417604
1!
#141425276
1"
#141427196
0!
0"
#141427204
1!
#141434876
1"
#141436796
0!
0"
#141436804
1!
#141444476
1"
#141446396
0!
0"
#141446404
1!
#141454076
1"
#141455996
0!
0"
#141456004
1!
#141463676
1"
#141465596
0!
0"
#141465604
1!
#141473276
1"
#141475196
0!
0"
#141475204
1!
#141482876
1"
#141484796
0!
0"
#141484804
1!
#141492476
1"
#141494396
0!
0"
#141494404
1!
#141502076
1"
#141503996
0!
0"
#141504004
b1111000110 %
1!
#141511732
1"
#141513596
0!
0"
#141513604
1!
#141521332
1"
#141523196
0!
0"
#141523204
1!
#141530932
1"
#141532796
0!
0"
#141532804
1!
#141540532
1"
#141542396
0!
0"
#141542404
1!
#141550132
1"
#141551996
0!
0"
#141552004
1!
#141559732
1"
#141561596
0!
0"
#141561604
1!
#141569332
1"
#141571196
0!
0"
#141571204
1!
#141578932
1"
#141580796
0!
0"
#141580804
1!
#141588532
1"
#141590396
0!
0"
#141590404
1!
#141598132
1"
#141599996
0!
0"
#141600004
b1111001101 %
1!
#141607788
1"
#141609596
0!
0"
#141609604
1!
#141617388
1"
#141619196
0!
0"
#141619204
1!
#141626988
1"
#141628796
0!
0"
#141628804
1!
#141636588
1"
#141638396
0!
0"
#141638404
1!
#141646188
1"
#141647996
0!
0"
#141648004
1!
#141655788
1"
#141657596
0!
0"
#141657604
1!
#141665388
1"
#141667196
0!
0"
#141667204
1!
#141674988
1"
#141676796
0!
0"
#141676804
1!
#141684588
1"
#141686396
0!
0"
#141686404
1!
#141694188
1"
#141695996
0!
0"
#141696004
b1111010100 %
1!
#141703844
1"
#141705596
0!
0"
#141705604
1!
#141713444
1"
#141715196
0!
0"
#141715204
1!
#141723044
1"
#141724796
0!
0"
#141724804
1!
#141732644
1"
#141734396
0!
0"
#141734404
1!
#141742244
1"
#141743996
0!
0"
#141744004
1!
#141751844
1"
#141753596
0!
0"
#141753604
1!
#141761444
1"
#141763196
0!
0"
#141763204
1!
#141771044
1"
#141772796
0!
0"
#141772804
1!
#141780644
1"
#141782396
0!
0"
#141782404
1!
#141790244
1"
#141791996
0!
0"
#141792004
b1111011011 %
1!
#141799900
1"
#141801596
0!
0"
#141801604
1!
#141809500
1"
#141811196
0!
0"
#141811204
1!
#141819100
1"
#141820796
0!
0"
#141820804
1!
#141828700
1"
#141830396
0!
0"
#141830404
1!
#141838300
1"
#141839996
0!
0"
#141840004
1!
#141847900
1"
#141849596
0!
0"
#141849604
1!
#141857500
1"
#141859196
0!
0"
#141859204
1!
#141867100
1"
#141868796
0!
0"
#141868804
1!
#141876700
1"
#141878396
0!
0"
#141878404
1!
#141886300
1"
#141887996
0!
0"
#141888004
b1111100010 %
1!
#141895956
1"
#141897596
0!
0"
#141897604
1!
#141905556
1"
#141907196
0!
0"
#141907204
1!
#141915156
1"
#141916796
0!
0"
#141916804
1!
#141924756
1"
#141926396
0!
0"
#141926404
1!
#141934356
1"
#141935996
0!
0"
#141936004
1!
#141943956
1"
#141945596
0!
0"
#141945604
1!
#141953556
1"
#141955196
0!
0"
#141955204
1!
#141963156
1"
#141964796
0!
0"
#141964804
1!
#141972756
1"
#141974396
0!
0"
#141974404
1!
#141982356
1"
#141983996
0!
0"
#141984004
b1111101001 %
1!
#141992012
1"
#141993596
0!
0"
#141993604
1!
#142001612
1"
#142003196
0!
0"
#142003204
1!
#142011212
1"
#142012796
0!
0"
#142012804
1!
#142020812
1"
#142022396
0!
0"
#142022404
1!
#142030412
1"
#142031996
0!
0"
#142032004
1!
#142040012
1"
#142041596
0!
0"
#142041604
1!
#142049612
1"
#142051196
0!
0"
#142051204
1!
#142059212
1"
#142060796
0!
0"
#142060804
1!
#142068812
1"
#142070396
0!
0"
#142070404
1!
#142078412
1"
#142079996
0!
0"
#142080004
b1111110000 %
1!
#142088068
1"
#142089596
0!
0"
#142089604
1!
#142097668
1"
#142099196
0!
0"
#142099204
1!
#142107268
1"
#142108796
0!
0"
#142108804
1!
#142116868
1"
#142118396
0!
0"
#142118404
1!
#142126468
1"
#142127996
0!
0"
#142128004
1!
#142136068
1"
#142137596
0!
0"
#142137604
1!
#142145668
1"
#142147196
0!
0"
#142147204
1!
#142155268
1"
#142156796
0!
0"
#142156804
1!
#142164868
1"
#142166396
0!
0"
#142166404
1!
#142174468
1"
#142175996
0!
0"
#142176004
b1111110111 %
1!
#142184124
1"
#142185596
0!
0"
#142185604
1!
#142193724
1"
#142195196
0!
0"
#142195204
1!
#142203324
1"
#142204796
0!
0"
#142204804
1!
#142212924
1"
#142214396
0!
0"
#142214404
1!
#142222524
1"
#142223996
0!
0"
#142224004
1!
#142232124
1"
#142233596
0!
0"
#142233604
1!
#142241724
1"
#142243196
0!
0"
#142243204
1!
#142251324
1"
#142252796
0!
0"
#142252804
1!
#142260924
1"
#142262396
0!
0"
#142262404
1!
#142270524
1"
#142271996
0!
0"
#142272004
b1111111110 %
1!
#142280180
1"
#142281596
0!
0"
#142281604
1!
#142289780
1"
#142291196
0!
0"
#142291204
1!
#142299380
1"
#142300796
0!
0"
#142300804
1!
#142308980
1"
#142310396
0!
0"
#142310404
1!
#142318580
1"
#142319996
0!
0"
#142320004
1!
#142328180
1"
#142329596
0!
0"
#142329604
1!
#142337780
1"
#142339196
0!
0"
#142339204
1!
#142347380
1"
#142348796
0!
0"
#142348804
1!
#142356980
1"
#142358396
0!
0"
#142358404
1!
#142366580
1"
#142367996
0!
0"
#142368004
b10000000101 %
1!
#142376236
1"
#142377596
0!
0"
#142377604
1!
#142385836
1"
#142387196
0!
0"
#142387204
1!
#142395436
1"
#142396796
0!
0"
#142396804
1!
#142405036
1"
#142406396
0!
0"
#142406404
1!
#142414636
1"
#142415996
0!
0"
#142416004
1!
#142424236
1"
#142425596
0!
0"
#142425604
1!
#142433836
1"
#142435196
0!
0"
#142435204
1!
#142443436
1"
#142444796
0!
0"
#142444804
1!
#142453036
1"
#142454396
0!
0"
#142454404
1!
#142462636
1"
#142463996
0!
0"
#142464004
b10000001100 %
1!
#142472292
1"
#142473596
0!
0"
#142473604
1!
#142481892
1"
#142483196
0!
0"
#142483204
1!
#142491492
1"
#142492796
0!
0"
#142492804
1!
#142501092
1"
#142502396
0!
0"
#142502404
1!
#142510692
1"
#142511996
0!
0"
#142512004
1!
#142520292
1"
#142521596
0!
0"
#142521604
1!
#142529892
1"
#142531196
0!
0"
#142531204
1!
#142539492
1"
#142540796
0!
0"
#142540804
1!
#142549092
1"
#142550396
0!
0"
#142550404
1!
#142558692
1"
#142559996
0!
0"
#142560004
b10000010011 %
1!
#142568348
1"
#142569596
0!
0"
#142569604
1!
#142577948
1"
#142579196
0!
0"
#142579204
1!
#142587548
1"
#142588796
0!
0"
#142588804
1!
#142597148
1"
#142598396
0!
0"
#142598404
1!
#142606748
1"
#142607996
0!
0"
#142608004
1!
#142616348
1"
#142617596
0!
0"
#142617604
1!
#142625948
1"
#142627196
0!
0"
#142627204
1!
#142635548
1"
#142636796
0!
0"
#142636804
1!
#142645148
1"
#142646396
0!
0"
#142646404
1!
#142654748
1"
#142655996
0!
0"
#142656004
b10000011010 %
1!
#142664404
1"
#142665596
0!
0"
#142665604
1!
#142674004
1"
#142675196
0!
0"
#142675204
1!
#142683604
1"
#142684796
0!
0"
#142684804
1!
#142693204
1"
#142694396
0!
0"
#142694404
1!
#142702804
1"
#142703996
0!
0"
#142704004
1!
#142712404
1"
#142713596
0!
0"
#142713604
1!
#142722004
1"
#142723196
0!
0"
#142723204
1!
#142731604
1"
#142732796
0!
0"
#142732804
1!
#142741204
1"
#142742396
0!
0"
#142742404
1!
#142750804
1"
#142751996
0!
0"
#142752004
b10000100001 %
1!
#142760460
1"
#142761596
0!
0"
#142761604
1!
#142770060
1"
#142771196
0!
0"
#142771204
1!
#142779660
1"
#142780796
0!
0"
#142780804
1!
#142789260
1"
#142790396
0!
0"
#142790404
1!
#142798860
1"
#142799996
0!
0"
#142800004
1!
#142808460
1"
#142809596
0!
0"
#142809604
1!
#142818060
1"
#142819196
0!
0"
#142819204
1!
#142827660
1"
#142828796
0!
0"
#142828804
1!
#142837260
1"
#142838396
0!
0"
#142838404
1!
#142846860
1"
#142847996
0!
0"
#142848004
b10000101000 %
1!
#142856516
1"
#142857596
0!
0"
#142857604
1!
#142866116
1"
#142867196
0!
0"
#142867204
1!
#142875716
1"
#142876796
0!
0"
#142876804
1!
#142885316
1"
#142886396
0!
0"
#142886404
1!
#142894916
1"
#142895996
0!
0"
#142896004
1!
#142904516
1"
#142905596
0!
0"
#142905604
1!
#142914116
1"
#142915196
0!
0"
#142915204
1!
#142923716
1"
#142924796
0!
0"
#142924804
1!
#142933316
1"
#142934396
0!
0"
#142934404
1!
#142942916
1"
#142943996
0!
0"
#142944004
b10000101111 %
1!
#142952572
1"
#142953596
0!
0"
#142953604
1!
#142962172
1"
#142963196
0!
0"
#142963204
1!
#142971772
1"
#142972796
0!
0"
#142972804
1!
#142981372
1"
#142982396
0!
0"
#142982404
1!
#142990972
1"
#142991996
0!
0"
#142992004
1!
#143000572
1"
#143001596
0!
0"
#143001604
1!
#143010172
1"
#143011196
0!
0"
#143011204
1!
#143019772
1"
#143020796
0!
0"
#143020804
1!
#143029372
1"
#143030396
0!
0"
#143030404
1!
#143038972
1"
#143039996
0!
0"
#143040004
b10000110110 %
1!
#143048628
1"
#143049596
0!
0"
#143049604
1!
#143058228
1"
#143059196
0!
0"
#143059204
1!
#143067828
1"
#143068796
0!
0"
#143068804
1!
#143077428
1"
#143078396
0!
0"
#143078404
1!
#143087028
1"
#143087996
0!
0"
#143088004
1!
#143096628
1"
#143097596
0!
0"
#143097604
1!
#143106228
1"
#143107196
0!
0"
#143107204
1!
#143115828
1"
#143116796
0!
0"
#143116804
1!
#143125428
1"
#143126396
0!
0"
#143126404
1!
#143135028
1"
#143135996
0!
0"
#143136004
b10000111101 %
1!
#143144684
1"
#143145596
0!
0"
#143145604
1!
#143154284
1"
#143155196
0!
0"
#143155204
1!
#143163884
1"
#143164796
0!
0"
#143164804
1!
#143173484
1"
#143174396
0!
0"
#143174404
1!
#143183084
1"
#143183996
0!
0"
#143184004
1!
#143192684
1"
#143193596
0!
0"
#143193604
1!
#143202284
1"
#143203196
0!
0"
#143203204
1!
#143211884
1"
#143212796
0!
0"
#143212804
1!
#143221484
1"
#143222396
0!
0"
#143222404
1!
#143231084
1"
#143231996
0!
0"
#143232004
b10001000100 %
1!
#143240740
1"
#143241596
0!
0"
#143241604
1!
#143250340
1"
#143251196
0!
0"
#143251204
1!
#143259940
1"
#143260796
0!
0"
#143260804
1!
#143269540
1"
#143270396
0!
0"
#143270404
1!
#143279140
1"
#143279996
0!
0"
#143280004
1!
#143288740
1"
#143289596
0!
0"
#143289604
1!
#143298340
1"
#143299196
0!
0"
#143299204
1!
#143307940
1"
#143308796
0!
0"
#143308804
1!
#143317540
1"
#143318396
0!
0"
#143318404
1!
#143327140
1"
#143327996
0!
0"
#143328004
b10001001011 %
1!
#143336796
1"
#143337596
0!
0"
#143337604
1!
#143346396
1"
#143347196
0!
0"
#143347204
1!
#143355996
1"
#143356796
0!
0"
#143356804
1!
#143365596
1"
#143366396
0!
0"
#143366404
1!
#143375196
1"
#143375996
0!
0"
#143376004
1!
#143384796
1"
#143385596
0!
0"
#143385604
1!
#143394396
1"
#143395196
0!
0"
#143395204
1!
#143403996
1"
#143404796
0!
0"
#143404804
1!
#143413596
1"
#143414396
0!
0"
#143414404
1!
#143423196
1"
#143423996
0!
0"
#143424004
b10001010010 %
1!
#143432852
1"
#143433596
0!
0"
#143433604
1!
#143442452
1"
#143443196
0!
0"
#143443204
1!
#143452052
1"
#143452796
0!
0"
#143452804
1!
#143461652
1"
#143462396
0!
0"
#143462404
1!
#143471252
1"
#143471996
0!
0"
#143472004
1!
#143480852
1"
#143481596
0!
0"
#143481604
1!
#143490452
1"
#143491196
0!
0"
#143491204
1!
#143500052
1"
#143500796
0!
0"
#143500804
1!
#143509652
1"
#143510396
0!
0"
#143510404
1!
#143519252
1"
#143519996
0!
0"
#143520004
b10001011001 %
1!
#143528908
1"
#143529596
0!
0"
#143529604
1!
#143538508
1"
#143539196
0!
0"
#143539204
1!
#143548108
1"
#143548796
0!
0"
#143548804
1!
#143557708
1"
#143558396
0!
0"
#143558404
1!
#143567308
1"
#143567996
0!
0"
#143568004
1!
#143576908
1"
#143577596
0!
0"
#143577604
1!
#143586508
1"
#143587196
0!
0"
#143587204
1!
#143596108
1"
#143596796
0!
0"
#143596804
1!
#143605708
1"
#143606396
0!
0"
#143606404
1!
#143615308
1"
#143615996
0!
0"
#143616004
b10001100000 %
1!
#143624964
1"
#143625596
0!
0"
#143625604
1!
#143634564
1"
#143635196
0!
0"
#143635204
1!
#143644164
1"
#143644796
0!
0"
#143644804
1!
#143653764
1"
#143654396
0!
0"
#143654404
1!
#143663364
1"
#143663996
0!
0"
#143664004
1!
#143672964
1"
#143673596
0!
0"
#143673604
1!
#143682564
1"
#143683196
0!
0"
#143683204
1!
#143692164
1"
#143692796
0!
0"
#143692804
1!
#143701764
1"
#143702396
0!
0"
#143702404
1!
#143711364
1"
#143711996
0!
0"
#143712004
b10001100111 %
1!
#143721020
1"
#143721596
0!
0"
#143721604
1!
#143730620
1"
#143731196
0!
0"
#143731204
1!
#143740220
1"
#143740796
0!
0"
#143740804
1!
#143749820
1"
#143750396
0!
0"
#143750404
1!
#143759420
1"
#143759996
0!
0"
#143760004
1!
#143769020
1"
#143769596
0!
0"
#143769604
1!
#143778620
1"
#143779196
0!
0"
#143779204
1!
#143788220
1"
#143788796
0!
0"
#143788804
1!
#143797820
1"
#143798396
0!
0"
#143798404
1!
#143807420
1"
#143807996
0!
0"
#143808004
b10001101110 %
1!
#143817076
1"
#143817596
0!
0"
#143817604
1!
#143826676
1"
#143827196
0!
0"
#143827204
1!
#143836276
1"
#143836796
0!
0"
#143836804
1!
#143845876
1"
#143846396
0!
0"
#143846404
1!
#143855476
1"
#143855996
0!
0"
#143856004
1!
#143865076
1"
#143865596
0!
0"
#143865604
1!
#143874676
1"
#143875196
0!
0"
#143875204
1!
#143884276
1"
#143884796
0!
0"
#143884804
1!
#143893876
1"
#143894396
0!
0"
#143894404
1!
#143903476
1"
#143903996
0!
0"
#143904004
b10001110101 %
1!
#143913132
1"
#143913596
0!
0"
#143913604
1!
#143922732
1"
#143923196
0!
0"
#143923204
1!
#143932332
1"
#143932796
0!
0"
#143932804
1!
#143941932
1"
#143942396
0!
0"
#143942404
1!
#143951532
1"
#143951996
0!
0"
#143952004
1!
#143961132
1"
#143961596
0!
0"
#143961604
1!
#143970732
1"
#143971196
0!
0"
#143971204
1!
#143980332
1"
#143980796
0!
0"
#143980804
1!
#143989932
1"
#143990396
0!
0"
#143990404
1!
#143999532
1"
#143999996
0!
0"
#144000004
b10001111100 %
1!
#144009188
1"
#144009596
0!
0"
#144009604
1!
#144018788
1"
#144019196
0!
0"
#144019204
1!
#144028388
1"
#144028796
0!
0"
#144028804
1!
#144037988
1"
#144038396
0!
0"
#144038404
1!
#144047588
1"
#144047996
0!
0"
#144048004
1!
#144057188
1"
#144057596
0!
0"
#144057604
1!
#144066788
1"
#144067196
0!
0"
#144067204
1!
#144076388
1"
#144076796
0!
0"
#144076804
1!
#144085988
1"
#144086396
0!
0"
#144086404
1!
#144095588
1"
#144095996
0!
0"
#144096004
b10010000011 %
1!
#144105244
1"
#144105596
0!
0"
#144105604
1!
#144114844
1"
#144115196
0!
0"
#144115204
1!
#144124444
1"
#144124796
0!
0"
#144124804
1!
#144134044
1"
#144134396
0!
0"
#144134404
1!
#144143644
1"
#144143996
0!
0"
#144144004
1!
#144153244
1"
#144153596
0!
0"
#144153604
1!
#144162844
1"
#144163196
0!
0"
#144163204
1!
#144172444
1"
#144172796
0!
0"
#144172804
1!
#144182044
1"
#144182396
0!
0"
#144182404
1!
#144191644
1"
#144191996
0!
0"
#144192004
b10010001010 %
1!
#144201300
1"
#144201596
0!
0"
#144201604
1!
#144210900
1"
#144211196
0!
0"
#144211204
1!
#144220500
1"
#144220796
0!
0"
#144220804
1!
#144230100
1"
#144230396
0!
0"
#144230404
1!
#144239700
1"
#144239996
0!
0"
#144240004
1!
#144249300
1"
#144249596
0!
0"
#144249604
1!
#144255996
b10010101001 &
#144258900
1"
#144259148
1#
#144259196
0#
0!
0"
#144259204
1!
#144268500
1"
#144268748
1#
#144268796
0#
0!
0"
#144268804
1!
#144278100
1"
#144278348
1#
#144278396
0#
0!
0"
#144278404
1!
#144287700
1"
#144287948
1#
#144287996
0#
0!
0"
#144288004
b10010010001 %
1!
#144297356
1"
#144297548
1#
#144297596
0#
0!
0"
#144297604
1!
#144306956
1"
#144307148
1#
#144307196
0#
0!
0"
#144307204
1!
#144316556
1"
#144316748
1#
#144316796
0#
0!
0"
#144316804
1!
#144326156
1"
#144326348
1#
#144326396
0#
0!
0"
#144326404
1!
#144335756
1"
#144335948
1#
#144335996
0#
0!
0"
#144336004
1!
#144345356
1"
#144345548
1#
#144345596
0#
0!
0"
#144345604
1!
#144351996
b10010100010 &
#144354956
1"
#144355092
1#
#144355196
0#
0!
0"
#144355204
1!
#144364556
1"
#144364692
1#
#144364796
0#
0!
0"
#144364804
1!
#144374156
1"
#144374292
1#
#144374396
0#
0!
0"
#144374404
1!
#144383756
1"
#144383892
1#
#144383996
0#
0!
0"
#144384004
b10010110000 %
1!
#144393492
1#
#144393596
0#
0!
#144393604
1!
#144403092
1#
#144403196
0#
0!
#144403204
1!
#144412692
1#
#144412796
0#
0!
#144412804
1!
#144422292
1#
#144422396
0#
0!
#144422404
1!
#144431892
1#
#144431996
0#
0!
#144432004
1!
#144441492
1#
#144441596
0#
0!
#144441604
1!
#144447996
b10010011011 &
#144451036
1#
#144451196
0#
0!
#144451204
1!
#144460636
1#
#144460796
0#
0!
#144460804
1!
#144470236
1#
#144470396
0#
0!
#144470404
1!
#144479836
1#
#144479996
0#
0!
#144480004
1!
#144489436
1#
#144489596
0#
0!
#144489604
1!
#144499036
1#
#144499196
0#
0!
#144499204
1!
#144508636
1#
#144508796
0#
0!
#144508804
1!
#144518236
1#
#144518396
0#
0!
#144518404
1!
#144527836
1#
#144527996
0#
0!
#144528004
1!
#144537436
1#
#144537596
0#
0!
#144537604
1!
#144543996
b10010010100 &
#144546980
1#
#144547196
0#
0!
#144547204
1!
#144556580
1#
#144556796
0#
0!
#144556804
1!
#144566180
1#
#144566396
0#
0!
#144566404
1!
#144575780
1#
#144575996
0#
0!
#144576004
1!
#144585380
1#
#144585596
0#
0!
#144585604
1!
#144594980
1#
#144595196
0#
0!
#144595204
1!
#144604580
1#
#144604796
0#
0!
#144604804
1!
#144614180
1#
#144614396
0#
0!
#144614404
1!
#144623780
1#
#144623996
0#
0!
#144624004
1!
#144633380
1#
#144633596
0#
0!
#144633604
1!
#144639996
b10010001101 &
#144642924
1#
#144643196
0#
0!
#144643204
1!
#144652524
1#
#144652796
0#
0!
#144652804
1!
#144662124
1#
#144662396
0#
0!
#144662404
1!
#144671724
1#
#144671996
0#
0!
#144672004
1!
#144681324
1#
#144681596
0#
0!
#144681604
1!
#144690924
1#
#144691196
0#
0!
#144691204
1!
#144700524
1#
#144700796
0#
0!
#144700804
1!
#144710124
1#
#144710396
0#
0!
#144710404
1!
#144719724
1#
#144719996
0#
0!
#144720004
1!
#144729324
1#
#144729596
0#
0!
#144729604
1!
#144735996
b10010000110 &
#144738868
1#
#144739196
0#
0!
#144739204
1!
#144748468
1#
#144748796
0#
0!
#144748804
1!
#144758068
1#
#144758396
0#
0!
#144758404
1!
#144767668
1#
#144767996
0#
0!
#144768004
1!
#144777268
1#
#144777596
0#
0!
#144777604
1!
#144786868
1#
#144787196
0#
0!
#144787204
1!
#144796468
1#
#144796796
0#
0!
#144796804
1!
#144806068
1#
#144806396
0#
0!
#144806404
1!
#144815668
1#
#144815996
0#
0!
#144816004
1!
#144825268
1#
#144825596
0#
0!
#144825604
1!
#144831996
b10001111111 &
#144834812
1#
#144835196
0#
0!
#144835204
1!
#144844412
1#
#144844796
0#
0!
#144844804
1!
#144854012
1#
#144854396
0#
0!
#144854404
1!
#144863612
1#
#144863996
0#
0!
#144864004
1!
#144873212
1#
#144873596
0#
0!
#144873604
1!
#144882812
1#
#144883196
0#
0!
#144883204
1!
#144892412
1#
#144892796
0#
0!
#144892804
1!
#144902012
1#
#144902396
0#
0!
#144902404
1!
#144911612
1#
#144911996
0#
0!
#144912004
1!
#144921212
1#
#144921596
0#
0!
#144921604
1!
#144927996
b10001111000 &
#144930756
1#
#144931196
0#
0!
#144931204
1!
#144940356
1#
#144940796
0#
0!
#144940804
1!
#144949956
1#
#144950396
0#
0!
#144950404
1!
#144959556
1#
#144959996
0#
0!
#144960004
1!
#144969156
1#
#144969596
0#
0!
#144969604
1!
#144978756
1#
#144979196
0#
0!
#144979204
1!
#144988356
1#
#144988796
0#
0!
#144988804
1!
#144997956
1#
#144998396
0#
0!
#144998404
1!
#145007556
1#
#145007996
0#
0!
#145008004
1!
#145017156
1#
#145017596
0#
0!
#145017604
1!
#145023996
b10001110001 &
#145026700
1#
#145027196
0#
0!
#145027204
1!
#145036300
1#
#145036796
0#
0!
#145036804
1!
#145045900
1#
#145046396
0#
0!
#145046404
1!
#145055500
1#
#145055996
0#
0!
#145056004
1!
#145065100
1#
#145065596
0#
0!
#145065604
1!
#145074700
1#
#145075196
0#
0!
#145075204
1!
#145084300
1#
#145084796
0#
0!
#145084804
1!
#145093900
1#
#145094396
0#
0!
#145094404
1!
#145103500
1#
#145103996
0#
0!
#145104004
1!
#145113100
1#
#145113596
0#
0!
#145113604
1!
#145119996
b10001101010 &
#145122644
1#
#145123196
0#
0!
#145123204
1!
#145132244
1#
#145132796
0#
0!
#145132804
1!
#145141844
1#
#145142396
0#
0!
#145142404
1!
#145151444
1#
#145151996
0#
0!
#145152004
1!
#145161044
1#
#145161596
0#
0!
#145161604
1!
#145170644
1#
#145171196
0#
0!
#145171204
1!
#145180244
1#
#145180796
0#
0!
#145180804
1!
#145189844
1#
#145190396
0#
0!
#145190404
1!
#145199444
1#
#145199996
0#
0!
#145200004
1!
#145209044
1#
#145209596
0#
0!
#145209604
1!
#145215996
b10001100011 &
#145218588
1#
#145219196
0#
0!
#145219204
1!
#145228188
1#
#145228796
0#
0!
#145228804
1!
#145237788
1#
#145238396
0#
0!
#145238404
1!
#145247388
1#
#145247996
0#
0!
#145248004
1!
#145256988
1#
#145257596
0#
0!
#145257604
1!
#145266588
1#
#145267196
0#
0!
#145267204
1!
#145276188
1#
#145276796
0#
0!
#145276804
1!
#145285788
1#
#145286396
0#
0!
#145286404
1!
#145295388
1#
#145295996
0#
0!
#145296004
1!
#145304988
1#
#145305596
0#
0!
#145305604
1!
#145311996
b10001011100 &
#145314532
1#
#145315196
0#
0!
#145315204
1!
#145324132
1#
#145324796
0#
0!
#145324804
1!
#145333732
1#
#145334396
0#
0!
#145334404
1!
#145343332
1#
#145343996
0#
0!
#145344004
1!
#145352932
1#
#145353596
0#
0!
#145353604
1!
#145362532
1#
#145363196
0#
0!
#145363204
1!
#145372132
1#
#145372796
0#
0!
#145372804
1!
#145381732
1#
#145382396
0#
0!
#145382404
1!
#145391332
1#
#145391996
0#
0!
#145392004
1!
#145400932
1#
#145401596
0#
0!
#145401604
1!
#145407996
b10001010101 &
#145410476
1#
#145411196
0#
0!
#145411204
1!
#145420076
1#
#145420796
0#
0!
#145420804
1!
#145429676
1#
#145430396
0#
0!
#145430404
1!
#145439276
1#
#145439996
0#
0!
#145440004
1!
#145448876
1#
#145449596
0#
0!
#145449604
1!
#145458476
1#
#145459196
0#
0!
#145459204
1!
#145468076
1#
#145468796
0#
0!
#145468804
1!
#145477676
1#
#145478396
0#
0!
#145478404
1!
#145487276
1#
#145487996
0#
0!
#145488004
1!
#145496876
1#
#145497596
0#
0!
#145497604
1!
#145503996
b10001001110 &
#145506420
1#
#145507196
0#
0!
#145507204
1!
#145516020
1#
#145516796
0#
0!
#145516804
1!
#145525620
1#
#145526396
0#
0!
#145526404
1!
#145535220
1#
#145535996
0#
0!
#145536004
1!
#145544820
1#
#145545596
0#
0!
#145545604
1!
#145554420
1#
#145555196
0#
0!
#145555204
1!
#145564020
1#
#145564796
0#
0!
#145564804
1!
#145573620
1#
#145574396
0#
0!
#145574404
1!
#145583220
1#
#145583996
0#
0!
#145584004
1!
#145592820
1#
#145593596
0#
0!
#145593604
1!
#145599996
b10001000111 &
#145602364
1#
#145603196
0#
0!
#145603204
1!
#145611964
1#
#145612796
0#
0!
#145612804
1!
#145621564
1#
#145622396
0#
0!
#145622404
1!
#145631164
1#
#145631996
0#
0!
#145632004
1!
#145640764
1#
#145641596
0#
0!
#145641604
1!
#145650364
1#
#145651196
0#
0!
#145651204
1!
#145659964
1#
#145660796
0#
0!
#145660804
1!
#145669564
1#
#145670396
0#
0!
#145670404
1!
#145679164
1#
#145679996
0#
0!
#145680004
1!
#145688764
1#
#145689596
0#
0!
#145689604
1!
#145695996
b10001000000 &
#145698308
1#
#145699196
0#
0!
#145699204
1!
#145707908
1#
#145708796
0#
0!
#145708804
1!
#145717508
1#
#145718396
0#
0!
#145718404
1!
#145727108
1#
#145727996
0#
0!
#145728004
1!
#145736708
1#
#145737596
0#
0!
#145737604
1!
#145746308
1#
#145747196
0#
0!
#145747204
1!
#145755908
1#
#145756796
0#
0!
#145756804
1!
#145765508
1#
#145766396
0#
0!
#145766404
1!
#145775108
1#
#145775996
0#
0!
#145776004
1!
#145784708
1#
#145785596
0#
0!
#145785604
1!
#145791996
b10000111001 &
#145794252
1#
#145795196
0#
0!
#145795204
1!
#145803852
1#
#145804796
0#
0!
#145804804
1!
#145813452
1#
#145814396
0#
0!
#145814404
1!
#145823052
1#
#145823996
0#
0!
#145824004
1!
#145832652
1#
#145833596
0#
0!
#145833604
1!
#145842252
1#
#145843196
0#
0!
#145843204
1!
#145851852
1#
#145852796
0#
0!
#145852804
1!
#145861452
1#
#145862396
0#
0!
#145862404
1!
#145871052
1#
#145871996
0#
0!
#145872004
1!
#145880652
1#
#145881596
0#
0!
#145881604
1!
#145887996
b10000110010 &
#145890196
1#
#145891196
0#
0!
#145891204
1!
#145899796
1#
#145900796
0#
0!
#145900804
1!
#145909396
1#
#145910396
0#
0!
#145910404
1!
#145918996
1#
#145919996
0#
0!
#145920004
1!
#145928596
1#
#145929596
0#
0!
#145929604
1!
#145938196
1#
#145939196
0#
0!
#145939204
1!
#145947796
1#
#145948796
0#
0!
#145948804
1!
#145957396
1#
#145958396
0#
0!
#145958404
1!
#145966996
1#
#145967996
0#
0!
#145968004
1!
#145976596
1#
#145977596
0#
0!
#145977604
1!
#145983996
b10000101011 &
#145986140
1#
#145987196
0#
0!
#145987204
1!
#145995740
1#
#145996796
0#
0!
#145996804
1!
#146005340
1#
#146006396
0#
0!
#146006404
1!
#146014940
1#
#146015996
0#
0!
#146016004
1!
#146024540
1#
#146025596
0#
0!
#146025604
1!
#146034140
1#
#146035196
0#
0!
#146035204
1!
#146043740
1#
#146044796
0#
0!
#146044804
1!
#146053340
1#
#146054396
0#
0!
#146054404
1!
#146062940
1#
#146063996
0#
0!
#146064004
1!
#146072540
1#
#146073596
0#
0!
#146073604
1!
#146079996
b10000100100 &
#146082084
1#
#146083196
0#
0!
#146083204
1!
#146091684
1#
#146092796
0#
0!
#146092804
1!
#146101284
1#
#146102396
0#
0!
#146102404
1!
#146110884
1#
#146111996
0#
0!
#146112004
1!
#146120484
1#
#146121596
0#
0!
#146121604
1!
#146130084
1#
#146131196
0#
0!
#146131204
1!
#146139684
1#
#146140796
0#
0!
#146140804
1!
#146149284
1#
#146150396
0#
0!
#146150404
1!
#146158884
1#
#146159996
0#
0!
#146160004
1!
#146168484
1#
#146169596
0#
0!
#146169604
1!
#146175996
b10000011101 &
#146178028
1#
#146179196
0#
0!
#146179204
1!
#146187628
1#
#146188796
0#
0!
#146188804
1!
#146197228
1#
#146198396
0#
0!
#146198404
1!
#146206828
1#
#146207996
0#
0!
#146208004
1!
#146216428
1#
#146217596
0#
0!
#146217604
1!
#146226028
1#
#146227196
0#
0!
#146227204
1!
#146235628
1#
#146236796
0#
0!
#146236804
1!
#146245228
1#
#146246396
0#
0!
#146246404
1!
#146254828
1#
#146255996
0#
0!
#146256004
1!
#146264428
1#
#146265596
0#
0!
#146265604
1!
#146271996
b10000010110 &
#146273972
1#
#146275196
0#
0!
#146275204
1!
#146283572
1#
#146284796
0#
0!
#146284804
1!
#146293172
1#
#146294396
0#
0!
#146294404
1!
#146302772
1#
#146303996
0#
0!
#146304004
1!
#146312372
1#
#146313596
0#
0!
#146313604
1!
#146321972
1#
#146323196
0#
0!
#146323204
1!
#146331572
1#
#146332796
0#
0!
#146332804
1!
#146341172
1#
#146342396
0#
0!
#146342404
1!
#146350772
1#
#146351996
0#
0!
#146352004
1!
#146360372
1#
#146361596
0#
0!
#146361604
1!
#146367996
b10000001111 &
#146369916
1#
#146371196
0#
0!
#146371204
1!
#146379516
1#
#146380796
0#
0!
#146380804
1!
#146389116
1#
#146390396
0#
0!
#146390404
1!
#146398716
1#
#146399996
0#
0!
#146400004
1!
#146408316
1#
#146409596
0#
0!
#146409604
1!
#146417916
1#
#146419196
0#
0!
#146419204
1!
#146427516
1#
#146428796
0#
0!
#146428804
1!
#146437116
1#
#146438396
0#
0!
#146438404
1!
#146446716
1#
#146447996
0#
0!
#146448004
1!
#146456316
1#
#146457596
0#
0!
#146457604
1!
#146463996
b10000001000 &
#146465860
1#
#146467196
0#
0!
#146467204
1!
#146475460
1#
#146476796
0#
0!
#146476804
1!
#146485060
1#
#146486396
0#
0!
#146486404
1!
#146494660
1#
#146495996
0#
0!
#146496004
1!
#146504260
1#
#146505596
0#
0!
#146505604
1!
#146513860
1#
#146515196
0#
0!
#146515204
1!
#146523460
1#
#146524796
0#
0!
#146524804
1!
#146533060
1#
#146534396
0#
0!
#146534404
1!
#146542660
1#
#146543996
0#
0!
#146544004
1!
#146552260
1#
#146553596
0#
0!
#146553604
1!
#146559996
b10000000001 &
#146561804
1#
#146563196
0#
0!
#146563204
1!
#146571404
1#
#146572796
0#
0!
#146572804
1!
#146581004
1#
#146582396
0#
0!
#146582404
1!
#146590604
1#
#146591996
0#
0!
#146592004
1!
#146600204
1#
#146601596
0#
0!
#146601604
1!
#146609804
1#
#146611196
0#
0!
#146611204
1!
#146619404
1#
#146620796
0#
0!
#146620804
1!
#146629004
1#
#146630396
0#
0!
#146630404
1!
#146638604
1#
#146639996
0#
0!
#146640004
1!
#146648204
1#
#146649596
0#
0!
#146649604
1!
#146655996
b1111111010 &
#146657748
1#
#146659196
0#
0!
#146659204
1!
#146667348
1#
#146668796
0#
0!
#146668804
1!
#146676948
1#
#146678396
0#
0!
#146678404
1!
#146686548
1#
#146687996
0#
0!
#146688004
1!
#146696148
1#
#146697596
0#
0!
#146697604
1!
#146705748
1#
#146707196
0#
0!
#146707204
1!
#146715348
1#
#146716796
0#
0!
#146716804
1!
#146724948
1#
#146726396
0#
0!
#146726404
1!
#146734548
1#
#146735996
0#
0!
#146736004
1!
#146744148
1#
#146745596
0#
0!
#146745604
1!
#146751996
b1111110011 &
#146753692
1#
#146755196
0#
0!
#146755204
1!
#146763292
1#
#146764796
0#
0!
#146764804
1!
#146772892
1#
#146774396
0#
0!
#146774404
1!
#146782492
1#
#146783996
0#
0!
#146784004
1!
#146792092
1#
#146793596
0#
0!
#146793604
1!
#146801692
1#
#146803196
0#
0!
#146803204
1!
#146811292
1#
#146812796
0#
0!
#146812804
1!
#146820892
1#
#146822396
0#
0!
#146822404
1!
#146830492
1#
#146831996
0#
0!
#146832004
1!
#146840092
1#
#146841596
0#
0!
#146841604
1!
#146847996
b1111101100 &
#146849636
1#
#146851196
0#
0!
#146851204
1!
#146859236
1#
#146860796
0#
0!
#146860804
1!
#146868836
1#
#146870396
0#
0!
#146870404
1!
#146878436
1#
#146879996
0#
0!
#146880004
1!
#146888036
1#
#146889596
0#
0!
#146889604
1!
#146897636
1#
#146899196
0#
0!
#146899204
1!
#146907236
1#
#146908796
0#
0!
#146908804
1!
#146916836
1#
#146918396
0#
0!
#146918404
1!
#146926436
1#
#146927996
0#
0!
#146928004
1!
#146936036
1#
#146937596
0#
0!
#146937604
1!
#146943996
b1111100101 &
#146945580
1#
#146947196
0#
0!
#146947204
1!
#146955180
1#
#146956796
0#
0!
#146956804
1!
#146964780
1#
#146966396
0#
0!
#146966404
1!
#146974380
1#
#146975996
0#
0!
#146976004
1!
#146983980
1#
#146985596
0#
0!
#146985604
1!
#146993580
1#
#146995196
0#
0!
#146995204
1!
#147003180
1#
#147004796
0#
0!
#147004804
1!
#147012780
1#
#147014396
0#
0!
#147014404
1!
#147022380
1#
#147023996
0#
0!
#147024004
1!
#147031980
1#
#147033596
0#
0!
#147033604
1!
#147039996
b1111011110 &
#147041524
1#
#147043196
0#
0!
#147043204
1!
#147051124
1#
#147052796
0#
0!
#147052804
1!
#147060724
1#
#147062396
0#
0!
#147062404
1!
#147070324
1#
#147071996
0#
0!
#147072004
1!
#147079924
1#
#147081596
0#
0!
#147081604
1!
#147089524
1#
#147091196
0#
0!
#147091204
1!
#147099124
1#
#147100796
0#
0!
#147100804
1!
#147108724
1#
#147110396
0#
0!
#147110404
1!
#147118324
1#
#147119996
0#
0!
#147120004
1!
#147127924
1#
#147129596
0#
0!
#147129604
1!
#147135996
b1111010111 &
#147137468
1#
#147139196
0#
0!
#147139204
1!
#147147068
1#
#147148796
0#
0!
#147148804
1!
#147156668
1#
#147158396
0#
0!
#147158404
1!
#147166268
1#
#147167996
0#
0!
#147168004
1!
#147175868
1#
#147177596
0#
0!
#147177604
1!
#147185468
1#
#147187196
0#
0!
#147187204
1!
#147195068
1#
#147196796
0#
0!
#147196804
1!
#147204668
1#
#147206396
0#
0!
#147206404
1!
#147214268
1#
#147215996
0#
0!
#147216004
1!
#147223868
1#
#147225596
0#
0!
#147225604
1!
#147231996
b1111010000 &
#147233412
1#
#147235196
0#
0!
#147235204
1!
#147243012
1#
#147244796
0#
0!
#147244804
1!
#147252612
1#
#147254396
0#
0!
#147254404
1!
#147262212
1#
#147263996
0#
0!
#147264004
1!
#147271812
1#
#147273596
0#
0!
#147273604
1!
#147281412
1#
#147283196
0#
0!
#147283204
1!
#147291012
1#
#147292796
0#
0!
#147292804
1!
#147300612
1#
#147302396
0#
0!
#147302404
1!
#147310212
1#
#147311996
0#
0!
#147312004
1!
#147319812
1#
#147321596
0#
0!
#147321604
1!
#147327996
b1111001001 &
#147329356
1#
#147331196
0#
0!
#147331204
1!
#147338956
1#
#147340796
0#
0!
#147340804
1!
#147348556
1#
#147350396
0#
0!
#147350404
1!
#147358156
1#
#147359996
0#
0!
#147360004
1!
#147367756
1#
#147369596
0#
0!
#147369604
1!
#147377356
1#
#147379196
0#
0!
#147379204
1!
#147386956
1#
#147388796
0#
0!
#147388804
1!
#147396556
1#
#147398396
0#
0!
#147398404
1!
#147406156
1#
#147407996
0#
0!
#147408004
1!
#147415756
1#
#147417596
0#
0!
#147417604
1!
#147423996
b1111000010 &
#147425300
1#
#147427196
0#
0!
#147427204
1!
#147434900
1#
#147436796
0#
0!
#147436804
1!
#147444500
1#
#147446396
0#
0!
#147446404
1!
#147454100
1#
#147455996
0#
0!
#147456004
1!
#147463700
1#
#147465596
0#
0!
#147465604
1!
#147473300
1#
#147475196
0#
0!
#147475204
1!
#147482900
1#
#147484796
0#
0!
#147484804
1!
#147492500
1#
#147494396
0#
0!
#147494404
1!
#147502100
1#
#147503996
0#
0!
#147504004
1!
#147511700
1#
#147513596
0#
0!
#147513604
1!
#147519996
b1110111011 &
#147521244
1#
#147523196
0#
0!
#147523204
1!
#147530844
1#
#147532796
0#
0!
#147532804
1!
#147540444
1#
#147542396
0#
0!
#147542404
1!
#147550044
1#
#147551996
0#
0!
#147552004
1!
#147559644
1#
#147561596
0#
0!
#147561604
1!
#147569244
1#
#147571196
0#
0!
#147571204
1!
#147578844
1#
#147580796
0#
0!
#147580804
1!
#147588444
1#
#147590396
0#
0!
#147590404
1!
#147598044
1#
#147599996
0#
0!
#147600004
1!
#147607644
1#
#147609596
0#
0!
#147609604
1!
#147615996
b1110110100 &
#147617188
1#
#147619196
0#
0!
#147619204
1!
#147626788
1#
#147628796
0#
0!
#147628804
1!
#147636388
1#
#147638396
0#
0!
#147638404
1!
#147645988
1#
#147647996
0#
0!
#147648004
1!
#147655588
1#
#147657596
0#
0!
#147657604
1!
#147665188
1#
#147667196
0#
0!
#147667204
1!
#147674788
1#
#147676796
0#
0!
#147676804
1!
#147684388
1#
#147686396
0#
0!
#147686404
1!
#147693988
1#
#147695996
0#
0!
#147696004
1!
#147703588
1#
#147705596
0#
0!
#147705604
1!
#147711996
b1110101101 &
#147713132
1#
#147715196
0#
0!
#147715204
1!
#147722732
1#
#147724796
0#
0!
#147724804
1!
#147732332
1#
#147734396
0#
0!
#147734404
1!
#147741932
1#
#147743996
0#
0!
#147744004
1!
#147751532
1#
#147753596
0#
0!
#147753604
1!
#147761132
1#
#147763196
0#
0!
#147763204
1!
#147770732
1#
#147772796
0#
0!
#147772804
1!
#147780332
1#
#147782396
0#
0!
#147782404
1!
#147789932
1#
#147791996
0#
0!
#147792004
1!
#147799532
1#
#147801596
0#
0!
#147801604
1!
#147807996
b1110100110 &
#147809076
1#
#147811196
0#
0!
#147811204
1!
#147818676
1#
#147820796
0#
0!
#147820804
1!
#147828276
1#
#147830396
0#
0!
#147830404
1!
#147837876
1#
#147839996
0#
0!
#147840004
1!
#147847476
1#
#147849596
0#
0!
#147849604
1!
#147857076
1#
#147859196
0#
0!
#147859204
1!
#147866676
1#
#147868796
0#
0!
#147868804
1!
#147876276
1#
#147878396
0#
0!
#147878404
1!
#147885876
1#
#147887996
0#
0!
#147888004
1!
#147895476
1#
#147897596
0#
0!
#147897604
1!
#147903996
b1110011111 &
#147905020
1#
#147907196
0#
0!
#147907204
1!
#147914620
1#
#147916796
0#
0!
#147916804
1!
#147924220
1#
#147926396
0#
0!
#147926404
1!
#147933820
1#
#147935996
0#
0!
#147936004
1!
#147943420
1#
#147945596
0#
0!
#147945604
1!
#147953020
1#
#147955196
0#
0!
#147955204
1!
#147962620
1#
#147964796
0#
0!
#147964804
1!
#147972220
1#
#147974396
0#
0!
#147974404
1!
#147981820
1#
#147983996
0#
0!
#147984004
1!
#147991420
1#
#147993596
0#
0!
#147993604
1!
#147999996
b1110011000 &
#148000964
1#
#148003196
0#
0!
#148003204
1!
#148010564
1#
#148012796
0#
0!
#148012804
1!
#148020164
1#
#148022396
0#
0!
#148022404
1!
#148029764
1#
#148031996
0#
0!
#148032004
1!
#148039364
1#
#148041596
0#
0!
#148041604
1!
#148048964
1#
#148051196
0#
0!
#148051204
1!
#148058564
1#
#148060796
0#
0!
#148060804
1!
#148068164
1#
#148070396
0#
0!
#148070404
1!
#148077764
1#
#148079996
0#
0!
#148080004
1!
#148087364
1#
#148089596
0#
0!
#148089604
1!
#148095996
b1110010001 &
#148096908
1#
#148099196
0#
0!
#148099204
1!
#148106508
1#
#148108796
0#
0!
#148108804
1!
#148116108
1#
#148118396
0#
0!
#148118404
1!
#148125708
1#
#148127996
0#
0!
#148128004
1!
#148135308
1#
#148137596
0#
0!
#148137604
1!
#148144908
1#
#148147196
0#
0!
#148147204
1!
#148154508
1#
#148156796
0#
0!
#148156804
1!
#148164108
1#
#148166396
0#
0!
#148166404
1!
#148173708
1#
#148175996
0#
0!
#148176004
1!
#148183308
1#
#148185596
0#
0!
#148185604
1!
#148191996
b1110001010 &
#148192852
1#
#148195196
0#
0!
#148195204
1!
#148202452
1#
#148204796
0#
0!
#148204804
1!
#148212052
1#
#148214396
0#
0!
#148214404
1!
#148221652
1#
#148223996
0#
0!
#148224004
1!
#148231252
1#
#148233596
0#
0!
#148233604
1!
#148240852
1#
#148243196
0#
0!
#148243204
1!
#148250452
1#
#148252796
0#
0!
#148252804
1!
#148260052
1#
#148262396
0#
0!
#148262404
1!
#148269652
1#
#148271996
0#
0!
#148272004
1!
#148279252
1#
#148281596
0#
0!
#148281604
1!
#148287996
b1110000011 &
#148288796
1#
#148291196
0#
0!
#148291204
1!
#148298396
1#
#148300796
0#
0!
#148300804
1!
#148307996
1#
#148310396
0#
0!
#148310404
1!
#148317596
1#
#148319996
0#
0!
#148320004
1!
#148327196
1#
#148329596
0#
0!
#148329604
1!
#148336796
1#
#148339196
0#
0!
#148339204
1!
#148346396
1#
#148348796
0#
0!
#148348804
1!
#148355996
1#
#148358396
0#
0!
#148358404
1!
#148365596
1#
#148367996
0#
0!
#148368004
1!
#148375196
1#
#148377596
0#
0!
#148377604
1!
#148383996
b1101111100 &
#148384740
1#
#148387196
0#
0!
#148387204
1!
#148394340
1#
#148396796
0#
0!
#148396804
1!
#148403940
1#
#148406396
0#
0!
#148406404
1!
#148413540
1#
#148415996
0#
0!
#148416004
1!
#148423140
1#
#148425596
0#
0!
#148425604
1!
#148432740
1#
#148435196
0#
0!
#148435204
1!
#148442340
1#
#148444796
0#
0!
#148444804
1!
#148451940
1#
#148454396
0#
0!
#148454404
1!
#148461540
1#
#148463996
0#
0!
#148464004
1!
#148471140
1#
#148473596
0#
0!
#148473604
1!
#148479996
b1101110101 &
#148480684
1#
#148483196
0#
0!
#148483204
1!
#148490284
1#
#148492796
0#
0!
#148492804
1!
#148499884
1#
#148502396
0#
0!
#148502404
1!
#148509484
1#
#148511996
0#
0!
#148512004
1!
#148519084
1#
#148521596
0#
0!
#148521604
1!
#148528684
1#
#148531196
0#
0!
#148531204
1!
#148538284
1#
#148540796
0#
0!
#148540804
1!
#148547884
1#
#148550396
0#
0!
#148550404
1!
#148557484
1#
#148559996
0#
0!
#148560004
1!
#148567084
1#
#148569596
0#
0!
#148569604
1!
#148575996
b1101101110 &
#148576628
1#
#148579196
0#
0!
#148579204
1!
#148586228
1#
#148588796
0#
0!
#148588804
1!
#148595828
1#
#148598396
0#
0!
#148598404
1!
#148605428
1#
#148607996
0#
0!
#148608004
1!
#148615028
1#
#148617596
0#
0!
#148617604
1!
#148624628
1#
#148627196
0#
0!
#148627204
1!
#148634228
1#
#148636796
0#
0!
#148636804
1!
#148643828
1#
#148646396
0#
0!
#148646404
1!
#148653428
1#
#148655996
0#
0!
#148656004
1!
#148663028
1#
#148665596
0#
0!
#148665604
1!
#148671996
b1101100111 &
#148672572
1#
#148675196
0#
0!
#148675204
1!
#148682172
1#
#148684796
0#
0!
#148684804
1!
#148691772
1#
#148694396
0#
0!
#148694404
1!
#148701372
1#
#148703996
0#
0!
#148704004
1!
#148710972
1#
#148713596
0#
0!
#148713604
1!
#148720572
1#
#148723196
0#
0!
#148723204
1!
#148730172
1#
#148732796
0#
0!
#148732804
1!
#148739772
1#
#148742396
0#
0!
#148742404
1!
#148749372
1#
#148751996
0#
0!
#148752004
1!
#148758972
1#
#148761596
0#
0!
#148761604
1!
#148767996
b1101100000 &
#148768516
1#
#148771196
0#
0!
#148771204
1!
#148778116
1#
#148780796
0#
0!
#148780804
1!
#148787716
1#
#148790396
0#
0!
#148790404
1!
#148797316
1#
#148799996
0#
0!
#148800004
1!
#148806916
1#
#148809596
0#
0!
#148809604
1!
#148816516
1#
#148819196
0#
0!
#148819204
1!
#148826116
1#
#148828796
0#
0!
#148828804
1!
#148835716
1#
#148838396
0#
0!
#148838404
1!
#148845316
1#
#148847996
0#
0!
#148848004
1!
#148854916
1#
#148857596
0#
0!
#148857604
1!
#148863996
b1101011001 &
#148864460
1#
#148867196
0#
0!
#148867204
1!
#148874060
1#
#148876796
0#
0!
#148876804
1!
#148883660
1#
#148886396
0#
0!
#148886404
1!
#148893260
1#
#148895996
0#
0!
#148896004
1!
#148902860
1#
#148905596
0#
0!
#148905604
1!
#148912460
1#
#148915196
0#
0!
#148915204
1!
#148922060
1#
#148924796
0#
0!
#148924804
1!
#148931660
1#
#148934396
0#
0!
#148934404
1!
#148941260
1#
#148943996
0#
0!
#148944004
1!
#148950860
1#
#148953596
0#
0!
#148953604
1!
#148959996
b1101010010 &
#148960404
1#
#148963196
0#
0!
#148963204
1!
#148970004
1#
#148972796
0#
0!
#148972804
1!
#148979604
1#
#148982396
0#
0!
#148982404
1!
#148989204
1#
#148991996
0#
0!
#148992004
1!
#148998804
1#
#149001596
0#
0!
#149001604
1!
#149008404
1#
#149011196
0#
0!
#149011204
1!
#149018004
1#
#149020796
0#
0!
#149020804
1!
#149027604
1#
#149030396
0#
0!
#149030404
1!
#149037204
1#
#149039996
0#
0!
#149040004
1!
#149046804
1#
#149049596
0#
0!
#149049604
1!
#149055996
b1101001011 &
#149056348
1#
#149059196
0#
0!
#149059204
1!
#149065948
1#
#149068796
0#
0!
#149068804
1!
#149075548
1#
#149078396
0#
0!
#149078404
1!
#149085148
1#
#149087996
0#
0!
#149088004
1!
#149094748
1#
#149097596
0#
0!
#149097604
1!
#149104348
1#
#149107196
0#
0!
#149107204
1!
#149113948
1#
#149116796
0#
0!
#149116804
1!
#149123548
1#
#149126396
0#
0!
#149126404
1!
#149133148
1#
#149135996
0#
0!
#149136004
1!
#149142748
1#
#149145596
0#
0!
#149145604
1!
#149151996
b1101000100 &
#149152292
1#
#149155196
0#
0!
#149155204
1!
#149161892
1#
#149164796
0#
0!
#149164804
1!
#149171492
1#
#149174396
0#
0!
#149174404
1!
#149181092
1#
#149183996
0#
0!
#149184004
1!
#149190692
1#
#149193596
0#
0!
#149193604
1!
#149200292
1#
#149203196
0#
0!
#149203204
1!
#149209892
1#
#149212796
0#
0!
#149212804
1!
#149219492
1#
#149222396
0#
0!
#149222404
1!
#149229092
1#
#149231996
0#
0!
#149232004
1!
#149238692
1#
#149241596
0#
0!
#149241604
1!
#149247996
b1100111101 &
#149248236
1#
#149251196
0#
0!
#149251204
1!
#149257836
1#
#149260796
0#
0!
#149260804
1!
#149267436
1#
#149270396
0#
0!
#149270404
1!
#149277036
1#
#149279996
0#
0!
#149280004
1!
#149286636
1#
#149289596
0#
0!
#149289604
1!
#149296236
1#
#149299196
0#
0!
#149299204
1!
#149305836
1#
#149308796
0#
0!
#149308804
1!
#149315436
1#
#149318396
0#
0!
#149318404
1!
#149325036
1#
#149327996
0#
0!
#149328004
1!
#149334636
1#
#149337596
0#
0!
#149337604
1!
#149343996
b1100110110 &
#149344180
1#
#149347196
0#
0!
#149347204
1!
#149353780
1#
#149356796
0#
0!
#149356804
1!
#149363380
1#
#149366396
0#
0!
#149366404
1!
#149372980
1#
#149375996
0#
0!
#149376004
1!
#149382580
1#
#149385596
0#
0!
#149385604
1!
#149392180
1#
#149395196
0#
0!
#149395204
1!
#149401780
1#
#149404796
0#
0!
#149404804
1!
#149411380
1#
#149414396
0#
0!
#149414404
1!
#149420980
1#
#149423996
0#
0!
#149424004
1!
#149430580
1#
#149433596
0#
0!
#149433604
1!
#149439996
b1100101111 &
#149440124
1#
#149443196
0#
0!
#149443204
1!
#149449724
1#
#149452796
0#
0!
#149452804
1!
#149459324
1#
#149462396
0#
0!
#149462404
1!
#149468924
1#
#149471996
0#
0!
#149472004
1!
#149478524
1#
#149481596
0#
0!
#149481604
1!
#149488124
1#
#149491196
0#
0!
#149491204
1!
#149497724
1#
#149500796
0#
0!
#149500804
1!
#149507324
1#
#149510396
0#
0!
#149510404
1!
#149516924
1#
#149519996
0#
0!
#149520004
1!
#149526524
1#
#149529596
0#
0!
#149529604
1!
#149535996
b1100101000 &
#149536068
1#
#149539196
0#
0!
#149539204
1!
#149545668
1#
#149548796
0#
0!
#149548804
1!
#149555268
1#
#149558396
0#
0!
#149558404
1!
#149564868
1#
#149567996
0#
0!
#149568004
1!
#149574468
1#
#149577596
0#
0!
#149577604
1!
#149584068
1#
#149587196
0#
0!
#149587204
1!
#149593668
1#
#149596796
0#
0!
#149596804
1!
#149603268
1#
#149606396
0#
0!
#149606404
1!
#149612868
1#
#149615996
0#
0!
#149616004
1!
#149622468
1#
#149625596
0#
0!
#149625604
1!
#149631996
b1100100001 &
#149632012
1#
#149635196
0#
0!
#149635204
1!
#149641612
1#
#149644796
0#
0!
#149644804
1!
#149651212
1#
#149654396
0#
0!
#149654404
1!
#149660812
1#
#149663996
0#
0!
#149664004
1!
#149670412
1#
#149673596
0#
0!
#149673604
1!
#149680012
1#
#149683196
0#
0!
#149683204
1!
#149689612
1#
#149692796
0#
0!
#149692804
1!
#149699212
1#
#149702396
0#
0!
#149702404
1!
#149708812
1#
#149711996
0#
0!
#149712004
1!
#149718412
1#
#149721596
0#
0!
#149721604
1!
#149727996
1#
b1100011010 &
#149731196
0#
0!
#149731204
1!
#149737556
1#
#149740796
0#
0!
#149740804
1!
#149747156
1#
#149750396
0#
0!
#149750404
1!
#149756756
1#
#149759996
0#
0!
#149760004
1!
#149766356
1#
#149769596
0#
0!
#149769604
1!
#149775956
1#
#149779196
0#
0!
#149779204
1!
#149785556
1#
#149788796
0#
0!
#149788804
1!
#149795156
1#
#149798396
0#
0!
#149798404
1!
#149804756
1#
#149807996
0#
0!
#149808004
1!
#149814356
1#
#149817596
0#
0!
#149817604
1!
#149823956
1#
#149823996
b1100010011 &
#149827196
0#
0!
#149827204
1!
#149833500
1#
#149836796
0#
0!
#149836804
1!
#149843100
1#
#149846396
0#
0!
#149846404
1!
#149852700
1#
#149855996
0#
0!
#149856004
1!
#149862300
1#
#149865596
0#
0!
#149865604
1!
#149871900
1#
#149875196
0#
0!
#149875204
1!
#149881500
1#
#149884796
0#
0!
#149884804
1!
#149891100
1#
#149894396
0#
0!
#149894404
1!
#149900700
1#
#149903996
0#
0!
#149904004
1!
#149910300
1#
#149913596
0#
0!
#149913604
1!
#149919900
1#
#149919996
b1100001100 &
#149923196
0#
0!
#149923204
1!
#149929444
1#
#149932796
0#
0!
#149932804
1!
#149939044
1#
#149942396
0#
0!
#149942404
1!
#149948644
1#
#149951996
0#
0!
#149952004
1!
#149958244
1#
#149961596
0#
0!
#149961604
1!
#149967844
1#
#149971196
0#
0!
#149971204
1!
#149977444
1#
#149980796
0#
0!
#149980804
1!
#149987044
1#
#149990396
0#
0!
#149990404
1!
#149996644
1#
#149999996
0#
0!
#150000004
1!
#150006244
1#
#150009596
0#
0!
#150009604
1!
#150015844
1#
#150015996
b1100000101 &
#150019196
0#
0!
#150019204
1!
#150025388
1#
#150028796
0#
0!
#150028804
1!
#150034988
1#
#150038396
0#
0!
#150038404
1!
#150044588
1#
#150047996
0#
0!
#150048004
1!
#150054188
1#
#150057596
0#
0!
#150057604
1!
#150063788
1#
#150067196
0#
0!
#150067204
1!
#150073388
1#
#150076796
0#
0!
#150076804
1!
#150082988
1#
#150086396
0#
0!
#150086404
1!
#150092588
1#
#150095996
0#
0!
#150096004
1!
#150102188
1#
#150105596
0#
0!
#150105604
1!
#150111788
1#
#150111996
b1011111110 &
#150115196
0#
0!
#150115204
1!
#150121332
1#
#150124796
0#
0!
#150124804
1!
#150130932
1#
#150134396
0#
0!
#150134404
1!
#150140532
1#
#150143996
0#
0!
#150144004
1!
#150150132
1#
#150153596
0#
0!
#150153604
1!
#150159732
1#
#150163196
0#
0!
#150163204
1!
#150169332
1#
#150172796
0#
0!
#150172804
1!
#150178932
1#
#150182396
0#
0!
#150182404
1!
#150188532
1#
#150191996
0#
0!
#150192004
1!
#150198132
1#
#150201596
0#
0!
#150201604
1!
#150207732
1#
#150207996
b1011110111 &
#150211196
0#
0!
#150211204
1!
#150217276
1#
#150220796
0#
0!
#150220804
1!
#150226876
1#
#150230396
0#
0!
#150230404
1!
#150236476
1#
#150239996
0#
0!
#150240004
1!
#150246076
1#
#150249596
0#
0!
#150249604
1!
#150255676
1#
#150259196
0#
0!
#150259204
1!
#150265276
1#
#150268796
0#
0!
#150268804
1!
#150274876
1#
#150278396
0#
0!
#150278404
1!
#150284476
1#
#150287996
0#
0!
#150288004
1!
#150294076
1#
#150297596
0#
0!
#150297604
1!
#150303676
1#
#150303996
b1011110000 &
#150307196
0#
0!
#150307204
1!
#150313220
1#
#150316796
0#
0!
#150316804
1!
#150322820
1#
#150326396
0#
0!
#150326404
1!
#150332420
1#
#150335996
0#
0!
#150336004
1!
#150342020
1#
#150345596
0#
0!
#150345604
1!
#150351620
1#
#150355196
0#
0!
#150355204
1!
#150361220
1#
#150364796
0#
0!
#150364804
1!
#150370820
1#
#150374396
0#
0!
#150374404
1!
#150380420
1#
#150383996
0#
0!
#150384004
1!
#150390020
1#
#150393596
0#
0!
#150393604
1!
#150399620
1#
#150399996
b1011101001 &
#150403196
0#
0!
#150403204
1!
#150409164
1#
#150412796
0#
0!
#150412804
1!
#150418764
1#
#150422396
0#
0!
#150422404
1!
#150428364
1#
#150431996
0#
0!
#150432004
1!
#150437964
1#
#150441596
0#
0!
#150441604
1!
#150447564
1#
#150451196
0#
0!
#150451204
1!
#150457164
1#
#150460796
0#
0!
#150460804
1!
#150466764
1#
#150470396
0#
0!
#150470404
1!
#150476364
1#
#150479996
0#
0!
#150480004
1!
#150485964
1#
#150489596
0#
0!
#150489604
1!
#150495564
1#
#150495996
b1011100010 &
#150499196
0#
0!
#150499204
1!
#150505108
1#
#150508796
0#
0!
#150508804
1!
#150514708
1#
#150518396
0#
0!
#150518404
1!
#150524308
1#
#150527996
0#
0!
#150528004
1!
#150533908
1#
#150537596
0#
0!
#150537604
1!
#150543508
1#
#150547196
0#
0!
#150547204
1!
#150553108
1#
#150556796
0#
0!
#150556804
1!
#150562708
1#
#150566396
0#
0!
#150566404
1!
#150572308
1#
#150575996
0#
0!
#150576004
1!
#150581908
1#
#150585596
0#
0!
#150585604
1!
#150591508
1#
#150591996
b1011011011 &
#150595196
0#
0!
#150595204
1!
#150601052
1#
#150604796
0#
0!
#150604804
1!
#150610652
1#
#150614396
0#
0!
#150614404
1!
#150620252
1#
#150623996
0#
0!
#150624004
1!
#150629852
1#
#150633596
0#
0!
#150633604
1!
#150639452
1#
#150643196
0#
0!
#150643204
1!
#150649052
1#
#150652796
0#
0!
#150652804
1!
#150658652
1#
#150662396
0#
0!
#150662404
1!
#150668252
1#
#150671996
0#
0!
#150672004
1!
#150677852
1#
#150681596
0#
0!
#150681604
1!
#150687452
1#
#150687996
b1011010100 &
#150691196
0#
0!
#150691204
1!
#150696996
1#
#150700796
0#
0!
#150700804
1!
#150706596
1#
#150710396
0#
0!
#150710404
1!
#150716196
1#
#150719996
0#
0!
#150720004
1!
#150725796
1#
#150729596
0#
0!
#150729604
1!
#150735396
1#
#150739196
0#
0!
#150739204
1!
#150744996
1#
#150748796
0#
0!
#150748804
1!
#150754596
1#
#150758396
0#
0!
#150758404
1!
#150764196
1#
#150767996
0#
0!
#150768004
1!
#150773796
1#
#150777596
0#
0!
#150777604
1!
#150783396
1#
#150783996
b1011001101 &
#150787196
0#
0!
#150787204
1!
#150792940
1#
#150796796
0#
0!
#150796804
1!
#150802540
1#
#150806396
0#
0!
#150806404
1!
#150812140
1#
#150815996
0#
0!
#150816004
1!
#150821740
1#
#150825596
0#
0!
#150825604
1!
#150831340
1#
#150835196
0#
0!
#150835204
1!
#150840940
1#
#150844796
0#
0!
#150844804
1!
#150850540
1#
#150854396
0#
0!
#150854404
1!
#150860140
1#
#150863996
0#
0!
#150864004
1!
#150869740
1#
#150873596
0#
0!
#150873604
1!
#150879340
1#
#150879996
b1011000110 &
#150883196
0#
0!
#150883204
1!
#150888884
1#
#150892796
0#
0!
#150892804
1!
#150898484
1#
#150902396
0#
0!
#150902404
1!
#150908084
1#
#150911996
0#
0!
#150912004
1!
#150917684
1#
#150921596
0#
0!
#150921604
1!
#150927284
1#
#150931196
0#
0!
#150931204
1!
#150936884
1#
#150940796
0#
0!
#150940804
1!
#150946484
1#
#150950396
0#
0!
#150950404
1!
#150956084
1#
#150959996
0#
0!
#150960004
1!
#150965684
1#
#150969596
0#
0!
#150969604
1!
#150975284
1#
#150975996
b1010111111 &
#150979196
0#
0!
#150979204
1!
#150984828
1#
#150988796
0#
0!
#150988804
1!
#150994428
1#
#150998396
0#
0!
#150998404
1!
#151004028
1#
#151007996
0#
0!
#151008004
1!
#151013628
1#
#151017596
0#
0!
#151017604
1!
#151023228
1#
#151027196
0#
0!
#151027204
1!
#151032828
1#
#151036796
0#
0!
#151036804
1!
#151042428
1#
#151046396
0#
0!
#151046404
1!
#151052028
1#
#151055996
0#
0!
#151056004
1!
#151061628
1#
#151065596
0#
0!
#151065604
1!
#151071228
1#
#151071996
b1010111000 &
#151075196
0#
0!
#151075204
1!
#151080772
1#
#151084796
0#
0!
#151084804
1!
#151090372
1#
#151094396
0#
0!
#151094404
1!
#151099972
1#
#151103996
0#
0!
#151104004
1!
#151109572
1#
#151113596
0#
0!
#151113604
1!
#151119172
1#
#151123196
0#
0!
#151123204
1!
#151128772
1#
#151132796
0#
0!
#151132804
1!
#151138372
1#
#151142396
0#
0!
#151142404
1!
#151147972
1#
#151151996
0#
0!
#151152004
1!
#151157572
1#
#151161596
0#
0!
#151161604
1!
#151167172
1#
#151167996
b1010110001 &
#151171196
0#
0!
#151171204
1!
#151176716
1#
#151180796
0#
0!
#151180804
1!
#151186316
1#
#151190396
0#
0!
#151190404
1!
#151195916
1#
#151199996
0#
0!
#151200004
1!
#151205516
1#
#151209596
0#
0!
#151209604
1!
#151215116
1#
#151219196
0#
0!
#151219204
1!
#151224716
1#
#151228796
0#
0!
#151228804
1!
#151234316
1#
#151238396
0#
0!
#151238404
1!
#151243916
1#
#151247996
0#
0!
#151248004
1!
#151253516
1#
#151257596
0#
0!
#151257604
1!
#151263116
1#
#151263996
b1010101010 &
#151267196
0#
0!
#151267204
1!
#151272660
1#
#151276796
0#
0!
#151276804
1!
#151282260
1#
#151286396
0#
0!
#151286404
1!
#151291860
1#
#151295996
0#
0!
#151296004
1!
#151301460
1#
#151305596
0#
0!
#151305604
1!
#151311060
1#
#151315196
0#
0!
#151315204
1!
#151320660
1#
#151324796
0#
0!
#151324804
1!
#151330260
1#
#151334396
0#
0!
#151334404
1!
#151339860
1#
#151343996
0#
0!
#151344004
1!
#151349460
1#
#151353596
0#
0!
#151353604
1!
#151359060
1#
#151359996
b1010100011 &
#151363196
0#
0!
#151363204
1!
#151368604
1#
#151372796
0#
0!
#151372804
1!
#151378204
1#
#151382396
0#
0!
#151382404
1!
#151387804
1#
#151391996
0#
0!
#151392004
1!
#151397404
1#
#151401596
0#
0!
#151401604
1!
#151407004
1#
#151411196
0#
0!
#151411204
1!
#151416604
1#
#151420796
0#
0!
#151420804
1!
#151426204
1#
#151430396
0#
0!
#151430404
1!
#151435804
1#
#151439996
0#
0!
#151440004
1!
#151445404
1#
#151449596
0#
0!
#151449604
1!
#151455004
1#
#151455996
b1010011100 &
#151459196
0#
0!
#151459204
1!
#151464548
1#
#151468796
0#
0!
#151468804
1!
#151474148
1#
#151478396
0#
0!
#151478404
1!
#151483748
1#
#151487996
0#
0!
#151488004
1!
#151493348
1#
#151497596
0#
0!
#151497604
1!
#151502948
1#
#151507196
0#
0!
#151507204
1!
#151512548
1#
#151516796
0#
0!
#151516804
1!
#151522148
1#
#151526396
0#
0!
#151526404
1!
#151531748
1#
#151535996
0#
0!
#151536004
1!
#151541348
1#
#151545596
0#
0!
#151545604
1!
#151550948
1#
#151551996
b1010010101 &
#151555196
0#
0!
#151555204
1!
#151560492
1#
#151564796
0#
0!
#151564804
1!
#151570092
1#
#151574396
0#
0!
#151574404
1!
#151579692
1#
#151583996
0#
0!
#151584004
1!
#151589292
1#
#151593596
0#
0!
#151593604
1!
#151598892
1#
#151603196
0#
0!
#151603204
1!
#151608492
1#
#151612796
0#
0!
#151612804
1!
#151618092
1#
#151622396
0#
0!
#151622404
1!
#151627692
1#
#151631996
0#
0!
#151632004
1!
#151637292
1#
#151641596
0#
0!
#151641604
1!
#151646892
1#
#151647996
b1010001110 &
#151651196
0#
0!
#151651204
1!
#151656436
1#
#151660796
0#
0!
#151660804
1!
#151666036
1#
#151670396
0#
0!
#151670404
1!
#151675636
1#
#151679996
0#
0!
#151680004
1!
#151685236
1#
#151689596
0#
0!
#151689604
1!
#151694836
1#
#151699196
0#
0!
#151699204
1!
#151704436
1#
#151708796
0#
0!
#151708804
1!
#151714036
1#
#151718396
0#
0!
#151718404
1!
#151723636
1#
#151727996
0#
0!
#151728004
1!
#151733236
1#
#151737596
0#
0!
#151737604
1!
#151742836
1#
#151743996
b1010000111 &
#151747196
0#
0!
#151747204
1!
#151752380
1#
#151756796
0#
0!
#151756804
1!
#151761980
1#
#151766396
0#
0!
#151766404
1!
#151771580
1#
#151775996
0#
0!
#151776004
1!
#151781180
1#
#151785596
0#
0!
#151785604
1!
#151790780
1#
#151795196
0#
0!
#151795204
1!
#151800380
1#
#151804796
0#
0!
#151804804
1!
#151809980
1#
#151814396
0#
0!
#151814404
1!
#151819580
1#
#151823996
0#
0!
#151824004
1!
#151829180
1#
#151833596
0#
0!
#151833604
1!
#151838780
1#
#151839996
b1010000000 &
#151843196
0#
0!
#151843204
1!
#151848324
1#
#151852796
0#
0!
#151852804
1!
#151857924
1#
#151862396
0#
0!
#151862404
1!
#151867524
1#
#151871996
0#
0!
#151872004
1!
#151877124
1#
#151881596
0#
0!
#151881604
1!
#151886724
1#
#151891196
0#
0!
#151891204
1!
#151896324
1#
#151900796
0#
0!
#151900804
1!
#151905924
1#
#151910396
0#
0!
#151910404
1!
#151915524
1#
#151919996
0#
0!
#151920004
1!
#151925124
1#
#151929596
0#
0!
#151929604
1!
#151934724
1#
#151935996
b1001111001 &
#151939196
0#
0!
#151939204
1!
#151944268
1#
#151948796
0#
0!
#151948804
1!
#151953868
1#
#151958396
0#
0!
#151958404
1!
#151963468
1#
#151967996
0#
0!
#151968004
1!
#151973068
1#
#151977596
0#
0!
#151977604
1!
#151982668
1#
#151987196
0#
0!
#151987204
1!
#151992268
1#
#151996796
0#
0!
#151996804
1!
#152001868
1#
#152006396
0#
0!
#152006404
1!
#152011468
1#
#152015996
0#
0!
#152016004
1!
#152021068
1#
#152025596
0#
0!
#152025604
1!
#152030668
1#
#152031996
b1001110010 &
#152035196
0#
0!
#152035204
1!
#152040212
1#
#152044796
0#
0!
#152044804
1!
#152049812
1#
#152054396
0#
0!
#152054404
1!
#152059412
1#
#152063996
0#
0!
#152064004
1!
#152069012
1#
#152073596
0#
0!
#152073604
1!
#152078612
1#
#152083196
0#
0!
#152083204
1!
#152088212
1#
#152092796
0#
0!
#152092804
1!
#152097812
1#
#152102396
0#
0!
#152102404
1!
#152107412
1#
#152111996
0#
0!
#152112004
1!
#152117012
1#
#152121596
0#
0!
#152121604
1!
#152126612
1#
#152127996
b1001101011 &
#152131196
0#
0!
#152131204
1!
#152136156
1#
#152140796
0#
0!
#152140804
1!
#152145756
1#
#152150396
0#
0!
#152150404
1!
#152155356
1#
#152159996
0#
0!
#152160004
1!
#152164956
1#
#152169596
0#
0!
#152169604
1!
#152174556
1#
#152179196
0#
0!
#152179204
1!
#152184156
1#
#152188796
0#
0!
#152188804
1!
#152193756
1#
#152198396
0#
0!
#152198404
1!
#152203356
1#
#152207996
0#
0!
#152208004
1!
#152212956
1#
#152217596
0#
0!
#152217604
1!
#152222556
1#
#152223996
b1001100100 &
#152227196
0#
0!
#152227204
1!
#152232100
1#
#152236796
0#
0!
#152236804
1!
#152241700
1#
#152246396
0#
0!
#152246404
1!
#152251300
1#
#152255996
0#
0!
#152256004
1!
#152260900
1#
#152265596
0#
0!
#152265604
1!
#152270500
1#
#152275196
0#
0!
#152275204
1!
#152280100
1#
#152284796
0#
0!
#152284804
1!
#152289700
1#
#152294396
0#
0!
#152294404
1!
#152299300
1#
#152303996
0#
0!
#152304004
1!
#152308900
1#
#152313596
0#
0!
#152313604
1!
#152318500
1#
#152319996
b1001011101 &
#152323196
0#
0!
#152323204
1!
#152328044
1#
#152332796
0#
0!
#152332804
1!
#152337644
1#
#152342396
0#
0!
#152342404
1!
#152347244
1#
#152351996
0#
0!
#152352004
1!
#152356844
1#
#152361596
0#
0!
#152361604
1!
#152366444
1#
#152371196
0#
0!
#152371204
1!
#152376044
1#
#152380796
0#
0!
#152380804
1!
#152385644
1#
#152390396
0#
0!
#152390404
1!
#152395244
1#
#152399996
0#
0!
#152400004
1!
#152404844
1#
#152409596
0#
0!
#152409604
1!
#152414444
1#
#152415996
b1001010110 &
#152419196
0#
0!
#152419204
1!
#152423988
1#
#152428796
0#
0!
#152428804
1!
#152433588
1#
#152438396
0#
0!
#152438404
1!
#152443188
1#
#152447996
0#
0!
#152448004
1!
#152452788
1#
#152457596
0#
0!
#152457604
1!
#152462388
1#
#152467196
0#
0!
#152467204
1!
#152471988
1#
#152476796
0#
0!
#152476804
1!
#152481588
1#
#152486396
0#
0!
#152486404
1!
#152491188
1#
#152495996
0#
0!
#152496004
1!
#152500788
1#
#152505596
0#
0!
#152505604
1!
#152510388
1#
#152511996
b1001001111 &
#152515196
0#
0!
#152515204
1!
#152519932
1#
#152524796
0#
0!
#152524804
1!
#152529532
1#
#152534396
0#
0!
#152534404
1!
#152539132
1#
#152543996
0#
0!
#152544004
1!
#152548732
1#
#152553596
0#
0!
#152553604
1!
#152558332
1#
#152563196
0#
0!
#152563204
1!
#152567932
1#
#152572796
0#
0!
#152572804
1!
#152577532
1#
#152582396
0#
0!
#152582404
1!
#152587132
1#
#152591996
0#
0!
#152592004
1!
#152596732
1#
#152601596
0#
0!
#152601604
1!
#152606332
1#
#152607996
b1001001000 &
#152611196
0#
0!
#152611204
1!
#152615876
1#
#152620796
0#
0!
#152620804
1!
#152625476
1#
#152630396
0#
0!
#152630404
1!
#152635076
1#
#152639996
0#
0!
#152640004
1!
#152644676
1#
#152649596
0#
0!
#152649604
1!
#152654276
1#
#152659196
0#
0!
#152659204
1!
#152663876
1#
#152668796
0#
0!
#152668804
1!
#152673476
1#
#152678396
0#
0!
#152678404
1!
#152683076
1#
#152687996
0#
0!
#152688004
1!
#152692676
1#
#152697596
0#
0!
#152697604
1!
#152702276
1#
#152703996
b1001000001 &
#152707196
0#
0!
#152707204
1!
#152711820
1#
#152716796
0#
0!
#152716804
1!
#152721420
1#
#152726396
0#
0!
#152726404
1!
#152731020
1#
#152735996
0#
0!
#152736004
1!
#152740620
1#
#152745596
0#
0!
#152745604
1!
#152750220
1#
#152755196
0#
0!
#152755204
1!
#152759820
1#
#152764796
0#
0!
#152764804
1!
#152769420
1#
#152774396
0#
0!
#152774404
1!
#152779020
1#
#152783996
0#
0!
#152784004
1!
#152788620
1#
#152793596
0#
0!
#152793604
1!
#152798220
1#
#152799996
b1000111010 &
#152803196
0#
0!
#152803204
1!
#152807764
1#
#152812796
0#
0!
#152812804
1!
#152817364
1#
#152822396
0#
0!
#152822404
1!
#152826964
1#
#152831996
0#
0!
#152832004
1!
#152836564
1#
#152841596
0#
0!
#152841604
1!
#152846164
1#
#152851196
0#
0!
#152851204
1!
#152855764
1#
#152860796
0#
0!
#152860804
1!
#152865364
1#
#152870396
0#
0!
#152870404
1!
#152874964
1#
#152879996
0#
0!
#152880004
1!
#152884564
1#
#152889596
0#
0!
#152889604
1!
#152894164
1#
#152895996
b1000110011 &
#152899196
0#
0!
#152899204
1!
#152903708
1#
#152908796
0#
0!
#152908804
1!
#152913308
1#
#152918396
0#
0!
#152918404
1!
#152922908
1#
#152927996
0#
0!
#152928004
1!
#152932508
1#
#152937596
0#
0!
#152937604
1!
#152942108
1#
#152947196
0#
0!
#152947204
1!
#152951708
1#
#152956796
0#
0!
#152956804
1!
#152961308
1#
#152966396
0#
0!
#152966404
1!
#152970908
1#
#152975996
0#
0!
#152976004
1!
#152980508
1#
#152985596
0#
0!
#152985604
1!
#152990108
1#
#152991996
b1000101100 &
#152995196
0#
0!
#152995204
1!
#152999652
1#
#153004796
0#
0!
#153004804
1!
#153009252
1#
#153014396
0#
0!
#153014404
1!
#153018852
1#
#153023996
0#
0!
#153024004
1!
#153028452
1#
#153033596
0#
0!
#153033604
1!
#153038052
1#
#153043196
0#
0!
#153043204
1!
#153047652
1#
#153052796
0#
0!
#153052804
1!
#153057252
1#
#153062396
0#
0!
#153062404
1!
#153066852
1#
#153071996
0#
0!
#153072004
1!
#153076452
1#
#153081596
0#
0!
#153081604
1!
#153086052
1#
#153087996
b1000100101 &
#153091196
0#
0!
#153091204
1!
#153095596
1#
#153100796
0#
0!
#153100804
1!
#153105196
1#
#153110396
0#
0!
#153110404
1!
#153114796
1#
#153119996
0#
0!
#153120004
1!
#153124396
1#
#153129596
0#
0!
#153129604
1!
#153133996
1#
#153139196
0#
0!
#153139204
1!
#153143596
1#
#153148796
0#
0!
#153148804
1!
#153153196
1#
#153158396
0#
0!
#153158404
1!
#153162796
1#
#153167996
0#
0!
#153168004
1!
#153172396
1#
#153177596
0#
0!
#153177604
1!
#153181996
1#
#153183996
b1000011110 &
#153187196
0#
0!
#153187204
1!
#153191540
1#
#153196796
0#
0!
#153196804
1!
#153201140
1#
#153206396
0#
0!
#153206404
1!
#153210740
1#
#153215996
0#
0!
#153216004
1!
#153220340
1#
#153225596
0#
0!
#153225604
1!
#153229940
1#
#153235196
0#
0!
#153235204
1!
#153239540
1#
#153244796
0#
0!
#153244804
1!
#153249140
1#
#153254396
0#
0!
#153254404
1!
#153258740
1#
#153263996
0#
0!
#153264004
1!
#153268340
1#
#153273596
0#
0!
#153273604
1!
#153277940
1#
#153279996
b1000010111 &
#153283196
0#
0!
#153283204
1!
#153287484
1#
#153292796
0#
0!
#153292804
1!
#153297084
1#
#153302396
0#
0!
#153302404
1!
#153306684
1#
#153311996
0#
0!
#153312004
1!
#153316284
1#
#153321596
0#
0!
#153321604
1!
#153325884
1#
#153331196
0#
0!
#153331204
1!
#153335484
1#
#153340796
0#
0!
#153340804
1!
#153345084
1#
#153350396
0#
0!
#153350404
1!
#153354684
1#
#153359996
0#
0!
#153360004
1!
#153364284
1#
#153369596
0#
0!
#153369604
1!
#153373884
1#
#153375996
b1000010000 &
#153379196
0#
0!
#153379204
1!
#153383428
1#
#153388796
0#
0!
#153388804
1!
#153393028
1#
#153398396
0#
0!
#153398404
1!
#153402628
1#
#153407996
0#
0!
#153408004
1!
#153412228
1#
#153417596
0#
0!
#153417604
1!
#153421828
1#
#153427196
0#
0!
#153427204
1!
#153431428
1#
#153436796
0#
0!
#153436804
1!
#153441028
1#
#153446396
0#
0!
#153446404
1!
#153450628
1#
#153455996
0#
0!
#153456004
1!
#153460228
1#
#153465596
0#
0!
#153465604
1!
#153469828
1#
#153471996
b1000001001 &
#153475196
0#
0!
#153475204
1!
#153479372
1#
#153484796
0#
0!
#153484804
1!
#153488972
1#
#153494396
0#
0!
#153494404
1!
#153498572
1#
#153503996
0#
0!
#153504004
1!
#153508172
1#
#153513596
0#
0!
#153513604
1!
#153517772
1#
#153523196
0#
0!
#153523204
1!
#153527372
1#
#153532796
0#
0!
#153532804
1!
#153536972
1#
#153542396
0#
0!
#153542404
1!
#153546572
1#
#153551996
0#
0!
#153552004
1!
#153556172
1#
#153561596
0#
0!
#153561604
1!
#153565772
1#
#153567996
b1000000010 &
#153571196
0#
0!
#153571204
1!
#153575316
1#
#153580796
0#
0!
#153580804
1!
#153584916
1#
#153590396
0#
0!
#153590404
1!
#153594516
1#
#153599996
0#
0!
#153600004
1!
#153604116
1#
#153609596
0#
0!
#153609604
1!
#153613716
1#
#153619196
0#
0!
#153619204
1!
#153623316
1#
#153628796
0#
0!
#153628804
1!
#153632916
1#
#153638396
0#
0!
#153638404
1!
#153642516
1#
#153647996
0#
0!
#153648004
1!
#153652116
1#
#153657596
0#
0!
#153657604
1!
#153661716
1#
#153663996
b111111011 &
#153667196
0#
0!
#153667204
1!
#153671260
1#
#153676796
0#
0!
#153676804
1!
#153680860
1#
#153686396
0#
0!
#153686404
1!
#153690460
1#
#153695996
0#
0!
#153696004
1!
#153700060
1#
#153705596
0#
0!
#153705604
1!
#153709660
1#
#153715196
0#
0!
#153715204
1!
#153719260
1#
#153724796
0#
0!
#153724804
1!
#153728860
1#
#153734396
0#
0!
#153734404
1!
#153738460
1#
#153743996
0#
0!
#153744004
1!
#153748060
1#
#153753596
0#
0!
#153753604
1!
#153757660
1#
#153759996
b111110100 &
#153763196
0#
0!
#153763204
1!
#153767204
1#
#153772796
0#
0!
#153772804
1!
#153776804
1#
#153782396
0#
0!
#153782404
1!
#153786404
1#
#153791996
0#
0!
#153792004
1!
#153796004
1#
#153801596
0#
0!
#153801604
1!
#153805604
1#
#153811196
0#
0!
#153811204
1!
#153815204
1#
#153820796
0#
0!
#153820804
1!
#153824804
1#
#153830396
0#
0!
#153830404
1!
#153834404
1#
#153839996
0#
0!
#153840004
1!
#153844004
1#
#153849596
0#
0!
#153849604
1!
#153853604
1#
#153855996
b111101101 &
#153859196
0#
0!
#153859204
1!
#153863148
1#
#153868796
0#
0!
#153868804
1!
#153872748
1#
#153878396
0#
0!
#153878404
1!
#153882348
1#
#153887996
0#
0!
#153888004
1!
#153891948
1#
#153897596
0#
0!
#153897604
1!
#153901548
1#
#153907196
0#
0!
#153907204
1!
#153911148
1#
#153916796
0#
0!
#153916804
1!
#153920748
1#
#153926396
0#
0!
#153926404
1!
#153930348
1#
#153935996
0#
0!
#153936004
1!
#153939948
1#
#153945596
0#
0!
#153945604
1!
#153949548
1#
#153951996
b111100110 &
#153955196
0#
0!
#153955204
1!
#153959092
1#
#153964796
0#
0!
#153964804
1!
#153968692
1#
#153974396
0#
0!
#153974404
1!
#153978292
1#
#153983996
0#
0!
#153984004
1!
#153987892
1#
#153993596
0#
0!
#153993604
1!
#153997492
1#
#154003196
0#
0!
#154003204
1!
#154007092
1#
#154012796
0#
0!
#154012804
1!
#154016692
1#
#154022396
0#
0!
#154022404
1!
#154026292
1#
#154031996
0#
0!
#154032004
1!
#154035892
1#
#154041596
0#
0!
#154041604
1!
#154045492
1#
#154047996
b111011111 &
#154051196
0#
0!
#154051204
1!
#154055036
1#
#154060796
0#
0!
#154060804
1!
#154064636
1#
#154070396
0#
0!
#154070404
1!
#154074236
1#
#154079996
0#
0!
#154080004
1!
#154083836
1#
#154089596
0#
0!
#154089604
1!
#154093436
1#
#154099196
0#
0!
#154099204
1!
#154103036
1#
#154108796
0#
0!
#154108804
1!
#154112636
1#
#154118396
0#
0!
#154118404
1!
#154122236
1#
#154127996
0#
0!
#154128004
1!
#154131836
1#
#154137596
0#
0!
#154137604
1!
#154141436
1#
#154143996
b111011000 &
#154147196
0#
0!
#154147204
1!
#154150980
1#
#154156796
0#
0!
#154156804
1!
#154160580
1#
#154166396
0#
0!
#154166404
1!
#154170180
1#
#154175996
0#
0!
#154176004
1!
#154179780
1#
#154185596
0#
0!
#154185604
1!
#154189380
1#
#154195196
0#
0!
#154195204
1!
#154198980
1#
#154204796
0#
0!
#154204804
1!
#154208580
1#
#154214396
0#
0!
#154214404
1!
#154218180
1#
#154223996
0#
0!
#154224004
1!
#154227780
1#
#154233596
0#
0!
#154233604
1!
#154237380
1#
#154239996
b111010001 &
#154243196
0#
0!
#154243204
1!
#154246924
1#
#154252796
0#
0!
#154252804
1!
#154256524
1#
#154262396
0#
0!
#154262404
1!
#154266124
1#
#154271996
0#
0!
#154272004
1!
#154275724
1#
#154281596
0#
0!
#154281604
1!
#154285324
1#
#154291196
0#
0!
#154291204
1!
#154294924
1#
#154300796
0#
0!
#154300804
1!
#154304524
1#
#154310396
0#
0!
#154310404
1!
#154314124
1#
#154319996
0#
0!
#154320004
1!
#154323724
1#
#154329596
0#
0!
#154329604
1!
#154333324
1#
#154335996
b111001010 &
#154339196
0#
0!
#154339204
1!
#154342868
1#
#154348796
0#
0!
#154348804
1!
#154352468
1#
#154358396
0#
0!
#154358404
1!
#154362068
1#
#154367996
0#
0!
#154368004
1!
#154371668
1#
#154377596
0#
0!
#154377604
1!
#154381268
1#
#154387196
0#
0!
#154387204
1!
#154390868
1#
#154396796
0#
0!
#154396804
1!
#154400468
1#
#154406396
0#
0!
#154406404
1!
#154410068
1#
#154415996
0#
0!
#154416004
1!
#154419668
1#
#154425596
0#
0!
#154425604
1!
#154429268
1#
#154431996
b111000011 &
#154435196
0#
0!
#154435204
1!
#154438812
1#
#154444796
0#
0!
#154444804
1!
#154448412
1#
#154454396
0#
0!
#154454404
1!
#154458012
1#
#154463996
0#
0!
#154464004
1!
#154467612
1#
#154473596
0#
0!
#154473604
1!
#154477212
1#
#154483196
0#
0!
#154483204
1!
#154486812
1#
#154492796
0#
0!
#154492804
1!
#154496412
1#
#154502396
0#
0!
#154502404
1!
#154506012
1#
#154511996
0#
0!
#154512004
1!
#154515612
1#
#154521596
0#
0!
#154521604
1!
#154525212
1#
#154527996
b110111100 &
#154531196
0#
0!
#154531204
1!
#154534756
1#
#154540796
0#
0!
#154540804
1!
#154544356
1#
#154550396
0#
0!
#154550404
1!
#154553956
1#
#154559996
0#
0!
#154560004
1!
#154563556
1#
#154569596
0#
0!
#154569604
1!
#154573156
1#
#154579196
0#
0!
#154579204
1!
#154582756
1#
#154588796
0#
0!
#154588804
1!
#154592356
1#
#154598396
0#
0!
#154598404
1!
#154601956
1#
#154607996
0#
0!
#154608004
1!
#154611556
1#
#154617596
0#
0!
#154617604
1!
#154621156
1#
#154623996
b110110101 &
#154627196
0#
0!
#154627204
1!
#154630700
1#
#154636796
0#
0!
#154636804
1!
#154640300
1#
#154646396
0#
0!
#154646404
1!
#154649900
1#
#154655996
0#
0!
#154656004
1!
#154659500
1#
#154665596
0#
0!
#154665604
1!
#154669100
1#
#154675196
0#
0!
#154675204
1!
#154678700
1#
#154684796
0#
0!
#154684804
1!
#154688300
1#
#154694396
0#
0!
#154694404
1!
#154697900
1#
#154703996
0#
0!
#154704004
1!
#154707500
1#
#154713596
0#
0!
#154713604
1!
#154717100
1#
#154719996
b110101110 &
#154723196
0#
0!
#154723204
1!
#154726644
1#
#154732796
0#
0!
#154732804
1!
#154736244
1#
#154742396
0#
0!
#154742404
1!
#154745844
1#
#154751996
0#
0!
#154752004
1!
#154755444
1#
#154761596
0#
0!
#154761604
1!
#154765044
1#
#154771196
0#
0!
#154771204
1!
#154774644
1#
#154780796
0#
0!
#154780804
1!
#154784244
1#
#154790396
0#
0!
#154790404
1!
#154793844
1#
#154799996
0#
0!
#154800004
1!
#154803444
1#
#154809596
0#
0!
#154809604
1!
#154813044
1#
#154815996
b110100111 &
#154819196
0#
0!
#154819204
1!
#154822588
1#
#154828796
0#
0!
#154828804
1!
#154832188
1#
#154838396
0#
0!
#154838404
1!
#154841788
1#
#154847996
0#
0!
#154848004
1!
#154851388
1#
#154857596
0#
0!
#154857604
1!
#154860988
1#
#154867196
0#
0!
#154867204
1!
#154870588
1#
#154876796
0#
0!
#154876804
1!
#154880188
1#
#154886396
0#
0!
#154886404
1!
#154889788
1#
#154895996
0#
0!
#154896004
1!
#154899388
1#
#154905596
0#
0!
#154905604
1!
#154908988
1#
#154911996
b110100000 &
#154915196
0#
0!
#154915204
1!
#154918532
1#
#154924796
0#
0!
#154924804
1!
#154928132
1#
#154934396
0#
0!
#154934404
1!
#154937732
1#
#154943996
0#
0!
#154944004
1!
#154947332
1#
#154953596
0#
0!
#154953604
1!
#154956932
1#
#154963196
0#
0!
#154963204
1!
#154966532
1#
#154972796
0#
0!
#154972804
1!
#154976132
1#
#154982396
0#
0!
#154982404
1!
#154985732
1#
#154991996
0#
0!
#154992004
1!
#154995332
1#
#155001596
0#
0!
#155001604
1!
#155004932
1#
#155007996
b110011001 &
#155011196
0#
0!
#155011204
1!
#155014476
1#
#155020796
0#
0!
#155020804
1!
#155024076
1#
#155030396
0#
0!
#155030404
1!
#155033676
1#
#155039996
0#
0!
#155040004
1!
#155043276
1#
#155049596
0#
0!
#155049604
1!
#155052876
1#
#155059196
0#
0!
#155059204
1!
#155062476
1#
#155068796
0#
0!
#155068804
1!
#155072076
1#
#155078396
0#
0!
#155078404
1!
#155081676
1#
#155087996
0#
0!
#155088004
1!
#155091276
1#
#155097596
0#
0!
#155097604
1!
#155100876
1#
#155103996
b110010010 &
#155107196
0#
0!
#155107204
1!
#155110420
1#
#155116796
0#
0!
#155116804
1!
#155120020
1#
#155126396
0#
0!
#155126404
1!
#155129620
1#
#155135996
0#
0!
#155136004
1!
#155139220
1#
#155145596
0#
0!
#155145604
1!
#155148820
1#
#155155196
0#
0!
#155155204
1!
#155158420
1#
#155164796
0#
0!
#155164804
1!
#155168020
1#
#155174396
0#
0!
#155174404
1!
#155177620
1#
#155183996
0#
0!
#155184004
1!
#155187220
1#
#155193596
0#
0!
#155193604
1!
#155196820
1#
#155199996
b110001011 &
#155203196
0#
0!
#155203204
1!
#155206364
1#
#155212796
0#
0!
#155212804
1!
#155215964
1#
#155222396
0#
0!
#155222404
1!
#155225564
1#
#155231996
0#
0!
#155232004
1!
#155235164
1#
#155241596
0#
0!
#155241604
1!
#155244764
1#
#155251196
0#
0!
#155251204
1!
#155254364
1#
#155260796
0#
0!
#155260804
1!
#155263964
1#
#155270396
0#
0!
#155270404
1!
#155273564
1#
#155279996
0#
0!
#155280004
1!
#155283164
1#
#155289596
0#
0!
#155289604
1!
#155292764
1#
#155295996
b110000100 &
#155299196
0#
0!
#155299204
1!
#155302308
1#
#155308796
0#
0!
#155308804
1!
#155311908
1#
#155318396
0#
0!
#155318404
1!
#155321508
1#
#155327996
0#
0!
#155328004
1!
#155331108
1#
#155337596
0#
0!
#155337604
1!
#155340708
1#
#155347196
0#
0!
#155347204
1!
#155350308
1#
#155356796
0#
0!
#155356804
1!
#155359908
1#
#155366396
0#
0!
#155366404
1!
#155369508
1#
#155375996
0#
0!
#155376004
1!
#155379108
1#
#155385596
0#
0!
#155385604
1!
#155388708
1#
#155391996
b101111101 &
#155395196
0#
0!
#155395204
1!
#155398252
1#
#155404796
0#
0!
#155404804
1!
#155407852
1#
#155414396
0#
0!
#155414404
1!
#155417452
1#
#155423996
0#
0!
#155424004
1!
#155427052
1#
#155433596
0#
0!
#155433604
1!
#155436652
1#
#155443196
0#
0!
#155443204
1!
#155446252
1#
#155452796
0#
0!
#155452804
1!
#155455852
1#
#155462396
0#
0!
#155462404
1!
#155465452
1#
#155471996
0#
0!
#155472004
1!
#155475052
1#
#155481596
0#
0!
#155481604
1!
#155484652
1#
#155487996
b101110110 &
#155491196
0#
0!
#155491204
1!
#155494196
1#
#155500796
0#
0!
#155500804
1!
#155503796
1#
#155510396
0#
0!
#155510404
1!
#155513396
1#
#155519996
0#
0!
#155520004
1!
#155522996
1#
#155529596
0#
0!
#155529604
1!
#155532596
1#
#155539196
0#
0!
#155539204
1!
#155542196
1#
#155548796
0#
0!
#155548804
1!
#155551796
1#
#155558396
0#
0!
#155558404
1!
#155561396
1#
#155567996
0#
0!
#155568004
1!
#155570996
1#
#155577596
0#
0!
#155577604
1!
#155580596
1#
#155583996
b101101111 &
#155587196
0#
0!
#155587204
1!
#155590140
1#
#155596796
0#
0!
#155596804
1!
#155599740
1#
#155606396
0#
0!
#155606404
1!
#155609340
1#
#155615996
0#
0!
#155616004
1!
#155618940
1#
#155625596
0#
0!
#155625604
1!
#155628540
1#
#155635196
0#
0!
#155635204
1!
#155638140
1#
#155644796
0#
0!
#155644804
1!
#155647740
1#
#155654396
0#
0!
#155654404
1!
#155657340
1#
#155663996
0#
0!
#155664004
1!
#155666940
1#
#155673596
0#
0!
#155673604
1!
#155676540
1#
#155679996
b101101000 &
#155683196
0#
0!
#155683204
1!
#155686084
1#
#155692796
0#
0!
#155692804
1!
#155695684
1#
#155702396
0#
0!
#155702404
1!
#155705284
1#
#155711996
0#
0!
#155712004
1!
#155714884
1#
#155721596
0#
0!
#155721604
1!
#155724484
1#
#155731196
0#
0!
#155731204
1!
#155734084
1#
#155740796
0#
0!
#155740804
1!
#155743684
1#
#155750396
0#
0!
#155750404
1!
#155753284
1#
#155759996
0#
0!
#155760004
1!
#155762884
1#
#155769596
0#
0!
#155769604
1!
#155772484
1#
#155775996
b101100001 &
#155779196
0#
0!
#155779204
1!
#155782028
1#
#155788796
0#
0!
#155788804
1!
#155791628
1#
#155798396
0#
0!
#155798404
1!
#155801228
1#
#155807996
0#
0!
#155808004
1!
#155810828
1#
#155817596
0#
0!
#155817604
1!
#155820428
1#
#155827196
0#
0!
#155827204
1!
#155830028
1#
#155836796
0#
0!
#155836804
1!
#155839628
1#
#155846396
0#
0!
#155846404
1!
#155849228
1#
#155855996
0#
0!
#155856004
1!
#155858828
1#
#155865596
0#
0!
#155865604
1!
#155868428
1#
#155871996
b101011010 &
#155875196
0#
0!
#155875204
1!
#155877972
1#
#155884796
0#
0!
#155884804
1!
#155887572
1#
#155894396
0#
0!
#155894404
1!
#155897172
1#
#155903996
0#
0!
#155904004
1!
#155906772
1#
#155913596
0#
0!
#155913604
1!
#155916372
1#
#155923196
0#
0!
#155923204
1!
#155925972
1#
#155932796
0#
0!
#155932804
1!
#155935572
1#
#155942396
0#
0!
#155942404
1!
#155945172
1#
#155951996
0#
0!
#155952004
1!
#155954772
1#
#155961596
0#
0!
#155961604
1!
#155964372
1#
#155967996
b101010011 &
#155971196
0#
0!
#155971204
1!
#155973916
1#
#155980796
0#
0!
#155980804
1!
#155983516
1#
#155990396
0#
0!
#155990404
1!
#155993116
1#
#155999996
0#
0!
#156000004
1!
#156002716
1#
#156009596
0#
0!
#156009604
1!
#156012316
1#
#156019196
0#
0!
#156019204
1!
#156021916
1#
#156028796
0#
0!
#156028804
1!
#156031516
1#
#156038396
0#
0!
#156038404
1!
#156041116
1#
#156047996
0#
0!
#156048004
1!
#156050716
1#
#156057596
0#
0!
#156057604
1!
#156060316
1#
#156063996
b101001100 &
#156067196
0#
0!
#156067204
1!
#156069860
1#
#156076796
0#
0!
#156076804
1!
#156079460
1#
#156086396
0#
0!
#156086404
1!
#156089060
1#
#156095996
0#
0!
#156096004
1!
#156098660
1#
#156105596
0#
0!
#156105604
1!
#156108260
1#
#156115196
0#
0!
#156115204
1!
#156117860
1#
#156124796
0#
0!
#156124804
1!
#156127460
1#
#156134396
0#
0!
#156134404
1!
#156137060
1#
#156143996
0#
0!
#156144004
1!
#156146660
1#
#156153596
0#
0!
#156153604
1!
#156156260
1#
#156159996
b101000101 &
#156163196
0#
0!
#156163204
1!
#156165804
1#
#156172796
0#
0!
#156172804
1!
#156175404
1#
#156182396
0#
0!
#156182404
1!
#156185004
1#
#156191996
0#
0!
#156192004
1!
#156194604
1#
#156201596
0#
0!
#156201604
1!
#156204204
1#
#156211196
0#
0!
#156211204
1!
#156213804
1#
#156220796
0#
0!
#156220804
1!
#156223404
1#
#156230396
0#
0!
#156230404
1!
#156233004
1#
#156239996
0#
0!
#156240004
1!
#156242604
1#
#156249596
0#
0!
#156249604
1!
#156252204
1#
#156255996
b100111110 &
#156259196
0#
0!
#156259204
1!
#156261748
1#
#156268796
0#
0!
#156268804
1!
#156271348
1#
#156278396
0#
0!
#156278404
1!
#156280948
1#
#156287996
0#
0!
#156288004
1!
#156290548
1#
#156297596
0#
0!
#156297604
1!
#156300148
1#
#156307196
0#
0!
#156307204
1!
#156309748
1#
#156316796
0#
0!
#156316804
1!
#156319348
1#
#156326396
0#
0!
#156326404
1!
#156328948
1#
#156335996
0#
0!
#156336004
1!
#156338548
1#
#156345596
0#
0!
#156345604
1!
#156348148
1#
#156351996
b100110111 &
#156355196
0#
0!
#156355204
1!
#156357692
1#
#156364796
0#
0!
#156364804
1!
#156367292
1#
#156374396
0#
0!
#156374404
1!
#156376892
1#
#156383996
0#
0!
#156384004
1!
#156386492
1#
#156393596
0#
0!
#156393604
1!
#156396092
1#
#156403196
0#
0!
#156403204
1!
#156405692
1#
#156412796
0#
0!
#156412804
1!
#156415292
1#
#156422396
0#
0!
#156422404
1!
#156424892
1#
#156431996
0#
0!
#156432004
1!
#156434492
1#
#156441596
0#
0!
#156441604
1!
#156444092
1#
#156447996
b100110000 &
#156451196
0#
0!
#156451204
1!
#156453636
1#
#156460796
0#
0!
#156460804
1!
#156463236
1#
#156470396
0#
0!
#156470404
1!
#156472836
1#
#156479996
0#
0!
#156480004
1!
#156482436
1#
#156489596
0#
0!
#156489604
1!
#156492036
1#
#156499196
0#
0!
#156499204
1!
#156501636
1#
#156508796
0#
0!
#156508804
1!
#156511236
1#
#156518396
0#
0!
#156518404
1!
#156520836
1#
#156527996
0#
0!
#156528004
1!
#156530436
1#
#156537596
0#
0!
#156537604
1!
#156540036
1#
#156543996
b100101001 &
#156547196
0#
0!
#156547204
1!
#156549580
1#
#156556796
0#
0!
#156556804
1!
#156559180
1#
#156566396
0#
0!
#156566404
1!
#156568780
1#
#156575996
0#
0!
#156576004
1!
#156578380
1#
#156585596
0#
0!
#156585604
1!
#156587980
1#
#156595196
0#
0!
#156595204
1!
#156597580
1#
#156604796
0#
0!
#156604804
1!
#156607180
1#
#156614396
0#
0!
#156614404
1!
#156616780
1#
#156623996
0#
0!
#156624004
1!
#156626380
1#
#156633596
0#
0!
#156633604
1!
#156635980
1#
#156639996
b100100010 &
#156643196
0#
0!
#156643204
1!
#156645524
1#
#156652796
0#
0!
#156652804
1!
#156655124
1#
#156662396
0#
0!
#156662404
1!
#156664724
1#
#156671996
0#
0!
#156672004
1!
#156674324
1#
#156681596
0#
0!
#156681604
1!
#156683924
1#
#156691196
0#
0!
#156691204
1!
#156693524
1#
#156700796
0#
0!
#156700804
1!
#156703124
1#
#156710396
0#
0!
#156710404
1!
#156712724
1#
#156719996
0#
0!
#156720004
1!
#156722324
1#
#156729596
0#
0!
#156729604
1!
#156731924
1#
#156735996
b100011011 &
#156739196
0#
0!
#156739204
1!
#156741468
1#
#156748796
0#
0!
#156748804
1!
#156751068
1#
#156758396
0#
0!
#156758404
1!
#156760668
1#
#156767996
0#
0!
#156768004
1!
#156770268
1#
#156777596
0#
0!
#156777604
1!
#156779868
1#
#156787196
0#
0!
#156787204
1!
#156789468
1#
#156796796
0#
0!
#156796804
1!
#156799068
1#
#156806396
0#
0!
#156806404
1!
#156808668
1#
#156815996
0#
0!
#156816004
1!
#156818268
1#
#156825596
0#
0!
#156825604
1!
#156827868
1#
#156831996
b100010100 &
#156835196
0#
0!
#156835204
1!
#156837412
1#
#156844796
0#
0!
#156844804
1!
#156847012
1#
#156854396
0#
0!
#156854404
1!
#156856612
1#
#156863996
0#
0!
#156864004
1!
#156866212
1#
#156873596
0#
0!
#156873604
1!
#156875812
1#
#156883196
0#
0!
#156883204
1!
#156885412
1#
#156892796
0#
0!
#156892804
1!
#156895012
1#
#156902396
0#
0!
#156902404
1!
#156904612
1#
#156911996
0#
0!
#156912004
1!
#156914212
1#
#156921596
0#
0!
#156921604
1!
#156923812
1#
#156927996
b100001101 &
#156931196
0#
0!
#156931204
1!
#156933356
1#
#156940796
0#
0!
#156940804
1!
#156942956
1#
#156950396
0#
0!
#156950404
1!
#156952556
1#
#156959996
0#
0!
#156960004
1!
#156962156
1#
#156969596
0#
0!
#156969604
1!
#156971756
1#
#156979196
0#
0!
#156979204
1!
#156981356
1#
#156988796
0#
0!
#156988804
1!
#156990956
1#
#156998396
0#
0!
#156998404
1!
#157000556
1#
#157007996
0#
0!
#157008004
1!
#157010156
1#
#157017596
0#
0!
#157017604
1!
#157019756
1#
#157023996
b100000110 &
#157027196
0#
0!
#157027204
1!
#157029300
1#
#157036796
0#
0!
#157036804
1!
#157038900
1#
#157046396
0#
0!
#157046404
1!
#157048500
1#
#157055996
0#
0!
#157056004
1!
#157058100
1#
#157065596
0#
0!
#157065604
1!
#157067700
1#
#157075196
0#
0!
#157075204
1!
#157077300
1#
#157084796
0#
0!
#157084804
1!
#157086900
1#
#157094396
0#
0!
#157094404
1!
#157096500
1#
#157103996
0#
0!
#157104004
1!
#157106100
1#
#157113596
0#
0!
#157113604
1!
#157115700
1#
#157119996
b11111111 &
#157123196
0#
0!
#157123204
1!
#157125244
1#
#157132796
0#
0!
#157132804
1!
#157134844
1#
#157142396
0#
0!
#157142404
1!
#157144444
1#
#157151996
0#
0!
#157152004
1!
#157154044
1#
#157161596
0#
0!
#157161604
1!
#157163644
1#
#157171196
0#
0!
#157171204
1!
#157173244
1#
#157180796
0#
0!
#157180804
1!
#157182844
1#
#157190396
0#
0!
#157190404
1!
#157192444
1#
#157199996
0#
0!
#157200004
1!
#157202044
1#
#157209596
0#
0!
#157209604
1!
#157211644
1#
#157215996
b11111000 &
#157219196
0#
0!
#157219204
1!
#157221188
1#
#157228796
0#
0!
#157228804
1!
#157230788
1#
#157238396
0#
0!
#157238404
1!
#157240388
1#
#157247996
0#
0!
#157248004
1!
#157249988
1#
#157257596
0#
0!
#157257604
1!
#157259588
1#
#157267196
0#
0!
#157267204
1!
#157269188
1#
#157276796
0#
0!
#157276804
1!
#157278788
1#
#157286396
0#
0!
#157286404
1!
#157288388
1#
#157295996
0#
0!
#157296004
1!
#157297988
1#
#157305596
0#
0!
#157305604
1!
#157307588
1#
#157311996
b11110001 &
#157315196
0#
0!
#157315204
1!
#157317132
1#
#157324796
0#
0!
#157324804
1!
#157326732
1#
#157334396
0#
0!
#157334404
1!
#157336332
1#
#157343996
0#
0!
#157344004
1!
#157345932
1#
#157353596
0#
0!
#157353604
1!
#157355532
1#
#157363196
0#
0!
#157363204
1!
#157365132
1#
#157372796
0#
0!
#157372804
1!
#157374732
1#
#157382396
0#
0!
#157382404
1!
#157384332
1#
#157391996
0#
0!
#157392004
1!
#157393932
1#
#157401596
0#
0!
#157401604
1!
#157403532
1#
#157407996
b11101010 &
#157411196
0#
0!
#157411204
1!
#157413076
1#
#157420796
0#
0!
#157420804
1!
#157422676
1#
#157430396
0#
0!
#157430404
1!
#157432276
1#
#157439996
0#
0!
#157440004
1!
#157441876
1#
#157449596
0#
0!
#157449604
1!
#157451476
1#
#157459196
0#
0!
#157459204
1!
#157461076
1#
#157468796
0#
0!
#157468804
1!
#157470676
1#
#157478396
0#
0!
#157478404
1!
#157480276
1#
#157487996
0#
0!
#157488004
1!
#157489876
1#
#157497596
0#
0!
#157497604
1!
#157499476
1#
#157503996
b11100011 &
#157507196
0#
0!
#157507204
1!
#157509020
1#
#157516796
0#
0!
#157516804
1!
#157518620
1#
#157526396
0#
0!
#157526404
1!
#157528220
1#
#157535996
0#
0!
#157536004
1!
#157537820
1#
#157545596
0#
0!
#157545604
1!
#157547420
1#
#157555196
0#
0!
#157555204
1!
#157557020
1#
#157564796
0#
0!
#157564804
1!
#157566620
1#
#157574396
0#
0!
#157574404
1!
#157576220
1#
#157583996
0#
0!
#157584004
1!
#157585820
1#
#157593596
0#
0!
#157593604
1!
#157595420
1#
#157599996
b11011100 &
#157603196
0#
0!
#157603204
1!
#157604964
1#
#157612796
0#
0!
#157612804
1!
#157614564
1#
#157622396
0#
0!
#157622404
1!
#157624164
1#
#157631996
0#
0!
#157632004
1!
#157633764
1#
#157641596
0#
0!
#157641604
1!
#157643364
1#
#157651196
0#
0!
#157651204
1!
#157652964
1#
#157660796
0#
0!
#157660804
1!
#157662564
1#
#157670396
0#
0!
#157670404
1!
#157672164
1#
#157679996
0#
0!
#157680004
1!
#157681764
1#
#157689596
0#
0!
#157689604
1!
#157691364
1#
#157695996
b11010101 &
#157699196
0#
0!
#157699204
1!
#157700908
1#
#157708796
0#
0!
#157708804
1!
#157710508
1#
#157718396
0#
0!
#157718404
1!
#157720108
1#
#157727996
0#
0!
#157728004
1!
#157729708
1#
#157737596
0#
0!
#157737604
1!
#157739308
1#
#157747196
0#
0!
#157747204
1!
#157748908
1#
#157756796
0#
0!
#157756804
1!
#157758508
1#
#157766396
0#
0!
#157766404
1!
#157768108
1#
#157775996
0#
0!
#157776004
1!
#157777708
1#
#157785596
0#
0!
#157785604
1!
#157787308
1#
#157791996
b11001110 &
#157795196
0#
0!
#157795204
1!
#157796852
1#
#157804796
0#
0!
#157804804
1!
#157806452
1#
#157814396
0#
0!
#157814404
1!
#157816052
1#
#157823996
0#
0!
#157824004
1!
#157825652
1#
#157833596
0#
0!
#157833604
1!
#157835252
1#
#157843196
0#
0!
#157843204
1!
#157844852
1#
#157852796
0#
0!
#157852804
1!
#157854452
1#
#157862396
0#
0!
#157862404
1!
#157864052
1#
#157871996
0#
0!
#157872004
1!
#157873652
1#
#157881596
0#
0!
#157881604
1!
#157883252
1#
#157887996
b11000111 &
#157891196
0#
0!
#157891204
1!
#157892796
1#
#157900796
0#
0!
#157900804
1!
#157902396
1#
#157910396
0#
0!
#157910404
1!
#157911996
1#
#157919996
0#
0!
#157920004
1!
#157921596
1#
#157929596
0#
0!
#157929604
1!
#157931196
1#
#157939196
0#
0!
#157939204
1!
#157940796
1#
#157948796
0#
0!
#157948804
1!
#157950396
1#
#157958396
0#
0!
#157958404
1!
#157959996
1#
#157967996
0#
0!
#157968004
1!
#157969596
1#
#157977596
0#
0!
#157977604
1!
#157979196
1#
#157983996
b11000000 &
#157987196
0#
0!
#157987204
1!
#157988740
1#
#157996796
0#
0!
#157996804
1!
#157998340
1#
#158006396
0#
0!
#158006404
1!
#158007940
1#
#158015996
0#
0!
#158016004
1!
#158017540
1#
#158025596
0#
0!
#158025604
1!
#158027140
1#
#158035196
0#
0!
#158035204
1!
#158036740
1#
#158044796
0#
0!
#158044804
1!
#158046340
1#
#158054396
0#
0!
#158054404
1!
#158055940
1#
#158063996
0#
0!
#158064004
1!
#158065540
1#
#158073596
0#
0!
#158073604
1!
#158075140
1#
#158079996
b10111001 &
#158083196
0#
0!
#158083204
1!
#158084684
1#
#158092796
0#
0!
#158092804
1!
#158094284
1#
#158102396
0#
0!
#158102404
1!
#158103884
1#
#158111996
0#
0!
#158112004
1!
#158113484
1#
#158121596
0#
0!
#158121604
1!
#158123084
1#
#158131196
0#
0!
#158131204
1!
#158132684
1#
#158140796
0#
0!
#158140804
1!
#158142284
1#
#158150396
0#
0!
#158150404
1!
#158151884
1#
#158159996
0#
0!
#158160004
1!
#158161484
1#
#158169596
0#
0!
#158169604
1!
#158171084
1#
#158175996
b10110010 &
#158179196
0#
0!
#158179204
1!
#158180628
1#
#158188796
0#
0!
#158188804
1!
#158190228
1#
#158198396
0#
0!
#158198404
1!
#158199828
1#
#158207996
0#
0!
#158208004
1!
#158209428
1#
#158217596
0#
0!
#158217604
1!
#158219028
1#
#158227196
0#
0!
#158227204
1!
#158228628
1#
#158236796
0#
0!
#158236804
1!
#158238228
1#
#158246396
0#
0!
#158246404
1!
#158247828
1#
#158255996
0#
0!
#158256004
1!
#158257428
1#
#158265596
0#
0!
#158265604
1!
#158267028
1#
#158271996
b10101011 &
#158275196
0#
0!
#158275204
1!
#158276572
1#
#158284796
0#
0!
#158284804
1!
#158286172
1#
#158294396
0#
0!
#158294404
1!
#158295772
1#
#158303996
0#
0!
#158304004
1!
#158305372
1#
#158313596
0#
0!
#158313604
1!
#158314972
1#
#158323196
0#
0!
#158323204
1!
#158324572
1#
#158332796
0#
0!
#158332804
1!
#158334172
1#
#158342396
0#
0!
#158342404
1!
#158343772
1#
#158351996
0#
0!
#158352004
1!
#158353372
1#
#158361596
0#
0!
#158361604
1!
#158362972
1#
#158367996
b10100100 &
#158371196
0#
0!
#158371204
1!
#158372516
1#
#158380796
0#
0!
#158380804
1!
#158382116
1#
#158390396
0#
0!
#158390404
1!
#158391716
1#
#158399996
0#
0!
#158400004
1!
#158401316
1#
#158409596
0#
0!
#158409604
1!
#158410916
1#
#158419196
0#
0!
#158419204
1!
#158420516
1#
#158428796
0#
0!
#158428804
1!
#158430116
1#
#158438396
0#
0!
#158438404
1!
#158439716
1#
#158447996
0#
0!
#158448004
1!
#158449316
1#
#158457596
0#
0!
#158457604
1!
#158458916
1#
#158463996
b10011101 &
#158467196
0#
0!
#158467204
1!
#158468460
1#
#158476796
0#
0!
#158476804
1!
#158478060
1#
#158486396
0#
0!
#158486404
1!
#158487660
1#
#158495996
0#
0!
#158496004
1!
#158497260
1#
#158505596
0#
0!
#158505604
1!
#158506860
1#
#158515196
0#
0!
#158515204
1!
#158516460
1#
#158524796
0#
0!
#158524804
1!
#158526060
1#
#158534396
0#
0!
#158534404
1!
#158535660
1#
#158543996
0#
0!
#158544004
1!
#158545260
1#
#158553596
0#
0!
#158553604
1!
#158554860
1#
#158559996
b10010110 &
#158563196
0#
0!
#158563204
1!
#158564404
1#
#158572796
0#
0!
#158572804
1!
#158574004
1#
#158582396
0#
0!
#158582404
1!
#158583604
1#
#158591996
0#
0!
#158592004
1!
#158593204
1#
#158601596
0#
0!
#158601604
1!
#158602804
1#
#158611196
0#
0!
#158611204
1!
#158612404
1#
#158620796
0#
0!
#158620804
1!
#158622004
1#
#158630396
0#
0!
#158630404
1!
#158631604
1#
#158639996
0#
0!
#158640004
1!
#158641204
1#
#158649596
0#
0!
#158649604
1!
#158650804
1#
#158655996
b10001111 &
#158659196
0#
0!
#158659204
1!
#158660348
1#
#158668796
0#
0!
#158668804
1!
#158669948
1#
#158678396
0#
0!
#158678404
1!
#158679548
1#
#158687996
0#
0!
#158688004
1!
#158689148
1#
#158697596
0#
0!
#158697604
1!
#158698748
1#
#158707196
0#
0!
#158707204
1!
#158708348
1#
#158716796
0#
0!
#158716804
1!
#158717948
1#
#158726396
0#
0!
#158726404
1!
#158727548
1#
#158735996
0#
0!
#158736004
1!
#158737148
1#
#158745596
0#
0!
#158745604
1!
#158746748
1#
#158751996
b10001000 &
#158755196
0#
0!
#158755204
1!
#158756292
1#
#158764796
0#
0!
#158764804
1!
#158765892
1#
#158774396
0#
0!
#158774404
1!
#158775492
1#
#158783996
0#
0!
#158784004
1!
#158785092
1#
#158793596
0#
0!
#158793604
1!
#158794692
1#
#158803196
0#
0!
#158803204
1!
#158804292
1#
#158812796
0#
0!
#158812804
1!
#158813892
1#
#158822396
0#
0!
#158822404
1!
#158823492
1#
#158831996
0#
0!
#158832004
1!
#158833092
1#
#158841596
0#
0!
#158841604
1!
#158842692
1#
#158847996
b10000001 &
#158851196
0#
0!
#158851204
1!
#158852236
1#
#158860796
0#
0!
#158860804
1!
#158861836
1#
#158870396
0#
0!
#158870404
1!
#158871436
1#
#158879996
0#
0!
#158880004
1!
#158881036
1#
#158889596
0#
0!
#158889604
1!
#158890636
1#
#158899196
0#
0!
#158899204
1!
#158900236
1#
#158908796
0#
0!
#158908804
1!
#158909836
1#
#158918396
0#
0!
#158918404
1!
#158919436
1#
#158927996
0#
0!
#158928004
1!
#158929036
1#
#158937596
0#
0!
#158937604
1!
#158938636
1#
#158943996
b1111010 &
#158947196
0#
0!
#158947204
1!
#158948180
1#
#158956796
0#
0!
#158956804
1!
#158957780
1#
#158966396
0#
0!
#158966404
1!
#158967380
1#
#158975996
0#
0!
#158976004
1!
#158976980
1#
#158985596
0#
0!
#158985604
1!
#158986580
1#
#158995196
0#
0!
#158995204
1!
#158996180
1#
#159004796
0#
0!
#159004804
1!
#159005780
1#
#159014396
0#
0!
#159014404
1!
#159015380
1#
#159023996
0#
0!
#159024004
1!
#159024980
1#
#159033596
0#
0!
#159033604
1!
#159034580
1#
#159039996
b1110011 &
#159043196
0#
0!
#159043204
1!
#159044124
1#
#159052796
0#
0!
#159052804
1!
#159053724
1#
#159062396
0#
0!
#159062404
1!
#159063324
1#
#159071996
0#
0!
#159072004
1!
#159072924
1#
#159081596
0#
0!
#159081604
1!
#159082524
1#
#159091196
0#
0!
#159091204
1!
#159092124
1#
#159100796
0#
0!
#159100804
1!
#159101724
1#
#159110396
0#
0!
#159110404
1!
#159111324
1#
#159119996
0#
0!
#159120004
1!
#159120924
1#
#159129596
0#
0!
#159129604
1!
#159130524
1#
#159135996
b1101100 &
#159139196
0#
0!
#159139204
1!
#159140068
1#
#159148796
0#
0!
#159148804
1!
#159149668
1#
#159158396
0#
0!
#159158404
1!
#159159268
1#
#159167996
0#
0!
#159168004
1!
#159168868
1#
#159177596
0#
0!
#159177604
1!
#159178468
1#
#159187196
0#
0!
#159187204
1!
#159188068
1#
#159196796
0#
0!
#159196804
1!
#159197668
1#
#159206396
0#
0!
#159206404
1!
#159207268
1#
#159215996
0#
0!
#159216004
1!
#159216868
1#
#159225596
0#
0!
#159225604
1!
#159226468
1#
#159231996
b1100101 &
#159235196
0#
0!
#159235204
1!
#159236012
1#
#159244796
0#
0!
#159244804
1!
#159245612
1#
#159254396
0#
0!
#159254404
1!
#159255212
1#
#159263996
0#
0!
#159264004
1!
#159264812
1#
#159273596
0#
0!
#159273604
1!
#159274412
1#
#159283196
0#
0!
#159283204
1!
#159284012
1#
#159292796
0#
0!
#159292804
1!
#159293612
1#
#159302396
0#
0!
#159302404
1!
#159303212
1#
#159311996
0#
0!
#159312004
1!
#159312812
1#
#159321596
0#
0!
#159321604
1!
#159322412
1#
#159327996
b1011110 &
#159331196
0#
0!
#159331204
1!
#159331956
1#
#159340796
0#
0!
#159340804
1!
#159341556
1#
#159350396
0#
0!
#159350404
1!
#159351156
1#
#159359996
0#
0!
#159360004
1!
#159360756
1#
#159369596
0#
0!
#159369604
1!
#159370356
1#
#159379196
0#
0!
#159379204
1!
#159379956
1#
#159388796
0#
0!
#159388804
1!
#159389556
1#
#159398396
0#
0!
#159398404
1!
#159399156
1#
#159407996
0#
0!
#159408004
1!
#159408756
1#
#159417596
0#
0!
#159417604
1!
#159418356
1#
#159423996
b1010111 &
#159427196
0#
0!
#159427204
1!
#159427900
1#
#159436796
0#
0!
#159436804
1!
#159437500
1#
#159446396
0#
0!
#159446404
1!
#159447100
1#
#159455996
0#
0!
#159456004
1!
#159456700
1#
#159465596
0#
0!
#159465604
1!
#159466300
1#
#159475196
0#
0!
#159475204
1!
#159475900
1#
#159484796
0#
0!
#159484804
1!
#159485500
1#
#159494396
0#
0!
#159494404
1!
#159495100
1#
#159503996
0#
0!
#159504004
1!
#159504700
1#
#159513596
0#
0!
#159513604
1!
#159514300
1#
#159519996
b1010000 &
#159523196
0#
0!
#159523204
1!
#159523844
1#
#159532796
0#
0!
#159532804
1!
#159533444
1#
#159542396
0#
0!
#159542404
1!
#159543044
1#
#159551996
0#
0!
#159552004
1!
#159552644
1#
#159561596
0#
0!
#159561604
1!
#159562244
1#
#159571196
0#
0!
#159571204
1!
#159571844
1#
#159580796
0#
0!
#159580804
1!
#159581444
1#
#159590396
0#
0!
#159590404
1!
#159591044
1#
#159599996
0#
0!
#159600004
1!
#159600644
1#
#159609596
0#
0!
#159609604
1!
#159610244
1#
#159615996
b1001001 &
#159619196
0#
0!
#159619204
1!
#159619788
1#
#159628796
0#
0!
#159628804
1!
#159629388
1#
#159638396
0#
0!
#159638404
1!
#159638988
1#
#159647996
0#
0!
#159648004
1!
#159648588
1#
#159657596
0#
0!
#159657604
1!
#159658188
1#
#159667196
0#
0!
#159667204
1!
#159667788
1#
#159676796
0#
0!
#159676804
1!
#159677388
1#
#159686396
0#
0!
#159686404
1!
#159686988
1#
#159695996
0#
0!
#159696004
1!
#159696588
1#
#159705596
0#
0!
#159705604
1!
#159706188
1#
#159711996
b1000010 &
#159715196
0#
0!
#159715204
1!
#159715732
1#
#159724796
0#
0!
#159724804
1!
#159725332
1#
#159734396
0#
0!
#159734404
1!
#159734932
1#
#159743996
0#
0!
#159744004
1!
#159744532
1#
#159753596
0#
0!
#159753604
1!
#159754132
1#
#159763196
0#
0!
#159763204
1!
#159763732
1#
#159772796
0#
0!
#159772804
1!
#159773332
1#
#159782396
0#
0!
#159782404
1!
#159782932
1#
#159791996
0#
0!
#159792004
1!
#159792532
1#
#159801596
0#
0!
#159801604
1!
#159802132
1#
#159807996
b111011 &
#159811196
0#
0!
#159811204
1!
#159811676
1#
#159820796
0#
0!
#159820804
1!
#159821276
1#
#159830396
0#
0!
#159830404
1!
#159830876
1#
#159839996
0#
0!
#159840004
1!
#159840476
1#
#159849596
0#
0!
#159849604
1!
#159850076
1#
#159859196
0#
0!
#159859204
1!
#159859676
1#
#159868796
0#
0!
#159868804
1!
#159869276
1#
#159878396
0#
0!
#159878404
1!
#159878876
1#
#159887996
0#
0!
#159888004
1!
#159888476
1#
#159897596
0#
0!
#159897604
1!
#159898076
1#
#159903996
b110100 &
#159907196
0#
0!
#159907204
1!
#159907620
1#
#159916796
0#
0!
#159916804
1!
#159917220
1#
#159926396
0#
0!
#159926404
1!
#159926820
1#
#159935996
0#
0!
#159936004
1!
#159936420
1#
#159945596
0#
0!
#159945604
1!
#159946020
1#
#159955196
0#
0!
#159955204
1!
#159955620
1#
#159964796
0#
0!
#159964804
1!
#159965220
1#
#159974396
0#
0!
#159974404
1!
#159974820
1#
#159983996
0#
0!
#159984004
1!
#159984420
1#
#159993596
0#
0!
#159993604
1!
#159994020
1#
#159999996
b101101 &
#160003196
0#
0!
#160003204
1!
#160003564
1#
#160012796
0#
0!
#160012804
1!
#160013164
1#
#160022396
0#
0!
#160022404
1!
#160022764
1#
#160031996
0#
0!
#160032004
1!
#160032364
1#
#160041596
0#
0!
#160041604
1!
#160041964
1#
#160051196
0#
0!
#160051204
1!
#160051564
1#
#160060796
0#
0!
#160060804
1!
#160061164
1#
#160070396
0#
0!
#160070404
1!
#160070764
1#
#160079996
0#
0!
#160080004
1!
#160080364
1#
#160089596
0#
0!
#160089604
1!
#160089964
1#
#160095996
b100110 &
#160099196
0#
0!
#160099204
1!
#160099508
1#
#160108796
0#
0!
#160108804
1!
#160109108
1#
#160118396
0#
0!
#160118404
1!
#160118708
1#
#160127996
0#
0!
#160128004
1!
#160128308
1#
#160137596
0#
0!
#160137604
1!
#160137908
1#
#160147196
0#
0!
#160147204
1!
#160147508
1#
#160156796
0#
0!
#160156804
1!
#160157108
1#
#160166396
0#
0!
#160166404
1!
#160166708
1#
#160175996
0#
0!
#160176004
1!
#160176308
1#
#160185596
0#
0!
#160185604
1!
#160185908
1#
#160191996
b11111 &
#160195196
0#
0!
#160195204
1!
#160195452
1#
#160204796
0#
0!
#160204804
1!
#160205052
1#
#160214396
0#
0!
#160214404
1!
#160214652
1#
#160223996
0#
0!
#160224004
1!
#160224252
1#
#160233596
0#
0!
#160233604
1!
#160233852
1#
#160243196
0#
0!
#160243204
1!
#160243452
1#
#160252796
0#
0!
#160252804
1!
#160253052
1#
#160262396
0#
0!
#160262404
1!
#160262652
1#
#160271996
0#
0!
#160272004
1!
#160272252
1#
#160281596
0#
0!
#160281604
1!
#160281852
1#
#160287996
b0 &
#160291196
0#
0!
#160291204
1!
1#
#160300796
0#
0!
#160300804
1!
1#
#160310396
0#
0!
#160310404
1!
1#
#160319996
0#
0!
#160320004
1!
1#
#160329596
0#
0!
#160329604
1!
1#
#160339196
0#
0!
#160339204
1!
1#
#160348796
0#
0!
#160348804
1!
1#
#160351996
b111 $
#160358396
0#
0!
#160358404
1#
#160358460
1!
#160367996
0#
0!
#160368004
1#
#160368060
1!
#160377596
0#
0!
#160377604
1#
#160377660
1!
#160387196
0#
0!
#160387204
1#
#160387260
1!
#160396796
0#
0!
#160396804
1#
#160396860
1!
#160406396
0#
0!
#160406404
1#
#160406460
1!
#160415996
0#
0!
#160416004
1#
#160416060
1!
#160425596
0#
0!
#160425604
1#
#160425660
1!
#160435196
0#
0!
#160435204
1#
#160435260
1!
#160444796
0#
0!
#160444804
1#
#160444860
1!
#160447996
b1110 $
#160454396
0#
0!
#160454404
1#
#160454516
1!
#160463996
0#
0!
#160464004
1#
#160464116
1!
#160473596
0#
0!
#160473604
1#
#160473716
1!
#160483196
0#
0!
#160483204
1#
#160483316
1!
#160492796
0#
0!
#160492804
1#
#160492916
1!
#160502396
0#
0!
#160502404
1#
#160502516
1!
#160511996
0#
0!
#160512004
1#
#160512116
1!
#160521596
0#
0!
#160521604
1#
#160521716
1!
#160531196
0#
0!
#160531204
1#
#160531316
1!
#160540796
0#
0!
#160540804
1#
#160540916
1!
#160543996
b10101 $
#160550396
0#
0!
#160550404
1#
#160550572
1!
#160559996
0#
0!
#160560004
1#
#160560172
1!
#160569596
0#
0!
#160569604
1#
#160569772
1!
#160579196
0#
0!
#160579204
1#
#160579372
1!
#160588796
0#
0!
#160588804
1#
#160588972
1!
#160598396
0#
0!
#160598404
1#
#160598572
1!
#160607996
0#
0!
#160608004
1#
#160608172
1!
#160617596
0#
0!
#160617604
1#
#160617772
1!
#160627196
0#
0!
#160627204
1#
#160627372
1!
#160636796
0#
0!
#160636804
1#
#160636972
1!
#160639996
b11100 $
#160646396
0#
0!
#160646404
1#
#160646628
1!
#160655996
0#
0!
#160656004
1#
#160656228
1!
#160665596
0#
0!
#160665604
1#
#160665828
1!
#160675196
0#
0!
#160675204
1#
#160675428
1!
#160684796
0#
0!
#160684804
1#
#160685028
1!
#160694396
0#
0!
#160694404
1#
#160694628
1!
#160703996
0#
0!
#160704004
1#
#160704228
1!
#160713596
0#
0!
#160713604
1#
#160713828
1!
#160723196
0#
0!
#160723204
1#
#160723428
1!
#160732796
0#
0!
#160732804
1#
#160733028
1!
#160735996
b100011 $
#160742396
0#
0!
#160742404
1#
#160742684
1!
#160751996
0#
0!
#160752004
1#
#160752284
1!
#160761596
0#
0!
#160761604
1#
#160761884
1!
#160771196
0#
0!
#160771204
1#
#160771484
1!
#160780796
0#
0!
#160780804
1#
#160781084
1!
#160790396
0#
0!
#160790404
1#
#160790684
1!
#160799996
0#
0!
#160800004
1#
#160800284
1!
#160809596
0#
0!
#160809604
1#
#160809884
1!
#160819196
0#
0!
#160819204
1#
#160819484
1!
#160828796
0#
0!
#160828804
1#
#160829084
1!
#160831996
b101010 $
#160838396
0#
0!
#160838404
1#
#160838740
1!
#160847996
0#
0!
#160848004
1#
#160848340
1!
#160857596
0#
0!
#160857604
1#
#160857940
1!
#160867196
0#
0!
#160867204
1#
#160867540
1!
#160876796
0#
0!
#160876804
1#
#160877140
1!
#160886396
0#
0!
#160886404
1#
#160886740
1!
#160895996
0#
0!
#160896004
1#
#160896340
1!
#160905596
0#
0!
#160905604
1#
#160905940
1!
#160915196
0#
0!
#160915204
1#
#160915540
1!
#160924796
0#
0!
#160924804
1#
#160925140
1!
#160927996
b110001 $
#160934396
0#
0!
#160934404
1#
#160934796
1!
#160943996
0#
0!
#160944004
1#
#160944396
1!
#160953596
0#
0!
#160953604
1#
#160953996
1!
#160963196
0#
0!
#160963204
1#
#160963596
1!
#160972796
0#
0!
#160972804
1#
#160973196
1!
#160982396
0#
0!
#160982404
1#
#160982796
1!
#160991996
0#
0!
#160992004
1#
#160992396
1!
#161001596
0#
0!
#161001604
1#
#161001996
1!
#161011196
0#
0!
#161011204
1#
#161011596
1!
#161020796
0#
0!
#161020804
1#
#161021196
1!
#161023996
b111000 $
#161030396
0#
0!
#161030404
1#
#161030852
1!
#161039996
0#
0!
#161040004
1#
#161040452
1!
#161049596
0#
0!
#161049604
1#
#161050052
1!
#161059196
0#
0!
#161059204
1#
#161059652
1!
#161068796
0#
0!
#161068804
1#
#161069252
1!
#161078396
0#
0!
#161078404
1#
#161078852
1!
#161087996
0#
0!
#161088004
1#
#161088452
1!
#161097596
0#
0!
#161097604
1#
#161098052
1!
#161107196
0#
0!
#161107204
1#
#161107652
1!
#161116796
0#
0!
#161116804
1#
#161117252
1!
#161119996
b111111 $
#161126396
0#
0!
#161126404
1#
#161126908
1!
#161135996
0#
0!
#161136004
1#
#161136508
1!
#161145596
0#
0!
#161145604
1#
#161146108
1!
#161155196
0#
0!
#161155204
1#
#161155708
1!
#161164796
0#
0!
#161164804
1#
#161165308
1!
#161174396
0#
0!
#161174404
1#
#161174908
1!
#161183996
0#
0!
#161184004
1#
#161184508
1!
#161193596
0#
0!
#161193604
1#
#161194108
1!
#161203196
0#
0!
#161203204
1#
#161203708
1!
#161212796
0#
0!
#161212804
1#
#161213308
1!
#161215996
b1000110 $
#161222396
0#
0!
#161222404
1#
#161222964
1!
#161231996
0#
0!
#161232004
1#
#161232564
1!
#161241596
0#
0!
#161241604
1#
#161242164
1!
#161251196
0#
0!
#161251204
1#
#161251764
1!
#161260796
0#
0!
#161260804
1#
#161261364
1!
#161270396
0#
0!
#161270404
1#
#161270964
1!
#161279996
0#
0!
#161280004
1#
#161280564
1!
#161289596
0#
0!
#161289604
1#
#161290164
1!
#161299196
0#
0!
#161299204
1#
#161299764
1!
#161308796
0#
0!
#161308804
1#
#161309364
1!
#161311996
b1001101 $
#161318396
0#
0!
#161318404
1#
#161319020
1!
#161327996
0#
0!
#161328004
1#
#161328620
1!
#161337596
0#
0!
#161337604
1#
#161338220
1!
#161347196
0#
0!
#161347204
1#
#161347820
1!
#161356796
0#
0!
#161356804
1#
#161357420
1!
#161366396
0#
0!
#161366404
1#
#161367020
1!
#161375996
0#
0!
#161376004
1#
#161376620
1!
#161385596
0#
0!
#161385604
1#
#161386220
1!
#161395196
0#
0!
#161395204
1#
#161395820
1!
#161404796
0#
0!
#161404804
1#
#161405420
1!
#161407996
b1010100 $
#161414396
0#
0!
#161414404
1#
#161415076
1!
#161423996
0#
0!
#161424004
1#
#161424676
1!
#161433596
0#
0!
#161433604
1#
#161434276
1!
#161443196
0#
0!
#161443204
1#
#161443876
1!
#161452796
0#
0!
#161452804
1#
#161453476
1!
#161462396
0#
0!
#161462404
1#
#161463076
1!
#161471996
0#
0!
#161472004
1#
#161472676
1!
#161481596
0#
0!
#161481604
1#
#161482276
1!
#161491196
0#
0!
#161491204
1#
#161491876
1!
#161500796
0#
0!
#161500804
1#
#161501476
1!
#161503996
b1011011 $
#161510396
0#
0!
#161510404
1#
#161511132
1!
#161519996
0#
0!
#161520004
1#
#161520732
1!
#161529596
0#
0!
#161529604
1#
#161530332
1!
#161539196
0#
0!
#161539204
1#
#161539932
1!
#161548796
0#
0!
#161548804
1#
#161549532
1!
#161558396
0#
0!
#161558404
1#
#161559132
1!
#161567996
0#
0!
#161568004
1#
#161568732
1!
#161577596
0#
0!
#161577604
1#
#161578332
1!
#161587196
0#
0!
#161587204
1#
#161587932
1!
#161596796
0#
0!
#161596804
1#
#161597532
1!
#161599996
b1100010 $
#161606396
0#
0!
#161606404
1#
#161607188
1!
#161615996
0#
0!
#161616004
1#
#161616788
1!
#161625596
0#
0!
#161625604
1#
#161626388
1!
#161635196
0#
0!
#161635204
1#
#161635988
1!
#161644796
0#
0!
#161644804
1#
#161645588
1!
#161654396
0#
0!
#161654404
1#
#161655188
1!
#161663996
0#
0!
#161664004
1#
#161664788
1!
#161673596
0#
0!
#161673604
1#
#161674388
1!
#161683196
0#
0!
#161683204
1#
#161683988
1!
#161692796
0#
0!
#161692804
1#
#161693588
1!
#161695996
b1101001 $
#161702396
0#
0!
#161702404
1#
#161703244
1!
#161711996
0#
0!
#161712004
1#
#161712844
1!
#161721596
0#
0!
#161721604
1#
#161722444
1!
#161731196
0#
0!
#161731204
1#
#161732044
1!
#161740796
0#
0!
#161740804
1#
#161741644
1!
#161750396
0#
0!
#161750404
1#
#161751244
1!
#161759996
0#
0!
#161760004
1#
#161760844
1!
#161769596
0#
0!
#161769604
1#
#161770444
1!
#161779196
0#
0!
#161779204
1#
#161780044
1!
#161788796
0#
0!
#161788804
1#
#161789644
1!
#161791996
b1110000 $
#161798396
0#
0!
#161798404
1#
#161799300
1!
#161807996
0#
0!
#161808004
1#
#161808900
1!
#161817596
0#
0!
#161817604
1#
#161818500
1!
#161827196
0#
0!
#161827204
1#
#161828100
1!
#161836796
0#
0!
#161836804
1#
#161837700
1!
#161846396
0#
0!
#161846404
1#
#161847300
1!
#161855996
0#
0!
#161856004
1#
#161856900
1!
#161865596
0#
0!
#161865604
1#
#161866500
1!
#161875196
0#
0!
#161875204
1#
#161876100
1!
#161884796
0#
0!
#161884804
1#
#161885700
1!
#161887996
b1110111 $
#161894396
0#
0!
#161894404
1#
#161895356
1!
#161903996
0#
0!
#161904004
1#
#161904956
1!
#161913596
0#
0!
#161913604
1#
#161914556
1!
#161923196
0#
0!
#161923204
1#
#161924156
1!
#161932796
0#
0!
#161932804
1#
#161933756
1!
#161942396
0#
0!
#161942404
1#
#161943356
1!
#161951996
0#
0!
#161952004
1#
#161952956
1!
#161961596
0#
0!
#161961604
1#
#161962556
1!
#161971196
0#
0!
#161971204
1#
#161972156
1!
#161980796
0#
0!
#161980804
1#
#161981756
1!
#161983996
b1111110 $
#161990396
0#
0!
#161990404
1#
#161991412
1!
#161999996
0#
0!
#162000004
1#
#162001012
1!
#162009596
0#
0!
#162009604
1#
#162010612
1!
#162019196
0#
0!
#162019204
1#
#162020212
1!
#162028796
0#
0!
#162028804
1#
#162029812
1!
#162038396
0#
0!
#162038404
1#
#162039412
1!
#162047996
0#
0!
#162048004
1#
#162049012
1!
#162057596
0#
0!
#162057604
1#
#162058612
1!
#162067196
0#
0!
#162067204
1#
#162068212
1!
#162076796
0#
0!
#162076804
1#
#162077812
1!
#162079996
b10000101 $
#162086396
0#
0!
#162086404
1#
#162087468
1!
#162095996
0#
0!
#162096004
1#
#162097068
1!
#162105596
0#
0!
#162105604
1#
#162106668
1!
#162115196
0#
0!
#162115204
1#
#162116268
1!
#162124796
0#
0!
#162124804
1#
#162125868
1!
#162134396
0#
0!
#162134404
1#
#162135468
1!
#162143996
0#
0!
#162144004
1#
#162145068
1!
#162153596
0#
0!
#162153604
1#
#162154668
1!
#162163196
0#
0!
#162163204
1#
#162164268
1!
#162172796
0#
0!
#162172804
1#
#162173868
1!
#162175996
b10001100 $
#162182396
0#
0!
#162182404
1#
#162183524
1!
#162191996
0#
0!
#162192004
1#
#162193124
1!
#162201596
0#
0!
#162201604
1#
#162202724
1!
#162211196
0#
0!
#162211204
1#
#162212324
1!
#162220796
0#
0!
#162220804
1#
#162221924
1!
#162230396
0#
0!
#162230404
1#
#162231524
1!
#162239996
0#
0!
#162240004
1#
#162241124
1!
#162249596
0#
0!
#162249604
1#
#162250724
1!
#162259196
0#
0!
#162259204
1#
#162260324
1!
#162268796
0#
0!
#162268804
1#
#162269924
1!
#162271996
b10010011 $
#162278396
0#
0!
#162278404
1#
#162279580
1!
#162287996
0#
0!
#162288004
1#
#162289180
1!
#162297596
0#
0!
#162297604
1#
#162298780
1!
#162307196
0#
0!
#162307204
1#
#162308380
1!
#162316796
0#
0!
#162316804
1#
#162317980
1!
#162326396
0#
0!
#162326404
1#
#162327580
1!
#162335996
0#
0!
#162336004
1#
#162337180
1!
#162345596
0#
0!
#162345604
1#
#162346780
1!
#162355196
0#
0!
#162355204
1#
#162356380
1!
#162364796
0#
0!
#162364804
1#
#162365980
1!
#162367996
b10011010 $
#162374396
0#
0!
#162374404
1#
#162375636
1!
#162383996
0#
0!
#162384004
1#
#162385236
1!
#162393596
0#
0!
#162393604
1#
#162394836
1!
#162403196
0#
0!
#162403204
1#
#162404436
1!
#162412796
0#
0!
#162412804
1#
#162414036
1!
#162422396
0#
0!
#162422404
1#
#162423636
1!
#162431996
0#
0!
#162432004
1#
#162433236
1!
#162441596
0#
0!
#162441604
1#
#162442836
1!
#162451196
0#
0!
#162451204
1#
#162452436
1!
#162460796
0#
0!
#162460804
1#
#162462036
1!
#162463996
b10100001 $
#162470396
0#
0!
#162470404
1#
#162471692
1!
#162479996
0#
0!
#162480004
1#
#162481292
1!
#162489596
0#
0!
#162489604
1#
#162490892
1!
#162499196
0#
0!
#162499204
1#
#162500492
1!
#162508796
0#
0!
#162508804
1#
#162510092
1!
#162518396
0#
0!
#162518404
1#
#162519692
1!
#162527996
0#
0!
#162528004
1#
#162529292
1!
#162537596
0#
0!
#162537604
1#
#162538892
1!
#162547196
0#
0!
#162547204
1#
#162548492
1!
#162556796
0#
0!
#162556804
1#
#162558092
1!
#162559996
b10101000 $
#162566396
0#
0!
#162566404
1#
#162567748
1!
#162575996
0#
0!
#162576004
1#
#162577348
1!
#162585596
0#
0!
#162585604
1#
#162586948
1!
#162595196
0#
0!
#162595204
1#
#162596548
1!
#162604796
0#
0!
#162604804
1#
#162606148
1!
#162614396
0#
0!
#162614404
1#
#162615748
1!
#162623996
0#
0!
#162624004
1#
#162625348
1!
#162633596
0#
0!
#162633604
1#
#162634948
1!
#162643196
0#
0!
#162643204
1#
#162644548
1!
#162652796
0#
0!
#162652804
1#
#162654148
1!
#162655996
b10101111 $
#162662396
0#
0!
#162662404
1#
#162663804
1!
#162671996
0#
0!
#162672004
1#
#162673404
1!
#162681596
0#
0!
#162681604
1#
#162683004
1!
#162691196
0#
0!
#162691204
1#
#162692604
1!
#162700796
0#
0!
#162700804
1#
#162702204
1!
#162710396
0#
0!
#162710404
1#
#162711804
1!
#162719996
0#
0!
#162720004
1#
#162721404
1!
#162729596
0#
0!
#162729604
1#
#162731004
1!
#162739196
0#
0!
#162739204
1#
#162740604
1!
#162748796
0#
0!
#162748804
1#
#162750204
1!
#162751996
b10110110 $
#162758396
0#
0!
#162758404
1#
#162759860
1!
#162767996
0#
0!
#162768004
1#
#162769460
1!
#162777596
0#
0!
#162777604
1#
#162779060
1!
#162787196
0#
0!
#162787204
1#
#162788660
1!
#162796796
0#
0!
#162796804
1#
#162798260
1!
#162806396
0#
0!
#162806404
1#
#162807860
1!
#162815996
0#
0!
#162816004
1#
#162817460
1!
#162825596
0#
0!
#162825604
1#
#162827060
1!
#162835196
0#
0!
#162835204
1#
#162836660
1!
#162844796
0#
0!
#162844804
1#
#162846260
1!
#162847996
b10111101 $
#162854396
0#
0!
#162854404
1#
#162855916
1!
#162863996
0#
0!
#162864004
1#
#162865516
1!
#162873596
0#
0!
#162873604
1#
#162875116
1!
#162883196
0#
0!
#162883204
1#
#162884716
1!
#162892796
0#
0!
#162892804
1#
#162894316
1!
#162902396
0#
0!
#162902404
1#
#162903916
1!
#162911996
0#
0!
#162912004
1#
#162913516
1!
#162921596
0#
0!
#162921604
1#
#162923116
1!
#162931196
0#
0!
#162931204
1#
#162932716
1!
#162940796
0#
0!
#162940804
1#
#162942316
1!
#162943996
b11000100 $
#162950396
0#
0!
#162950404
1#
#162951972
1!
#162959996
0#
0!
#162960004
1#
#162961572
1!
#162969596
0#
0!
#162969604
1#
#162971172
1!
#162979196
0#
0!
#162979204
1#
#162980772
1!
#162988796
0#
0!
#162988804
1#
#162990372
1!
#162998396
0#
0!
#162998404
1#
#162999972
1!
#163007996
0#
0!
#163008004
1#
#163009572
1!
#163017596
0#
0!
#163017604
1#
#163019172
1!
#163027196
0#
0!
#163027204
1#
#163028772
1!
#163036796
0#
0!
#163036804
1#
#163038372
1!
#163039996
b11001011 $
#163046396
0#
0!
#163046404
1#
#163048028
1!
#163055996
0#
0!
#163056004
1#
#163057628
1!
#163065596
0#
0!
#163065604
1#
#163067228
1!
#163075196
0#
0!
#163075204
1#
#163076828
1!
#163084796
0#
0!
#163084804
1#
#163086428
1!
#163094396
0#
0!
#163094404
1#
#163096028
1!
#163103996
0#
0!
#163104004
1#
#163105628
1!
#163113596
0#
0!
#163113604
1#
#163115228
1!
#163123196
0#
0!
#163123204
1#
#163124828
1!
#163132796
0#
0!
#163132804
1#
#163134428
1!
#163135996
b11010010 $
#163142396
0#
0!
#163142404
1#
#163144084
1!
#163151996
0#
0!
#163152004
1#
#163153684
1!
#163161596
0#
0!
#163161604
1#
#163163284
1!
#163171196
0#
0!
#163171204
1#
#163172884
1!
#163180796
0#
0!
#163180804
1#
#163182484
1!
#163190396
0#
0!
#163190404
1#
#163192084
1!
#163199996
0#
0!
#163200004
1#
#163201684
1!
#163209596
0#
0!
#163209604
1#
#163211284
1!
#163219196
0#
0!
#163219204
1#
#163220884
1!
#163228796
0#
0!
#163228804
1#
#163230484
1!
#163231996
b11011001 $
#163238396
0#
0!
#163238404
1#
#163240140
1!
#163247996
0#
0!
#163248004
1#
#163249740
1!
#163257596
0#
0!
#163257604
1#
#163259340
1!
#163267196
0#
0!
#163267204
1#
#163268940
1!
#163276796
0#
0!
#163276804
1#
#163278540
1!
#163286396
0#
0!
#163286404
1#
#163288140
1!
#163295996
0#
0!
#163296004
1#
#163297740
1!
#163305596
0#
0!
#163305604
1#
#163307340
1!
#163315196
0#
0!
#163315204
1#
#163316940
1!
#163324796
0#
0!
#163324804
1#
#163326540
1!
#163327996
b11100000 $
#163334396
0#
0!
#163334404
1#
#163336196
1!
#163343996
0#
0!
#163344004
1#
#163345796
1!
#163353596
0#
0!
#163353604
1#
#163355396
1!
#163363196
0#
0!
#163363204
1#
#163364996
1!
#163372796
0#
0!
#163372804
1#
#163374596
1!
#163382396
0#
0!
#163382404
1#
#163384196
1!
#163391996
0#
0!
#163392004
1#
#163393796
1!
#163401596
0#
0!
#163401604
1#
#163403396
1!
#163411196
0#
0!
#163411204
1#
#163412996
1!
#163420796
0#
0!
#163420804
1#
#163422596
1!
#163423996
b11100111 $
#163430396
0#
0!
#163430404
1#
#163432252
1!
#163439996
0#
0!
#163440004
1#
#163441852
1!
#163449596
0#
0!
#163449604
1#
#163451452
1!
#163459196
0#
0!
#163459204
1#
#163461052
1!
#163468796
0#
0!
#163468804
1#
#163470652
1!
#163478396
0#
0!
#163478404
1#
#163480252
1!
#163487996
0#
0!
#163488004
1#
#163489852
1!
#163497596
0#
0!
#163497604
1#
#163499452
1!
#163507196
0#
0!
#163507204
1#
#163509052
1!
#163516796
0#
0!
#163516804
1#
#163518652
1!
#163519996
b11101110 $
#163526396
0#
0!
#163526404
1#
#163528308
1!
#163535996
0#
0!
#163536004
1#
#163537908
1!
#163545596
0#
0!
#163545604
1#
#163547508
1!
#163555196
0#
0!
#163555204
1#
#163557108
1!
#163564796
0#
0!
#163564804
1#
#163566708
1!
#163574396
0#
0!
#163574404
1#
#163576308
1!
#163583996
0#
0!
#163584004
1#
#163585908
1!
#163593596
0#
0!
#163593604
1#
#163595508
1!
#163603196
0#
0!
#163603204
1#
#163605108
1!
#163612796
0#
0!
#163612804
1#
#163614708
1!
#163615996
b11110101 $
#163622396
0#
0!
#163622404
1#
#163624364
1!
#163631996
0#
0!
#163632004
1#
#163633964
1!
#163641596
0#
0!
#163641604
1#
#163643564
1!
#163651196
0#
0!
#163651204
1#
#163653164
1!
#163660796
0#
0!
#163660804
1#
#163662764
1!
#163670396
0#
0!
#163670404
1#
#163672364
1!
#163679996
0#
0!
#163680004
1#
#163681964
1!
#163689596
0#
0!
#163689604
1#
#163691564
1!
#163699196
0#
0!
#163699204
1#
#163701164
1!
#163708796
0#
0!
#163708804
1#
#163710764
1!
#163711996
b11111100 $
#163718396
0#
0!
#163718404
1#
#163720420
1!
#163727996
0#
0!
#163728004
1#
#163730020
1!
#163737596
0#
0!
#163737604
1#
#163739620
1!
#163747196
0#
0!
#163747204
1#
#163749220
1!
#163756796
0#
0!
#163756804
1#
#163758820
1!
#163766396
0#
0!
#163766404
1#
#163768420
1!
#163775996
0#
0!
#163776004
1#
#163778020
1!
#163785596
0#
0!
#163785604
1#
#163787620
1!
#163795196
0#
0!
#163795204
1#
#163797220
1!
#163804796
0#
0!
#163804804
1#
#163806820
1!
#163807996
b100000011 $
#163814396
0#
0!
#163814404
1#
#163816476
1!
#163823996
0#
0!
#163824004
1#
#163826076
1!
#163833596
0#
0!
#163833604
1#
#163835676
1!
#163843196
0#
0!
#163843204
1#
#163845276
1!
#163852796
0#
0!
#163852804
1#
#163854876
1!
#163862396
0#
0!
#163862404
1#
#163864476
1!
#163871996
0#
0!
#163872004
1#
#163874076
1!
#163881596
0#
0!
#163881604
1#
#163883676
1!
#163891196
0#
0!
#163891204
1#
#163893276
1!
#163900796
0#
0!
#163900804
1#
#163902876
1!
#163903996
b100001010 $
#163910396
0#
0!
#163910404
1#
#163912532
1!
#163919996
0#
0!
#163920004
1#
#163922132
1!
#163929596
0#
0!
#163929604
1#
#163931732
1!
#163939196
0#
0!
#163939204
1#
#163941332
1!
#163948796
0#
0!
#163948804
1#
#163950932
1!
#163958396
0#
0!
#163958404
1#
#163960532
1!
#163967996
0#
0!
#163968004
1#
#163970132
1!
#163977596
0#
0!
#163977604
1#
#163979732
1!
#163987196
0#
0!
#163987204
1#
#163989332
1!
#163996796
0#
0!
#163996804
1#
#163998932
1!
#163999996
b100010001 $
#164006396
0#
0!
#164006404
1#
#164008588
1!
#164015996
0#
0!
#164016004
1#
#164018188
1!
#164025596
0#
0!
#164025604
1#
#164027788
1!
#164035196
0#
0!
#164035204
1#
#164037388
1!
#164044796
0#
0!
#164044804
1#
#164046988
1!
#164054396
0#
0!
#164054404
1#
#164056588
1!
#164063996
0#
0!
#164064004
1#
#164066188
1!
#164073596
0#
0!
#164073604
1#
#164075788
1!
#164083196
0#
0!
#164083204
1#
#164085388
1!
#164092796
0#
0!
#164092804
1#
#164094988
1!
#164095996
b100011000 $
#164102396
0#
0!
#164102404
1#
#164104644
1!
#164111996
0#
0!
#164112004
1#
#164114244
1!
#164121596
0#
0!
#164121604
1#
#164123844
1!
#164131196
0#
0!
#164131204
1#
#164133444
1!
#164140796
0#
0!
#164140804
1#
#164143044
1!
#164150396
0#
0!
#164150404
1#
#164152644
1!
#164159996
0#
0!
#164160004
1#
#164162244
1!
#164169596
0#
0!
#164169604
1#
#164171844
1!
#164179196
0#
0!
#164179204
1#
#164181444
1!
#164188796
0#
0!
#164188804
1#
#164191044
1!
#164191996
b100011111 $
#164198396
0#
0!
#164198404
1#
#164200700
1!
#164207996
0#
0!
#164208004
1#
#164210300
1!
#164217596
0#
0!
#164217604
1#
#164219900
1!
#164227196
0#
0!
#164227204
1#
#164229500
1!
#164236796
0#
0!
#164236804
1#
#164239100
1!
#164246396
0#
0!
#164246404
1#
#164248700
1!
#164255996
0#
0!
#164256004
1#
#164258300
1!
#164265596
0#
0!
#164265604
1#
#164267900
1!
#164275196
0#
0!
#164275204
1#
#164277500
1!
#164284796
0#
0!
#164284804
1#
#164287100
1!
#164287996
b100100110 $
#164294396
0#
0!
#164294404
1#
#164296756
1!
#164303996
0#
0!
#164304004
1#
#164306356
1!
#164313596
0#
0!
#164313604
1#
#164315956
1!
#164323196
0#
0!
#164323204
1#
#164325556
1!
#164332796
0#
0!
#164332804
1#
#164335156
1!
#164342396
0#
0!
#164342404
1#
#164344756
1!
#164351996
0#
0!
#164352004
1#
#164354356
1!
#164361596
0#
0!
#164361604
1#
#164363956
1!
#164371196
0#
0!
#164371204
1#
#164373556
1!
#164380796
0#
0!
#164380804
1#
#164383156
1!
#164383996
b100101101 $
#164390396
0#
0!
#164390404
1#
#164392812
1!
#164399996
0#
0!
#164400004
1#
#164402412
1!
#164409596
0#
0!
#164409604
1#
#164412012
1!
#164419196
0#
0!
#164419204
1#
#164421612
1!
#164428796
0#
0!
#164428804
1#
#164431212
1!
#164438396
0#
0!
#164438404
1#
#164440812
1!
#164447996
0#
0!
#164448004
1#
#164450412
1!
#164457596
0#
0!
#164457604
1#
#164460012
1!
#164467196
0#
0!
#164467204
1#
#164469612
1!
#164476796
0#
0!
#164476804
1#
#164479212
1!
#164479996
b100110100 $
#164486396
0#
0!
#164486404
1#
#164488868
1!
#164495996
0#
0!
#164496004
1#
#164498468
1!
#164505596
0#
0!
#164505604
1#
#164508068
1!
#164515196
0#
0!
#164515204
1#
#164517668
1!
#164524796
0#
0!
#164524804
1#
#164527268
1!
#164534396
0#
0!
#164534404
1#
#164536868
1!
#164543996
0#
0!
#164544004
1#
#164546468
1!
#164553596
0#
0!
#164553604
1#
#164556068
1!
#164563196
0#
0!
#164563204
1#
#164565668
1!
#164572796
0#
0!
#164572804
1#
#164575268
1!
#164575996
b100111011 $
#164582396
0#
0!
#164582404
1#
#164584924
1!
#164591996
0#
0!
#164592004
1#
#164594524
1!
#164601596
0#
0!
#164601604
1#
#164604124
1!
#164611196
0#
0!
#164611204
1#
#164613724
1!
#164620796
0#
0!
#164620804
1#
#164623324
1!
#164630396
0#
0!
#164630404
1#
#164632924
1!
#164639996
0#
0!
#164640004
1#
#164642524
1!
#164649596
0#
0!
#164649604
1#
#164652124
1!
#164659196
0#
0!
#164659204
1#
#164661724
1!
#164668796
0#
0!
#164668804
1#
#164671324
1!
#164671996
b101000010 $
#164678396
0#
0!
#164678404
1#
#164680980
1!
#164687996
0#
0!
#164688004
1#
#164690580
1!
#164697596
0#
0!
#164697604
1#
#164700180
1!
#164707196
0#
0!
#164707204
1#
#164709780
1!
#164716796
0#
0!
#164716804
1#
#164719380
1!
#164726396
0#
0!
#164726404
1#
#164728980
1!
#164735996
0#
0!
#164736004
1#
#164738580
1!
#164745596
0#
0!
#164745604
1#
#164748180
1!
#164755196
0#
0!
#164755204
1#
#164757780
1!
#164764796
0#
0!
#164764804
1#
#164767380
1!
#164767996
b101001001 $
#164774396
0#
0!
#164774404
1#
#164777036
1!
#164783996
0#
0!
#164784004
1#
#164786636
1!
#164793596
0#
0!
#164793604
1#
#164796236
1!
#164803196
0#
0!
#164803204
1#
#164805836
1!
#164812796
0#
0!
#164812804
1#
#164815436
1!
#164822396
0#
0!
#164822404
1#
#164825036
1!
#164831996
0#
0!
#164832004
1#
#164834636
1!
#164841596
0#
0!
#164841604
1#
#164844236
1!
#164851196
0#
0!
#164851204
1#
#164853836
1!
#164860796
0#
0!
#164860804
1#
#164863436
1!
#164863996
b101010000 $
#164870396
0#
0!
#164870404
1#
#164873092
1!
#164879996
0#
0!
#164880004
1#
#164882692
1!
#164889596
0#
0!
#164889604
1#
#164892292
1!
#164899196
0#
0!
#164899204
1#
#164901892
1!
#164908796
0#
0!
#164908804
1#
#164911492
1!
#164918396
0#
0!
#164918404
1#
#164921092
1!
#164927996
0#
0!
#164928004
1#
#164930692
1!
#164937596
0#
0!
#164937604
1#
#164940292
1!
#164947196
0#
0!
#164947204
1#
#164949892
1!
#164956796
0#
0!
#164956804
1#
#164959492
1!
#164959996
b101010111 $
#164966396
0#
0!
#164966404
1#
#164969148
1!
#164975996
0#
0!
#164976004
1#
#164978748
1!
#164985596
0#
0!
#164985604
1#
#164988348
1!
#164995196
0#
0!
#164995204
1#
#164997948
1!
#165004796
0#
0!
#165004804
1#
#165007548
1!
#165014396
0#
0!
#165014404
1#
#165017148
1!
#165023996
0#
0!
#165024004
1#
#165026748
1!
#165033596
0#
0!
#165033604
1#
#165036348
1!
#165043196
0#
0!
#165043204
1#
#165045948
1!
#165052796
0#
0!
#165052804
1#
#165055548
1!
#165055996
b101011110 $
#165062396
0#
0!
#165062404
1#
#165065204
1!
#165071996
0#
0!
#165072004
1#
#165074804
1!
#165081596
0#
0!
#165081604
1#
#165084404
1!
#165091196
0#
0!
#165091204
1#
#165094004
1!
#165100796
0#
0!
#165100804
1#
#165103604
1!
#165110396
0#
0!
#165110404
1#
#165113204
1!
#165119996
0#
0!
#165120004
1#
#165122804
1!
#165129596
0#
0!
#165129604
1#
#165132404
1!
#165139196
0#
0!
#165139204
1#
#165142004
1!
#165148796
0#
0!
#165148804
1#
#165151604
1!
#165151996
b101100101 $
#165158396
0#
0!
#165158404
1#
#165161260
1!
#165167996
0#
0!
#165168004
1#
#165170860
1!
#165177596
0#
0!
#165177604
1#
#165180460
1!
#165187196
0#
0!
#165187204
1#
#165190060
1!
#165196796
0#
0!
#165196804
1#
#165199660
1!
#165206396
0#
0!
#165206404
1#
#165209260
1!
#165215996
0#
0!
#165216004
1#
#165218860
1!
#165225596
0#
0!
#165225604
1#
#165228460
1!
#165235196
0#
0!
#165235204
1#
#165238060
1!
#165244796
0#
0!
#165244804
1#
#165247660
1!
#165247996
b101101100 $
#165254396
0#
0!
#165254404
1#
#165257316
1!
#165263996
0#
0!
#165264004
1#
#165266916
1!
#165273596
0#
0!
#165273604
1#
#165276516
1!
#165283196
0#
0!
#165283204
1#
#165286116
1!
#165292796
0#
0!
#165292804
1#
#165295716
1!
#165302396
0#
0!
#165302404
1#
#165305316
1!
#165311996
0#
0!
#165312004
1#
#165314916
1!
#165321596
0#
0!
#165321604
1#
#165324516
1!
#165331196
0#
0!
#165331204
1#
#165334116
1!
#165340796
0#
0!
#165340804
1#
#165343716
1!
#165343996
b101110011 $
#165350396
0#
0!
#165350404
1#
#165353372
1!
#165359996
0#
0!
#165360004
1#
#165362972
1!
#165369596
0#
0!
#165369604
1#
#165372572
1!
#165379196
0#
0!
#165379204
1#
#165382172
1!
#165388796
0#
0!
#165388804
1#
#165391772
1!
#165398396
0#
0!
#165398404
1#
#165401372
1!
#165407996
0#
0!
#165408004
1#
#165410972
1!
#165417596
0#
0!
#165417604
1#
#165420572
1!
#165427196
0#
0!
#165427204
1#
#165430172
1!
#165436796
0#
0!
#165436804
1#
#165439772
1!
#165439996
b101111010 $
#165446396
0#
0!
#165446404
1#
#165449428
1!
#165455996
0#
0!
#165456004
1#
#165459028
1!
#165465596
0#
0!
#165465604
1#
#165468628
1!
#165475196
0#
0!
#165475204
1#
#165478228
1!
#165484796
0#
0!
#165484804
1#
#165487828
1!
#165494396
0#
0!
#165494404
1#
#165497428
1!
#165503996
0#
0!
#165504004
1#
#165507028
1!
#165513596
0#
0!
#165513604
1#
#165516628
1!
#165523196
0#
0!
#165523204
1#
#165526228
1!
#165532796
0#
0!
#165532804
1#
#165535828
1!
#165535996
b110000001 $
#165542396
0#
0!
#165542404
1#
#165545484
1!
#165551996
0#
0!
#165552004
1#
#165555084
1!
#165561596
0#
0!
#165561604
1#
#165564684
1!
#165571196
0#
0!
#165571204
1#
#165574284
1!
#165580796
0#
0!
#165580804
1#
#165583884
1!
#165590396
0#
0!
#165590404
1#
#165593484
1!
#165599996
0#
0!
#165600004
1#
#165603084
1!
#165609596
0#
0!
#165609604
1#
#165612684
1!
#165619196
0#
0!
#165619204
1#
#165622284
1!
#165628796
0#
0!
#165628804
1#
#165631884
1!
#165631996
b110001000 $
#165638396
0#
0!
#165638404
1#
#165641540
1!
#165647996
0#
0!
#165648004
1#
#165651140
1!
#165657596
0#
0!
#165657604
1#
#165660740
1!
#165667196
0#
0!
#165667204
1#
#165670340
1!
#165676796
0#
0!
#165676804
1#
#165679940
1!
#165686396
0#
0!
#165686404
1#
#165689540
1!
#165695996
0#
0!
#165696004
1#
#165699140
1!
#165705596
0#
0!
#165705604
1#
#165708740
1!
#165715196
0#
0!
#165715204
1#
#165718340
1!
#165724796
0#
0!
#165724804
1#
#165727940
1!
#165727996
b110001111 $
#165734396
0#
0!
#165734404
1#
#165737596
1!
#165743996
0#
0!
#165744004
1#
#165747196
1!
#165753596
0#
0!
#165753604
1#
#165756796
1!
#165763196
0#
0!
#165763204
1#
#165766396
1!
#165772796
0#
0!
#165772804
1#
#165775996
1!
#165782396
0#
0!
#165782404
1#
#165785596
1!
#165791996
0#
0!
#165792004
1#
#165795196
1!
#165801596
0#
0!
#165801604
1#
#165804796
1!
#165811196
0#
0!
#165811204
1#
#165814396
1!
#165820796
0#
0!
#165820804
1#
#165823996
b110010110 $
0!
#165824052
1!
#165830396
0#
0!
#165830404
1#
#165833652
1!
#165839996
0#
0!
#165840004
1#
#165843252
1!
#165849596
0#
0!
#165849604
1#
#165852852
1!
#165859196
0#
0!
#165859204
1#
#165862452
1!
#165868796
0#
0!
#165868804
1#
#165872052
1!
#165878396
0#
0!
#165878404
1#
#165881652
1!
#165887996
0#
0!
#165888004
1#
#165891252
1!
#165897596
0#
0!
#165897604
1#
#165900852
1!
#165907196
0#
0!
#165907204
1#
#165910452
1!
#165916796
0#
0!
#165916804
1#
#165919996
b110011101 $
#165920108
1!
#165926396
0#
0!
#165926404
1#
#165929708
1!
#165935996
0#
0!
#165936004
1#
#165939308
1!
#165945596
0#
0!
#165945604
1#
#165948908
1!
#165955196
0#
0!
#165955204
1#
#165958508
1!
#165964796
0#
0!
#165964804
1#
#165968108
1!
#165974396
0#
0!
#165974404
1#
#165977708
1!
#165983996
0#
0!
#165984004
1#
#165987308
1!
#165993596
0#
0!
#165993604
1#
#165996908
1!
#166003196
0#
0!
#166003204
1#
#166006508
1!
#166012796
0#
0!
#166012804
1#
#166015996
b110100100 $
#166016164
1!
#166022396
0#
0!
#166022404
1#
#166025764
1!
#166031996
0#
0!
#166032004
1#
#166035364
1!
#166041596
0#
0!
#166041604
1#
#166044964
1!
#166051196
0#
0!
#166051204
1#
#166054564
1!
#166060796
0#
0!
#166060804
1#
#166064164
1!
#166070396
0#
0!
#166070404
1#
#166073764
1!
#166079996
0#
0!
#166080004
1#
#166083364
1!
#166089596
0#
0!
#166089604
1#
#166092964
1!
#166099196
0#
0!
#166099204
1#
#166102564
1!
#166108796
0#
0!
#166108804
1#
#166111996
b110101011 $
#166112220
1!
#166118396
0#
0!
#166118404
1#
#166121820
1!
#166127996
0#
0!
#166128004
1#
#166131420
1!
#166137596
0#
0!
#166137604
1#
#166141020
1!
#166147196
0#
0!
#166147204
1#
#166150620
1!
#166156796
0#
0!
#166156804
1#
#166160220
1!
#166166396
0#
0!
#166166404
1#
#166169820
1!
#166175996
0#
0!
#166176004
1#
#166179420
1!
#166185596
0#
0!
#166185604
1#
#166189020
1!
#166195196
0#
0!
#166195204
1#
#166198620
1!
#166204796
0#
0!
#166204804
1#
#166207996
b110110010 $
#166208276
1!
#166214396
0#
0!
#166214404
1#
#166217876
1!
#166223996
0#
0!
#166224004
1#
#166227476
1!
#166233596
0#
0!
#166233604
1#
#166237076
1!
#166243196
0#
0!
#166243204
1#
#166246676
1!
#166252796
0#
0!
#166252804
1#
#166256276
1!
#166262396
0#
0!
#166262404
1#
#166265876
1!
#166271996
0#
0!
#166272004
1#
#166275476
1!
#166281596
0#
0!
#166281604
1#
#166285076
1!
#166291196
0#
0!
#166291204
1#
#166294676
1!
#166300796
0#
0!
#166300804
1#
#166303996
b110111001 $
#166304332
1!
#166310396
0#
0!
#166310404
1#
#166313932
1!
#166319996
0#
0!
#166320004
1#
#166323532
1!
#166329596
0#
0!
#166329604
1#
#166333132
1!
#166339196
0#
0!
#166339204
1#
#166342732
1!
#166348796
0#
0!
#166348804
1#
#166352332
1!
#166358396
0#
0!
#166358404
1#
#166361932
1!
#166367996
0#
0!
#166368004
1#
#166371532
1!
#166377596
0#
0!
#166377604
1#
#166381132
1!
#166387196
0#
0!
#166387204
1#
#166390732
1!
#166396796
0#
0!
#166396804
1#
#166399996
b111000000 $
#166400388
1!
#166406396
0#
0!
#166406404
1#
#166409988
1!
#166415996
0#
0!
#166416004
1#
#166419588
1!
#166425596
0#
0!
#166425604
1#
#166429188
1!
#166435196
0#
0!
#166435204
1#
#166438788
1!
#166444796
0#
0!
#166444804
1#
#166448388
1!
#166454396
0#
0!
#166454404
1#
#166457988
1!
#166463996
0#
0!
#166464004
1#
#166467588
1!
#166473596
0#
0!
#166473604
1#
#166477188
1!
#166483196
0#
0!
#166483204
1#
#166486788
1!
#166492796
0#
0!
#166492804
1#
#166495996
b111000111 $
#166496444
1!
#166502396
0#
0!
#166502404
1#
#166506044
1!
#166511996
0#
0!
#166512004
1#
#166515644
1!
#166521596
0#
0!
#166521604
1#
#166525244
1!
#166531196
0#
0!
#166531204
1#
#166534844
1!
#166540796
0#
0!
#166540804
1#
#166544444
1!
#166550396
0#
0!
#166550404
1#
#166554044
1!
#166559996
0#
0!
#166560004
1#
#166563644
1!
#166569596
0#
0!
#166569604
1#
#166573244
1!
#166579196
0#
0!
#166579204
1#
#166582844
1!
#166588796
0#
0!
#166588804
1#
#166591996
b111001110 $
#166592500
1!
#166598396
0#
0!
#166598404
1#
#166602100
1!
#166607996
0#
0!
#166608004
1#
#166611700
1!
#166617596
0#
0!
#166617604
1#
#166621300
1!
#166627196
0#
0!
#166627204
1#
#166630900
1!
#166636796
0#
0!
#166636804
1#
#166640500
1!
#166646396
0#
0!
#166646404
1#
#166650100
1!
#166655996
0#
0!
#166656004
1#
#166659700
1!
#166665596
0#
0!
#166665604
1#
#166669300
1!
#166675196
0#
0!
#166675204
1#
#166678900
1!
#166684796
0#
0!
#166684804
1#
#166687996
b111010101 $
#166688556
1!
#166694396
0#
0!
#166694404
1#
#166698156
1!
#166703996
0#
0!
#166704004
1#
#166707756
1!
#166713596
0#
0!
#166713604
1#
#166717356
1!
#166723196
0#
0!
#166723204
1#
#166726956
1!
#166732796
0#
0!
#166732804
1#
#166736556
1!
#166742396
0#
0!
#166742404
1#
#166746156
1!
#166751996
0#
0!
#166752004
1#
#166755756
1!
#166761596
0#
0!
#166761604
1#
#166765356
1!
#166771196
0#
0!
#166771204
1#
#166774956
1!
#166780796
0#
0!
#166780804
1#
#166783996
b111011100 $
#166784612
1!
#166790396
0#
0!
#166790404
1#
#166794212
1!
#166799996
0#
0!
#166800004
1#
#166803812
1!
#166809596
0#
0!
#166809604
1#
#166813412
1!
#166819196
0#
0!
#166819204
1#
#166823012
1!
#166828796
0#
0!
#166828804
1#
#166832612
1!
#166838396
0#
0!
#166838404
1#
#166842212
1!
#166847996
0#
0!
#166848004
1#
#166851812
1!
#166857596
0#
0!
#166857604
1#
#166861412
1!
#166867196
0#
0!
#166867204
1#
#166871012
1!
#166876796
0#
0!
#166876804
1#
#166879996
b111100011 $
#166880668
1!
#166886396
0#
0!
#166886404
1#
#166890268
1!
#166895996
0#
0!
#166896004
1#
#166899868
1!
#166905596
0#
0!
#166905604
1#
#166909468
1!
#166915196
0#
0!
#166915204
1#
#166919068
1!
#166924796
0#
0!
#166924804
1#
#166928668
1!
#166934396
0#
0!
#166934404
1#
#166938268
1!
#166943996
0#
0!
#166944004
1#
#166947868
1!
#166953596
0#
0!
#166953604
1#
#166957468
1!
#166963196
0#
0!
#166963204
1#
#166967068
1!
#166972796
0#
0!
#166972804
1#
#166975996
b111101010 $
#166976724
1!
#166982396
0#
0!
#166982404
1#
#166986324
1!
#166991996
0#
0!
#166992004
1#
#166995924
1!
#167001596
0#
0!
#167001604
1#
#167005524
1!
#167011196
0#
0!
#167011204
1#
#167015124
1!
#167020796
0#
0!
#167020804
1#
#167024724
1!
#167030396
0#
0!
#167030404
1#
#167034324
1!
#167039996
0#
0!
#167040004
1#
#167043924
1!
#167049596
0#
0!
#167049604
1#
#167053524
1!
#167059196
0#
0!
#167059204
1#
#167063124
1!
#167068796
0#
0!
#167068804
1#
#167071996
b111110001 $
#167072780
1!
#167078396
0#
0!
#167078404
1#
#167082380
1!
#167087996
0#
0!
#167088004
1#
#167091980
1!
#167097596
0#
0!
#167097604
1#
#167101580
1!
#167107196
0#
0!
#167107204
1#
#167111180
1!
#167116796
0#
0!
#167116804
1#
#167120780
1!
#167126396
0#
0!
#167126404
1#
#167130380
1!
#167135996
0#
0!
#167136004
1#
#167139980
1!
#167145596
0#
0!
#167145604
1#
#167149580
1!
#167155196
0#
0!
#167155204
1#
#167159180
1!
#167164796
0#
0!
#167164804
1#
#167167996
b111111000 $
#167168836
1!
#167174396
0#
0!
#167174404
1#
#167178436
1!
#167183996
0#
0!
#167184004
1#
#167188036
1!
#167193596
0#
0!
#167193604
1#
#167197636
1!
#167203196
0#
0!
#167203204
1#
#167207236
1!
#167212796
0#
0!
#167212804
1#
#167216836
1!
#167222396
0#
0!
#167222404
1#
#167226436
1!
#167231996
0#
0!
#167232004
1#
#167236036
1!
#167241596
0#
0!
#167241604
1#
#167245636
1!
#167251196
0#
0!
#167251204
1#
#167255236
1!
#167260796
0#
0!
#167260804
1#
#167263996
b111111111 $
#167264892
1!
#167270396
0#
0!
#167270404
1#
#167274492
1!
#167279996
0#
0!
#167280004
1#
#167284092
1!
#167289596
0#
0!
#167289604
1#
#167293692
1!
#167299196
0#
0!
#167299204
1#
#167303292
1!
#167308796
0#
0!
#167308804
1#
#167312892
1!
#167318396
0#
0!
#167318404
1#
#167322492
1!
#167327996
0#
0!
#167328004
1#
#167332092
1!
#167337596
0#
0!
#167337604
1#
#167341692
1!
#167347196
0#
0!
#167347204
1#
#167351292
1!
#167356796
0#
0!
#167356804
1#
#167359996
b1000000110 $
#167360948
1!
#167366396
0#
0!
#167366404
1#
#167370548
1!
#167375996
0#
0!
#167376004
1#
#167380148
1!
#167385596
0#
0!
#167385604
1#
#167389748
1!
#167395196
0#
0!
#167395204
1#
#167399348
1!
#167404796
0#
0!
#167404804
1#
#167408948
1!
#167414396
0#
0!
#167414404
1#
#167418548
1!
#167423996
0#
0!
#167424004
1#
#167428148
1!
#167433596
0#
0!
#167433604
1#
#167437748
1!
#167443196
0#
0!
#167443204
1#
#167447348
1!
#167452796
0#
0!
#167452804
1#
#167455996
b1000001101 $
#167457004
1!
#167462396
0#
0!
#167462404
1#
#167466604
1!
#167471996
0#
0!
#167472004
1#
#167476204
1!
#167481596
0#
0!
#167481604
1#
#167485804
1!
#167491196
0#
0!
#167491204
1#
#167495404
1!
#167500796
0#
0!
#167500804
1#
#167505004
1!
#167510396
0#
0!
#167510404
1#
#167514604
1!
#167519996
0#
0!
#167520004
1#
#167524204
1!
#167529596
0#
0!
#167529604
1#
#167533804
1!
#167539196
0#
0!
#167539204
1#
#167543404
1!
#167548796
0#
0!
#167548804
1#
#167551996
b1000010100 $
#167553060
1!
#167558396
0#
0!
#167558404
1#
#167562660
1!
#167567996
0#
0!
#167568004
1#
#167572260
1!
#167577596
0#
0!
#167577604
1#
#167581860
1!
#167587196
0#
0!
#167587204
1#
#167591460
1!
#167596796
0#
0!
#167596804
1#
#167601060
1!
#167606396
0#
0!
#167606404
1#
#167610660
1!
#167615996
0#
0!
#167616004
1#
#167620260
1!
#167625596
0#
0!
#167625604
1#
#167629860
1!
#167635196
0#
0!
#167635204
1#
#167639460
1!
#167644796
0#
0!
#167644804
1#
#167647996
b1000011011 $
#167649116
1!
#167654396
0#
0!
#167654404
1#
#167658716
1!
#167663996
0#
0!
#167664004
1#
#167668316
1!
#167673596
0#
0!
#167673604
1#
#167677916
1!
#167683196
0#
0!
#167683204
1#
#167687516
1!
#167692796
0#
0!
#167692804
1#
#167697116
1!
#167702396
0#
0!
#167702404
1#
#167706716
1!
#167711996
0#
0!
#167712004
1#
#167716316
1!
#167721596
0#
0!
#167721604
1#
#167725916
1!
#167731196
0#
0!
#167731204
1#
#167735516
1!
#167740796
0#
0!
#167740804
1#
#167743996
b1000100010 $
#167745172
1!
#167750396
0#
0!
#167750404
1#
#167754772
1!
#167759996
0#
0!
#167760004
1#
#167764372
1!
#167769596
0#
0!
#167769604
1#
#167773972
1!
#167779196
0#
0!
#167779204
1#
#167783572
1!
#167788796
0#
0!
#167788804
1#
#167793172
1!
#167798396
0#
0!
#167798404
1#
#167802772
1!
#167807996
0#
0!
#167808004
1#
#167812372
1!
#167817596
0#
0!
#167817604
1#
#167821972
1!
#167827196
0#
0!
#167827204
1#
#167831572
1!
#167836796
0#
0!
#167836804
1#
#167839996
b1000101001 $
#167841228
1!
#167846396
0#
0!
#167846404
1#
#167850828
1!
#167855996
0#
0!
#167856004
1#
#167860428
1!
#167865596
0#
0!
#167865604
1#
#167870028
1!
#167875196
0#
0!
#167875204
1#
#167879628
1!
#167884796
0#
0!
#167884804
1#
#167889228
1!
#167894396
0#
0!
#167894404
1#
#167898828
1!
#167903996
0#
0!
#167904004
1#
#167908428
1!
#167913596
0#
0!
#167913604
1#
#167918028
1!
#167923196
0#
0!
#167923204
1#
#167927628
1!
#167932796
0#
0!
#167932804
1#
#167935996
b1000110000 $
#167937284
1!
#167942396
0#
0!
#167942404
1#
#167946884
1!
#167951996
0#
0!
#167952004
1#
#167956484
1!
#167961596
0#
0!
#167961604
1#
#167966084
1!
#167971196
0#
0!
#167971204
1#
#167975684
1!
#167980796
0#
0!
#167980804
1#
#167985284
1!
#167990396
0#
0!
#167990404
1#
#167994884
1!
#167999996
0#
0!
#168000004
1#
#168004484
1!
#168009596
0#
0!
#168009604
1#
#168014084
1!
#168019196
0#
0!
#168019204
1#
#168023684
1!
#168028796
0#
0!
#168028804
1#
#168031996
b1000110111 $
#168033340
1!
#168038396
0#
0!
#168038404
1#
#168042940
1!
#168047996
0#
0!
#168048004
1#
#168052540
1!
#168057596
0#
0!
#168057604
1#
#168062140
1!
#168067196
0#
0!
#168067204
1#
#168071740
1!
#168076796
0#
0!
#168076804
1#
#168081340
1!
#168086396
0#
0!
#168086404
1#
#168090940
1!
#168095996
0#
0!
#168096004
1#
#168100540
1!
#168105596
0#
0!
#168105604
1#
#168110140
1!
#168115196
0#
0!
#168115204
1#
#168119740
1!
#168124796
0#
0!
#168124804
1#
#168127996
b1000111110 $
#168129396
1!
#168134396
0#
0!
#168134404
1#
#168138996
1!
#168143996
0#
0!
#168144004
1#
#168148596
1!
#168153596
0#
0!
#168153604
1#
#168158196
1!
#168163196
0#
0!
#168163204
1#
#168167796
1!
#168172796
0#
0!
#168172804
1#
#168177396
1!
#168182396
0#
0!
#168182404
1#
#168186996
1!
#168191996
0#
0!
#168192004
1#
#168196596
1!
#168201596
0#
0!
#168201604
1#
#168206196
1!
#168211196
0#
0!
#168211204
1#
#168215796
1!
#168220796
0#
0!
#168220804
1#
#168223996
b1001000101 $
#168225452
1!
#168230396
0#
0!
#168230404
1#
#168235052
1!
#168239996
0#
0!
#168240004
1#
#168244652
1!
#168249596
0#
0!
#168249604
1#
#168254252
1!
#168259196
0#
0!
#168259204
1#
#168263852
1!
#168268796
0#
0!
#168268804
1#
#168273452
1!
#168278396
0#
0!
#168278404
1#
#168283052
1!
#168287996
0#
0!
#168288004
1#
#168292652
1!
#168297596
0#
0!
#168297604
1#
#168302252
1!
#168307196
0#
0!
#168307204
1#
#168311852
1!
#168316796
0#
0!
#168316804
1#
#168319996
b1001001100 $
#168321508
1!
#168326396
0#
0!
#168326404
1#
#168331108
1!
#168335996
0#
0!
#168336004
1#
#168340708
1!
#168345596
0#
0!
#168345604
1#
#168350308
1!
#168355196
0#
0!
#168355204
1#
#168359908
1!
#168364796
0#
0!
#168364804
1#
#168369508
1!
#168374396
0#
0!
#168374404
1#
#168379108
1!
#168383996
0#
0!
#168384004
1#
#168388708
1!
#168393596
0#
0!
#168393604
1#
#168398308
1!
#168403196
0#
0!
#168403204
1#
#168407908
1!
#168412796
0#
0!
#168412804
1#
#168415996
b1001010011 $
#168417564
1!
#168422396
0#
0!
#168422404
1#
#168427164
1!
#168431996
0#
0!
#168432004
1#
#168436764
1!
#168441596
0#
0!
#168441604
1#
#168446364
1!
#168451196
0#
0!
#168451204
1#
#168455964
1!
#168460796
0#
0!
#168460804
1#
#168465564
1!
#168470396
0#
0!
#168470404
1#
#168475164
1!
#168479996
0#
0!
#168480004
1#
#168484764
1!
#168489596
0#
0!
#168489604
1#
#168494364
1!
#168499196
0#
0!
#168499204
1#
#168503964
1!
#168508796
0#
0!
#168508804
1#
#168511996
b1001011010 $
#168513620
1!
#168518396
0#
0!
#168518404
1#
#168523220
1!
#168527996
0#
0!
#168528004
1#
#168532820
1!
#168537596
0#
0!
#168537604
1#
#168542420
1!
#168547196
0#
0!
#168547204
1#
#168552020
1!
#168556796
0#
0!
#168556804
1#
#168561620
1!
#168566396
0#
0!
#168566404
1#
#168571220
1!
#168575996
0#
0!
#168576004
1#
#168580820
1!
#168585596
0#
0!
#168585604
1#
#168590420
1!
#168595196
0#
0!
#168595204
1#
#168600020
1!
#168604796
0#
0!
#168604804
1#
#168607996
b1001100001 $
#168609676
1!
#168614396
0#
0!
#168614404
1#
#168619276
1!
#168623996
0#
0!
#168624004
1#
#168628876
1!
#168633596
0#
0!
#168633604
1#
#168638476
1!
#168643196
0#
0!
#168643204
1#
#168648076
1!
#168652796
0#
0!
#168652804
1#
#168657676
1!
#168662396
0#
0!
#168662404
1#
#168667276
1!
#168671996
0#
0!
#168672004
1#
#168676876
1!
#168681596
0#
0!
#168681604
1#
#168686476
1!
#168691196
0#
0!
#168691204
1#
#168696076
1!
#168700796
0#
0!
#168700804
1#
#168703996
b1001101000 $
#168705732
1!
#168710396
0#
0!
#168710404
1#
#168715332
1!
#168719996
0#
0!
#168720004
1#
#168724932
1!
#168729596
0#
0!
#168729604
1#
#168734532
1!
#168739196
0#
0!
#168739204
1#
#168744132
1!
#168748796
0#
0!
#168748804
1#
#168753732
1!
#168758396
0#
0!
#168758404
1#
#168763332
1!
#168767996
0#
0!
#168768004
1#
#168772932
1!
#168777596
0#
0!
#168777604
1#
#168782532
1!
#168787196
0#
0!
#168787204
1#
#168792132
1!
#168796796
0#
0!
#168796804
1#
#168799996
b1001101111 $
#168801788
1!
#168806396
0#
0!
#168806404
1#
#168811388
1!
#168815996
0#
0!
#168816004
1#
#168820988
1!
#168825596
0#
0!
#168825604
1#
#168830588
1!
#168835196
0#
0!
#168835204
1#
#168840188
1!
#168844796
0#
0!
#168844804
1#
#168849788
1!
#168854396
0#
0!
#168854404
1#
#168859388
1!
#168863996
0#
0!
#168864004
1#
#168868988
1!
#168873596
0#
0!
#168873604
1#
#168878588
1!
#168883196
0#
0!
#168883204
1#
#168888188
1!
#168892796
0#
0!
#168892804
1#
#168895996
b1001110110 $
#168897844
1!
#168902396
0#
0!
#168902404
1#
#168907444
1!
#168911996
0#
0!
#168912004
1#
#168917044
1!
#168921596
0#
0!
#168921604
1#
#168926644
1!
#168931196
0#
0!
#168931204
1#
#168936244
1!
#168940796
0#
0!
#168940804
1#
#168945844
1!
#168950396
0#
0!
#168950404
1#
#168955444
1!
#168959996
0#
0!
#168960004
1#
#168965044
1!
#168969596
0#
0!
#168969604
1#
#168974644
1!
#168979196
0#
0!
#168979204
1#
#168984244
1!
#168988796
0#
0!
#168988804
1#
#168991996
b1001111101 $
#168993900
1!
#168998396
0#
0!
#168998404
1#
#169003500
1!
#169007996
0#
0!
#169008004
1#
#169013100
1!
#169017596
0#
0!
#169017604
1#
#169022700
1!
#169027196
0#
0!
#169027204
1#
#169032300
1!
#169036796
0#
0!
#169036804
1#
#169041900
1!
#169046396
0#
0!
#169046404
1#
#169051500
1!
#169055996
0#
0!
#169056004
1#
#169061100
1!
#169065596
0#
0!
#169065604
1#
#169070700
1!
#169075196
0#
0!
#169075204
1#
#169080300
1!
#169084796
0#
0!
#169084804
1#
#169087996
b1010000100 $
#169089956
1!
#169094396
0#
0!
#169094404
1#
#169099556
1!
#169103996
0#
0!
#169104004
1#
#169109156
1!
#169113596
0#
0!
#169113604
1#
#169118756
1!
#169123196
0#
0!
#169123204
1#
#169128356
1!
#169132796
0#
0!
#169132804
1#
#169137956
1!
#169142396
0#
0!
#169142404
1#
#169147556
1!
#169151996
0#
0!
#169152004
1#
#169157156
1!
#169161596
0#
0!
#169161604
1#
#169166756
1!
#169171196
0#
0!
#169171204
1#
#169176356
1!
#169180796
0#
0!
#169180804
1#
#169183996
b1010001011 $
#169186012
1!
#169190396
0#
0!
#169190404
1#
#169195612
1!
#169199996
0#
0!
#169200004
1#
#169205212
1!
#169209596
0#
0!
#169209604
1#
#169214812
1!
#169219196
0#
0!
#169219204
1#
#169224412
1!
#169228796
0#
0!
#169228804
1#
#169234012
1!
#169238396
0#
0!
#169238404
1#
#169243612
1!
#169247996
0#
0!
#169248004
1#
#169253212
1!
#169257596
0#
0!
#169257604
1#
#169262812
1!
#169267196
0#
0!
#169267204
1#
#169272412
1!
#169276796
0#
0!
#169276804
1#
#169279996
b1010010010 $
#169282068
1!
#169286396
0#
0!
#169286404
1#
#169291668
1!
#169295996
0#
0!
#169296004
1#
#169301268
1!
#169305596
0#
0!
#169305604
1#
#169310868
1!
#169315196
0#
0!
#169315204
1#
#169320468
1!
#169324796
0#
0!
#169324804
1#
#169330068
1!
#169334396
0#
0!
#169334404
1#
#169339668
1!
#169343996
0#
0!
#169344004
1#
#169349268
1!
#169353596
0#
0!
#169353604
1#
#169358868
1!
#169363196
0#
0!
#169363204
1#
#169368468
1!
#169372796
0#
0!
#169372804
1#
#169375996
b1010011001 $
#169378124
1!
#169382396
0#
0!
#169382404
1#
#169387724
1!
#169391996
0#
0!
#169392004
1#
#169397324
1!
#169401596
0#
0!
#169401604
1#
#169406924
1!
#169411196
0#
0!
#169411204
1#
#169416524
1!
#169420796
0#
0!
#169420804
1#
#169426124
1!
#169430396
0#
0!
#169430404
1#
#169435724
1!
#169439996
0#
0!
#169440004
1#
#169445324
1!
#169449596
0#
0!
#169449604
1#
#169454924
1!
#169459196
0#
0!
#169459204
1#
#169464524
1!
#169468796
0#
0!
#169468804
1#
#169471996
b1010100000 $
#169474180
1!
#169478396
0#
0!
#169478404
1#
#169483780
1!
#169487996
0#
0!
#169488004
1#
#169493380
1!
#169497596
0#
0!
#169497604
1#
#169502980
1!
#169507196
0#
0!
#169507204
1#
#169512580
1!
#169516796
0#
0!
#169516804
1#
#169522180
1!
#169526396
0#
0!
#169526404
1#
#169531780
1!
#169535996
0#
0!
#169536004
1#
#169541380
1!
#169545596
0#
0!
#169545604
1#
#169550980
1!
#169555196
0#
0!
#169555204
1#
#169560580
1!
#169564796
0#
0!
#169564804
1#
#169567996
b1010100111 $
#169570236
1!
#169574396
0#
0!
#169574404
1#
#169579836
1!
#169583996
0#
0!
#169584004
1#
#169589436
1!
#169593596
0#
0!
#169593604
1#
#169599036
1!
#169603196
0#
0!
#169603204
1#
#169608636
1!
#169612796
0#
0!
#169612804
1#
#169618236
1!
#169622396
0#
0!
#169622404
1#
#169627836
1!
#169631996
0#
0!
#169632004
1#
#169637436
1!
#169641596
0#
0!
#169641604
1#
#169647036
1!
#169651196
0#
0!
#169651204
1#
#169656636
1!
#169660796
0#
0!
#169660804
1#
#169663996
b1010101110 $
#169666292
1!
#169670396
0#
0!
#169670404
1#
#169675892
1!
#169679996
0#
0!
#169680004
1#
#169685492
1!
#169689596
0#
0!
#169689604
1#
#169695092
1!
#169699196
0#
0!
#169699204
1#
#169704692
1!
#169708796
0#
0!
#169708804
1#
#169714292
1!
#169718396
0#
0!
#169718404
1#
#169723892
1!
#169727996
0#
0!
#169728004
1#
#169733492
1!
#169737596
0#
0!
#169737604
1#
#169743092
1!
#169747196
0#
0!
#169747204
1#
#169752692
1!
#169756796
0#
0!
#169756804
1#
#169759996
b1010110101 $
#169762348
1!
#169766396
0#
0!
#169766404
1#
#169771948
1!
#169775996
0#
0!
#169776004
1#
#169781548
1!
#169785596
0#
0!
#169785604
1#
#169791148
1!
#169795196
0#
0!
#169795204
1#
#169800748
1!
#169804796
0#
0!
#169804804
1#
#169810348
1!
#169814396
0#
0!
#169814404
1#
#169819948
1!
#169823996
0#
0!
#169824004
1#
#169829548
1!
#169833596
0#
0!
#169833604
1#
#169839148
1!
#169843196
0#
0!
#169843204
1#
#169848748
1!
#169852796
0#
0!
#169852804
1#
#169855996
b1010111100 $
#169858404
1!
#169862396
0#
0!
#169862404
1#
#169868004
1!
#169871996
0#
0!
#169872004
1#
#169877604
1!
#169881596
0#
0!
#169881604
1#
#169887204
1!
#169891196
0#
0!
#169891204
1#
#169896804
1!
#169900796
0#
0!
#169900804
1#
#169906404
1!
#169910396
0#
0!
#169910404
1#
#169916004
1!
#169919996
0#
0!
#169920004
1#
#169925604
1!
#169929596
0#
0!
#169929604
1#
#169935204
1!
#169939196
0#
0!
#169939204
1#
#169944804
1!
#169948796
0#
0!
#169948804
1#
#169951996
b1011000011 $
#169954460
1!
#169958396
0#
0!
#169958404
1#
#169964060
1!
#169967996
0#
0!
#169968004
1#
#169973660
1!
#169977596
0#
0!
#169977604
1#
#169983260
1!
#169987196
0#
0!
#169987204
1#
#169992860
1!
#169996796
0#
0!
#169996804
1#
#170002460
1!
#170006396
0#
0!
#170006404
1#
#170012060
1!
#170015996
0#
0!
#170016004
1#
#170021660
1!
#170025596
0#
0!
#170025604
1#
#170031260
1!
#170035196
0#
0!
#170035204
1#
#170040860
1!
#170044796
0#
0!
#170044804
1#
#170047996
b1011001010 $
#170050516
1!
#170054396
0#
0!
#170054404
1#
#170060116
1!
#170063996
0#
0!
#170064004
1#
#170069716
1!
#170073596
0#
0!
#170073604
1#
#170079316
1!
#170083196
0#
0!
#170083204
1#
#170088916
1!
#170092796
0#
0!
#170092804
1#
#170098516
1!
#170102396
0#
0!
#170102404
1#
#170108116
1!
#170111996
0#
0!
#170112004
1#
#170117716
1!
#170121596
0#
0!
#170121604
1#
#170127316
1!
#170131196
0#
0!
#170131204
1#
#170136916
1!
#170140796
0#
0!
#170140804
1#
#170143996
b1011010001 $
#170146572
1!
#170150396
0#
0!
#170150404
1#
#170156172
1!
#170159996
0#
0!
#170160004
1#
#170165772
1!
#170169596
0#
0!
#170169604
1#
#170175372
1!
#170179196
0#
0!
#170179204
1#
#170184972
1!
#170188796
0#
0!
#170188804
1#
#170194572
1!
#170198396
0#
0!
#170198404
1#
#170204172
1!
#170207996
0#
0!
#170208004
1#
#170213772
1!
#170217596
0#
0!
#170217604
1#
#170223372
1!
#170227196
0#
0!
#170227204
1#
#170232972
1!
#170236796
0#
0!
#170236804
1#
#170239996
b1011011000 $
#170242628
1!
#170246396
0#
0!
#170246404
1#
#170252228
1!
#170255996
0#
0!
#170256004
1#
#170261828
1!
#170265596
0#
0!
#170265604
1#
#170271428
1!
#170275196
0#
0!
#170275204
1#
#170281028
1!
#170284796
0#
0!
#170284804
1#
#170290628
1!
#170294396
0#
0!
#170294404
1#
#170300228
1!
#170303996
0#
0!
#170304004
1#
#170309828
1!
#170313596
0#
0!
#170313604
1#
#170319428
1!
#170323196
0#
0!
#170323204
1#
#170329028
1!
#170332796
0#
0!
#170332804
1#
#170335996
b1011011111 $
#170338684
1!
#170342396
0#
0!
#170342404
1#
#170348284
1!
#170351996
0#
0!
#170352004
1#
#170357884
1!
#170361596
0#
0!
#170361604
1#
#170367484
1!
#170371196
0#
0!
#170371204
1#
#170377084
1!
#170380796
0#
0!
#170380804
1#
#170386684
1!
#170390396
0#
0!
#170390404
1#
#170396284
1!
#170399996
0#
0!
#170400004
1#
#170405884
1!
#170409596
0#
0!
#170409604
1#
#170415484
1!
#170419196
0#
0!
#170419204
1#
#170425084
1!
#170428796
0#
0!
#170428804
1#
#170431996
b1011100110 $
#170434740
1!
#170438396
0#
0!
#170438404
1#
#170444340
1!
#170447996
0#
0!
#170448004
1#
#170453940
1!
#170457596
0#
0!
#170457604
1#
#170463540
1!
#170467196
0#
0!
#170467204
1#
#170473140
1!
#170476796
0#
0!
#170476804
1#
#170482740
1!
#170486396
0#
0!
#170486404
1#
#170492340
1!
#170495996
0#
0!
#170496004
1#
#170501940
1!
#170505596
0#
0!
#170505604
1#
#170511540
1!
#170515196
0#
0!
#170515204
1#
#170521140
1!
#170524796
0#
0!
#170524804
1#
#170527996
b1011101101 $
#170530796
1!
#170534396
0#
0!
#170534404
1#
#170540396
1!
#170543996
0#
0!
#170544004
1#
#170549996
1!
#170553596
0#
0!
#170553604
1#
#170559596
1!
#170563196
0#
0!
#170563204
1#
#170569196
1!
#170572796
0#
0!
#170572804
1#
#170578796
1!
#170582396
0#
0!
#170582404
1#
#170588396
1!
#170591996
0#
0!
#170592004
1#
#170597996
1!
#170601596
0#
0!
#170601604
1#
#170607596
1!
#170611196
0#
0!
#170611204
1#
#170617196
1!
#170620796
0#
0!
#170620804
1#
#170623996
b1011110100 $
#170626852
1!
#170630396
0#
0!
#170630404
1#
#170636452
1!
#170639996
0#
0!
#170640004
1#
#170646052
1!
#170649596
0#
0!
#170649604
1#
#170655652
1!
#170659196
0#
0!
#170659204
1#
#170665252
1!
#170668796
0#
0!
#170668804
1#
#170674852
1!
#170678396
0#
0!
#170678404
1#
#170684452
1!
#170687996
0#
0!
#170688004
1#
#170694052
1!
#170697596
0#
0!
#170697604
1#
#170703652
1!
#170707196
0#
0!
#170707204
1#
#170713252
1!
#170716796
0#
0!
#170716804
1#
#170719996
b1011111011 $
#170722908
1!
#170726396
0#
0!
#170726404
1#
#170732508
1!
#170735996
0#
0!
#170736004
1#
#170742108
1!
#170745596
0#
0!
#170745604
1#
#170751708
1!
#170755196
0#
0!
#170755204
1#
#170761308
1!
#170764796
0#
0!
#170764804
1#
#170770908
1!
#170774396
0#
0!
#170774404
1#
#170780508
1!
#170783996
0#
0!
#170784004
1#
#170790108
1!
#170793596
0#
0!
#170793604
1#
#170799708
1!
#170803196
0#
0!
#170803204
1#
#170809308
1!
#170812796
0#
0!
#170812804
1#
#170815996
b1100000010 $
#170818964
1!
#170822396
0#
0!
#170822404
1#
#170828564
1!
#170831996
0#
0!
#170832004
1#
#170838164
1!
#170841596
0#
0!
#170841604
1#
#170847764
1!
#170851196
0#
0!
#170851204
1#
#170857364
1!
#170860796
0#
0!
#170860804
1#
#170866964
1!
#170870396
0#
0!
#170870404
1#
#170876564
1!
#170879996
0#
0!
#170880004
1#
#170886164
1!
#170889596
0#
0!
#170889604
1#
#170895764
1!
#170899196
0#
0!
#170899204
1#
#170905364
1!
#170908796
0#
0!
#170908804
1#
#170911996
b1100001001 $
#170915020
1!
#170918396
0#
0!
#170918404
1#
#170924620
1!
#170927996
0#
0!
#170928004
1#
#170934220
1!
#170937596
0#
0!
#170937604
1#
#170943820
1!
#170947196
0#
0!
#170947204
1#
#170953420
1!
#170956796
0#
0!
#170956804
1#
#170963020
1!
#170966396
0#
0!
#170966404
1#
#170972620
1!
#170975996
0#
0!
#170976004
1#
#170982220
1!
#170985596
0#
0!
#170985604
1#
#170991820
1!
#170995196
0#
0!
#170995204
1#
#171001420
1!
#171004796
0#
0!
#171004804
1#
#171007996
b1100010000 $
#171011076
1!
#171014396
0#
0!
#171014404
1#
#171020676
1!
#171023996
0#
0!
#171024004
1#
#171030276
1!
#171033596
0#
0!
#171033604
1#
#171039876
1!
#171043196
0#
0!
#171043204
1#
#171049476
1!
#171052796
0#
0!
#171052804
1#
#171059076
1!
#171062396
0#
0!
#171062404
1#
#171068676
1!
#171071996
0#
0!
#171072004
1#
#171078276
1!
#171081596
0#
0!
#171081604
1#
#171087876
1!
#171091196
0#
0!
#171091204
1#
#171097476
1!
#171100796
0#
0!
#171100804
1#
#171103996
b1100010111 $
#171107132
1!
#171110396
0#
0!
#171110404
1#
#171116732
1!
#171119996
0#
0!
#171120004
1#
#171126332
1!
#171129596
0#
0!
#171129604
1#
#171135932
1!
#171139196
0#
0!
#171139204
1#
#171145532
1!
#171148796
0#
0!
#171148804
1#
#171155132
1!
#171158396
0#
0!
#171158404
1#
#171164732
1!
#171167996
0#
0!
#171168004
1#
#171174332
1!
#171177596
0#
0!
#171177604
1#
#171183932
1!
#171187196
0#
0!
#171187204
1#
#171193532
1!
#171196796
0#
0!
#171196804
1#
#171199996
b1100011110 $
#171203188
1!
#171206396
0#
0!
#171206404
1#
#171212788
1!
#171215996
0#
0!
#171216004
1#
#171222388
1!
#171225596
0#
0!
#171225604
1#
#171231988
1!
#171235196
0#
0!
#171235204
1#
#171241588
1!
#171244796
0#
0!
#171244804
1#
#171251188
1!
#171254396
0#
0!
#171254404
1#
#171260788
1!
#171263996
0#
0!
#171264004
1#
#171270388
1!
#171273596
0#
0!
#171273604
1#
#171279988
1!
#171283196
0#
0!
#171283204
1#
#171289588
1!
#171292796
0#
0!
#171292804
1#
#171295996
b1100100101 $
#171299244
1!
#171302396
0#
0!
#171302404
1#
#171308844
1!
#171311996
0#
0!
#171312004
1#
#171318444
1!
#171321596
0#
0!
#171321604
1#
#171328044
1!
#171331196
0#
0!
#171331204
1#
#171337644
1!
#171340796
0#
0!
#171340804
1#
#171347244
1!
#171350396
0#
0!
#171350404
1#
#171356844
1!
#171359996
0#
0!
#171360004
1#
#171366444
1!
#171369596
0#
0!
#171369604
1#
#171376044
1!
#171379196
0#
0!
#171379204
1#
#171385644
1!
#171388796
0#
0!
#171388804
1#
#171391996
b1100101100 $
#171395300
1!
#171398396
0#
0!
#171398404
1#
#171404900
1!
#171407996
0#
0!
#171408004
1#
#171414500
1!
#171417596
0#
0!
#171417604
1#
#171424100
1!
#171427196
0#
0!
#171427204
1#
#171433700
1!
#171436796
0#
0!
#171436804
1#
#171443300
1!
#171446396
0#
0!
#171446404
1#
#171452900
1!
#171455996
0#
0!
#171456004
1#
#171462500
1!
#171465596
0#
0!
#171465604
1#
#171472100
1!
#171475196
0#
0!
#171475204
1#
#171481700
1!
#171484796
0#
0!
#171484804
1#
#171487996
b1100110011 $
#171491356
1!
#171494396
0#
0!
#171494404
1#
#171500956
1!
#171503996
0#
0!
#171504004
1#
#171510556
1!
#171513596
0#
0!
#171513604
1#
#171520156
1!
#171523196
0#
0!
#171523204
1#
#171529756
1!
#171532796
0#
0!
#171532804
1#
#171539356
1!
#171542396
0#
0!
#171542404
1#
#171548956
1!
#171551996
0#
0!
#171552004
1#
#171558556
1!
#171561596
0#
0!
#171561604
1#
#171568156
1!
#171571196
0#
0!
#171571204
1#
#171577756
1!
#171580796
0#
0!
#171580804
1#
#171583996
b1100111010 $
#171587412
1!
#171590396
0#
0!
#171590404
1#
#171597012
1!
#171599996
0#
0!
#171600004
1#
#171606612
1!
#171609596
0#
0!
#171609604
1#
#171616212
1!
#171619196
0#
0!
#171619204
1#
#171625812
1!
#171628796
0#
0!
#171628804
1#
#171635412
1!
#171638396
0#
0!
#171638404
1#
#171645012
1!
#171647996
0#
0!
#171648004
1#
#171654612
1!
#171657596
0#
0!
#171657604
1#
#171664212
1!
#171667196
0#
0!
#171667204
1#
#171673812
1!
#171676796
0#
0!
#171676804
1#
#171679996
b1101000001 $
#171683468
1!
#171686396
0#
0!
#171686404
1#
#171693068
1!
#171695996
0#
0!
#171696004
1#
#171702668
1!
#171705596
0#
0!
#171705604
1#
#171712268
1!
#171715196
0#
0!
#171715204
1#
#171721868
1!
#171724796
0#
0!
#171724804
1#
#171731468
1!
#171734396
0#
0!
#171734404
1#
#171741068
1!
#171743996
0#
0!
#171744004
1#
#171750668
1!
#171753596
0#
0!
#171753604
1#
#171760268
1!
#171763196
0#
0!
#171763204
1#
#171769868
1!
#171772796
0#
0!
#171772804
1#
#171775996
b1101001000 $
#171779524
1!
#171782396
0#
0!
#171782404
1#
#171789124
1!
#171791996
0#
0!
#171792004
1#
#171798724
1!
#171801596
0#
0!
#171801604
1#
#171808324
1!
#171811196
0#
0!
#171811204
1#
#171817924
1!
#171820796
0#
0!
#171820804
1#
#171827524
1!
#171830396
0#
0!
#171830404
1#
#171837124
1!
#171839996
0#
0!
#171840004
1#
#171846724
1!
#171849596
0#
0!
#171849604
1#
#171856324
1!
#171859196
0#
0!
#171859204
1#
#171865924
1!
#171868796
0#
0!
#171868804
1#
#171871996
b1101001111 $
#171875580
1!
#171878396
0#
0!
#171878404
1#
#171885180
1!
#171887996
0#
0!
#171888004
1#
#171894780
1!
#171897596
0#
0!
#171897604
1#
#171904380
1!
#171907196
0#
0!
#171907204
1#
#171913980
1!
#171916796
0#
0!
#171916804
1#
#171923580
1!
#171926396
0#
0!
#171926404
1#
#171933180
1!
#171935996
0#
0!
#171936004
1#
#171942780
1!
#171945596
0#
0!
#171945604
1#
#171952380
1!
#171955196
0#
0!
#171955204
1#
#171961980
1!
#171964796
0#
0!
#171964804
1#
#171967996
b1101010110 $
#171971636
1!
#171974396
0#
0!
#171974404
1#
#171981236
1!
#171983996
0#
0!
#171984004
1#
#171990836
1!
#171993596
0#
0!
#171993604
1#
#172000436
1!
#172003196
0#
0!
#172003204
1#
#172010036
1!
#172012796
0#
0!
#172012804
1#
#172019636
1!
#172022396
0#
0!
#172022404
1#
#172029236
1!
#172031996
0#
0!
#172032004
1#
#172038836
1!
#172041596
0#
0!
#172041604
1#
#172048436
1!
#172051196
0#
0!
#172051204
1#
#172058036
1!
#172060796
0#
0!
#172060804
1#
#172063996
b1101011101 $
#172067692
1!
#172070396
0#
0!
#172070404
1#
#172077292
1!
#172079996
0#
0!
#172080004
1#
#172086892
1!
#172089596
0#
0!
#172089604
1#
#172096492
1!
#172099196
0#
0!
#172099204
1#
#172106092
1!
#172108796
0#
0!
#172108804
1#
#172115692
1!
#172118396
0#
0!
#172118404
1#
#172125292
1!
#172127996
0#
0!
#172128004
1#
#172134892
1!
#172137596
0#
0!
#172137604
1#
#172144492
1!
#172147196
0#
0!
#172147204
1#
#172154092
1!
#172156796
0#
0!
#172156804
1#
#172159996
b1101100100 $
#172163748
1!
#172166396
0#
0!
#172166404
1#
#172173348
1!
#172175996
0#
0!
#172176004
1#
#172182948
1!
#172185596
0#
0!
#172185604
1#
#172192548
1!
#172195196
0#
0!
#172195204
1#
#172202148
1!
#172204796
0#
0!
#172204804
1#
#172211748
1!
#172214396
0#
0!
#172214404
1#
#172221348
1!
#172223996
0#
0!
#172224004
1#
#172230948
1!
#172233596
0#
0!
#172233604
1#
#172240548
1!
#172243196
0#
0!
#172243204
1#
#172250148
1!
#172252796
0#
0!
#172252804
1#
#172255996
b1101101011 $
#172259804
1!
#172262396
0#
0!
#172262404
1#
#172269404
1!
#172271996
0#
0!
#172272004
1#
#172279004
1!
#172281596
0#
0!
#172281604
1#
#172288604
1!
#172291196
0#
0!
#172291204
1#
#172298204
1!
#172300796
0#
0!
#172300804
1#
#172307804
1!
#172310396
0#
0!
#172310404
1#
#172317404
1!
#172319996
0#
0!
#172320004
1#
#172327004
1!
#172329596
0#
0!
#172329604
1#
#172336604
1!
#172339196
0#
0!
#172339204
1#
#172346204
1!
#172348796
0#
0!
#172348804
1#
#172351996
b1101110010 $
#172355860
1!
#172358396
0#
0!
#172358404
1#
#172365460
1!
#172367996
0#
0!
#172368004
1#
#172375060
1!
#172377596
0#
0!
#172377604
1#
#172384660
1!
#172387196
0#
0!
#172387204
1#
#172394260
1!
#172396796
0#
0!
#172396804
1#
#172403860
1!
#172406396
0#
0!
#172406404
1#
#172413460
1!
#172415996
0#
0!
#172416004
1#
#172423060
1!
#172425596
0#
0!
#172425604
1#
#172432660
1!
#172435196
0#
0!
#172435204
1#
#172442260
1!
#172444796
0#
0!
#172444804
1#
#172447996
b1101111001 $
#172451916
1!
#172454396
0#
0!
#172454404
1#
#172461516
1!
#172463996
0#
0!
#172464004
1#
#172471116
1!
#172473596
0#
0!
#172473604
1#
#172480716
1!
#172483196
0#
0!
#172483204
1#
#172490316
1!
#172492796
0#
0!
#172492804
1#
#172499916
1!
#172502396
0#
0!
#172502404
1#
#172509516
1!
#172511996
0#
0!
#172512004
1#
#172519116
1!
#172521596
0#
0!
#172521604
1#
#172528716
1!
#172531196
0#
0!
#172531204
1#
#172538316
1!
#172540796
0#
0!
#172540804
1#
#172543996
b1110000000 $
#172547972
1!
#172550396
0#
0!
#172550404
1#
#172557572
1!
#172559996
0#
0!
#172560004
1#
#172567172
1!
#172569596
0#
0!
#172569604
1#
#172576772
1!
#172579196
0#
0!
#172579204
1#
#172586372
1!
#172588796
0#
0!
#172588804
1#
#172595972
1!
#172598396
0#
0!
#172598404
1#
#172605572
1!
#172607996
0#
0!
#172608004
1#
#172615172
1!
#172617596
0#
0!
#172617604
1#
#172624772
1!
#172627196
0#
0!
#172627204
1#
#172634372
1!
#172636796
0#
0!
#172636804
1#
#172639996
b1110000111 $
#172644028
1!
#172646396
0#
0!
#172646404
1#
#172653628
1!
#172655996
0#
0!
#172656004
1#
#172663228
1!
#172665596
0#
0!
#172665604
1#
#172672828
1!
#172675196
0#
0!
#172675204
1#
#172682428
1!
#172684796
0#
0!
#172684804
1#
#172692028
1!
#172694396
0#
0!
#172694404
1#
#172701628
1!
#172703996
0#
0!
#172704004
1#
#172711228
1!
#172713596
0#
0!
#172713604
1#
#172720828
1!
#172723196
0#
0!
#172723204
1#
#172730428
1!
#172732796
0#
0!
#172732804
1#
#172735996
b1110001110 $
#172740084
1!
#172742396
0#
0!
#172742404
1#
#172749684
1!
#172751996
0#
0!
#172752004
1#
#172759284
1!
#172761596
0#
0!
#172761604
1#
#172768884
1!
#172771196
0#
0!
#172771204
1#
#172778484
1!
#172780796
0#
0!
#172780804
1#
#172788084
1!
#172790396
0#
0!
#172790404
1#
#172797684
1!
#172799996
0#
0!
#172800004
1#
#172807284
1!
#172809596
0#
0!
#172809604
1#
#172816884
1!
#172819196
0#
0!
#172819204
1#
#172826484
1!
#172828796
0#
0!
#172828804
1#
#172831996
b1110010101 $
#172836140
1!
#172838396
0#
0!
#172838404
1#
#172845740
1!
#172847996
0#
0!
#172848004
1#
#172855340
1!
#172857596
0#
0!
#172857604
1#
#172864940
1!
#172867196
0#
0!
#172867204
1#
#172874540
1!
#172876796
0#
0!
#172876804
1#
#172884140
1!
#172886396
0#
0!
#172886404
1#
#172893740
1!
#172895996
0#
0!
#172896004
1#
#172903340
1!
#172905596
0#
0!
#172905604
1#
#172912940
1!
#172915196
0#
0!
#172915204
1#
#172922540
1!
#172924796
0#
0!
#172924804
1#
#172927996
b1110011100 $
#172932196
1!
#172934396
0#
0!
#172934404
1#
#172941796
1!
#172943996
0#
0!
#172944004
1#
#172951396
1!
#172953596
0#
0!
#172953604
1#
#172960996
1!
#172963196
0#
0!
#172963204
1#
#172970596
1!
#172972796
0#
0!
#172972804
1#
#172980196
1!
#172982396
0#
0!
#172982404
1#
#172989796
1!
#172991996
0#
0!
#172992004
1#
#172999396
1!
#173001596
0#
0!
#173001604
1#
#173008996
1!
#173011196
0#
0!
#173011204
1#
#173018596
1!
#173020796
0#
0!
#173020804
1#
#173023996
b1110100011 $
#173028252
1!
#173030396
0#
0!
#173030404
1#
#173037852
1!
#173039996
0#
0!
#173040004
1#
#173047452
1!
#173049596
0#
0!
#173049604
1#
#173057052
1!
#173059196
0#
0!
#173059204
1#
#173066652
1!
#173068796
0#
0!
#173068804
1#
#173076252
1!
#173078396
0#
0!
#173078404
1#
#173085852
1!
#173087996
0#
0!
#173088004
1#
#173095452
1!
#173097596
0#
0!
#173097604
1#
#173105052
1!
#173107196
0#
0!
#173107204
1#
#173114652
1!
#173116796
0#
0!
#173116804
1#
#173119996
b1110101010 $
#173124308
1!
#173126396
0#
0!
#173126404
1#
#173133908
1!
#173135996
0#
0!
#173136004
1#
#173143508
1!
#173145596
0#
0!
#173145604
1#
#173153108
1!
#173155196
0#
0!
#173155204
1#
#173162708
1!
#173164796
0#
0!
#173164804
1#
#173172308
1!
#173174396
0#
0!
#173174404
1#
#173181908
1!
#173183996
0#
0!
#173184004
1#
#173191508
1!
#173193596
0#
0!
#173193604
1#
#173201108
1!
#173203196
0#
0!
#173203204
1#
#173210708
1!
#173212796
0#
0!
#173212804
1#
#173215996
b1110110001 $
#173220364
1!
#173222396
0#
0!
#173222404
1#
#173229964
1!
#173231996
0#
0!
#173232004
1#
#173239564
1!
#173241596
0#
0!
#173241604
1#
#173249164
1!
#173251196
0#
0!
#173251204
1#
#173258764
1!
#173260796
0#
0!
#173260804
1#
#173268364
1!
#173270396
0#
0!
#173270404
1#
#173277964
1!
#173279996
0#
0!
#173280004
1#
#173287564
1!
#173289596
0#
0!
#173289604
1#
#173297164
1!
#173299196
0#
0!
#173299204
1#
#173306764
1!
#173308796
0#
0!
#173308804
1#
#173311996
b1110111000 $
#173316420
1!
#173318396
0#
0!
#173318404
1#
#173326020
1!
#173327996
0#
0!
#173328004
1#
#173335620
1!
#173337596
0#
0!
#173337604
1#
#173345220
1!
#173347196
0#
0!
#173347204
1#
#173354820
1!
#173356796
0#
0!
#173356804
1#
#173364420
1!
#173366396
0#
0!
#173366404
1#
#173374020
1!
#173375996
0#
0!
#173376004
1#
#173383620
1!
#173385596
0#
0!
#173385604
1#
#173393220
1!
#173395196
0#
0!
#173395204
1#
#173402820
1!
#173404796
0#
0!
#173404804
1#
#173407996
b1110111111 $
#173412476
1!
#173414396
0#
0!
#173414404
1#
#173422076
1!
#173423996
0#
0!
#173424004
1#
#173431676
1!
#173433596
0#
0!
#173433604
1#
#173441276
1!
#173443196
0#
0!
#173443204
1#
#173450876
1!
#173452796
0#
0!
#173452804
1#
#173460476
1!
#173462396
0#
0!
#173462404
1#
#173470076
1!
#173471996
0#
0!
#173472004
1#
#173479676
1!
#173481596
0#
0!
#173481604
1#
#173489276
1!
#173491196
0#
0!
#173491204
1#
#173498876
1!
#173500796
0#
0!
#173500804
1#
#173503996
b1111000110 $
#173508532
1!
#173510396
0#
0!
#173510404
1#
#173518132
1!
#173519996
0#
0!
#173520004
1#
#173527732
1!
#173529596
0#
0!
#173529604
1#
#173537332
1!
#173539196
0#
0!
#173539204
1#
#173546932
1!
#173548796
0#
0!
#173548804
1#
#173556532
1!
#173558396
0#
0!
#173558404
1#
#173566132
1!
#173567996
0#
0!
#173568004
1#
#173575732
1!
#173577596
0#
0!
#173577604
1#
#173585332
1!
#173587196
0#
0!
#173587204
1#
#173594932
1!
#173596796
0#
0!
#173596804
1#
#173599996
b1111001101 $
#173604588
1!
#173606396
0#
0!
#173606404
1#
#173614188
1!
#173615996
0#
0!
#173616004
1#
#173623788
1!
#173625596
0#
0!
#173625604
1#
#173633388
1!
#173635196
0#
0!
#173635204
1#
#173642988
1!
#173644796
0#
0!
#173644804
1#
#173652588
1!
#173654396
0#
0!
#173654404
1#
#173662188
1!
#173663996
0#
0!
#173664004
1#
#173671788
1!
#173673596
0#
0!
#173673604
1#
#173681388
1!
#173683196
0#
0!
#173683204
1#
#173690988
1!
#173692796
0#
0!
#173692804
1#
#173695996
b1111010100 $
#173700644
1!
#173702396
0#
0!
#173702404
1#
#173710244
1!
#173711996
0#
0!
#173712004
1#
#173719844
1!
#173721596
0#
0!
#173721604
1#
#173729444
1!
#173731196
0#
0!
#173731204
1#
#173739044
1!
#173740796
0#
0!
#173740804
1#
#173748644
1!
#173750396
0#
0!
#173750404
1#
#173758244
1!
#173759996
0#
0!
#173760004
1#
#173767844
1!
#173769596
0#
0!
#173769604
1#
#173777444
1!
#173779196
0#
0!
#173779204
1#
#173787044
1!
#173788796
0#
0!
#173788804
1#
#173791996
b1111011011 $
#173796700
1!
#173798396
0#
0!
#173798404
1#
#173806300
1!
#173807996
0#
0!
#173808004
1#
#173815900
1!
#173817596
0#
0!
#173817604
1#
#173825500
1!
#173827196
0#
0!
#173827204
1#
#173835100
1!
#173836796
0#
0!
#173836804
1#
#173844700
1!
#173846396
0#
0!
#173846404
1#
#173854300
1!
#173855996
0#
0!
#173856004
1#
#173863900
1!
#173865596
0#
0!
#173865604
1#
#173873500
1!
#173875196
0#
0!
#173875204
1#
#173883100
1!
#173884796
0#
0!
#173884804
1#
#173887996
b1111100010 $
#173892756
1!
#173894396
0#
0!
#173894404
1#
#173902356
1!
#173903996
0#
0!
#173904004
1#
#173911956
1!
#173913596
0#
0!
#173913604
1#
#173921556
1!
#173923196
0#
0!
#173923204
1#
#173931156
1!
#173932796
0#
0!
#173932804
1#
#173940756
1!
#173942396
0#
0!
#173942404
1#
#173950356
1!
#173951996
0#
0!
#173952004
1#
#173959956
1!
#173961596
0#
0!
#173961604
1#
#173969556
1!
#173971196
0#
0!
#173971204
1#
#173979156
1!
#173980796
0#
0!
#173980804
1#
#173983996
b1111101001 $
#173988812
1!
#173990396
0#
0!
#173990404
1#
#173998412
1!
#173999996
0#
0!
#174000004
1#
#174008012
1!
#174009596
0#
0!
#174009604
1#
#174017612
1!
#174019196
0#
0!
#174019204
1#
#174027212
1!
#174028796
0#
0!
#174028804
1#
#174036812
1!
#174038396
0#
0!
#174038404
1#
#174046412
1!
#174047996
0#
0!
#174048004
1#
#174056012
1!
#174057596
0#
0!
#174057604
1#
#174065612
1!
#174067196
0#
0!
#174067204
1#
#174075212
1!
#174076796
0#
0!
#174076804
1#
#174079996
b1111110000 $
#174084868
1!
#174086396
0#
0!
#174086404
1#
#174094468
1!
#174095996
0#
0!
#174096004
1#
#174104068
1!
#174105596
0#
0!
#174105604
1#
#174113668
1!
#174115196
0#
0!
#174115204
1#
#174123268
1!
#174124796
0#
0!
#174124804
1#
#174132868
1!
#174134396
0#
0!
#174134404
1#
#174142468
1!
#174143996
0#
0!
#174144004
1#
#174152068
1!
#174153596
0#
0!
#174153604
1#
#174161668
1!
#174163196
0#
0!
#174163204
1#
#174171268
1!
#174172796
0#
0!
#174172804
1#
#174175996
b1111110111 $
#174180924
1!
#174182396
0#
0!
#174182404
1#
#174190524
1!
#174191996
0#
0!
#174192004
1#
#174200124
1!
#174201596
0#
0!
#174201604
1#
#174209724
1!
#174211196
0#
0!
#174211204
1#
#174219324
1!
#174220796
0#
0!
#174220804
1#
#174228924
1!
#174230396
0#
0!
#174230404
1#
#174238524
1!
#174239996
0#
0!
#174240004
1#
#174248124
1!
#174249596
0#
0!
#174249604
1#
#174257724
1!
#174259196
0#
0!
#174259204
1#
#174267324
1!
#174268796
0#
0!
#174268804
1#
#174271996
b1111111110 $
#174276980
1!
#174278396
0#
0!
#174278404
1#
#174286580
1!
#174287996
0#
0!
#174288004
1#
#174296180
1!
#174297596
0#
0!
#174297604
1#
#174305780
1!
#174307196
0#
0!
#174307204
1#
#174315380
1!
#174316796
0#
0!
#174316804
1#
#174324980
1!
#174326396
0#
0!
#174326404
1#
#174334580
1!
#174335996
0#
0!
#174336004
1#
#174344180
1!
#174345596
0#
0!
#174345604
1#
#174353780
1!
#174355196
0#
0!
#174355204
1#
#174363380
1!
#174364796
0#
0!
#174364804
1#
#174367996
b10000000101 $
#174373036
1!
#174374396
0#
0!
#174374404
1#
#174382636
1!
#174383996
0#
0!
#174384004
1#
#174392236
1!
#174393596
0#
0!
#174393604
1#
#174401836
1!
#174403196
0#
0!
#174403204
1#
#174411436
1!
#174412796
0#
0!
#174412804
1#
#174421036
1!
#174422396
0#
0!
#174422404
1#
#174430636
1!
#174431996
0#
0!
#174432004
1#
#174440236
1!
#174441596
0#
0!
#174441604
1#
#174449836
1!
#174451196
0#
0!
#174451204
1#
#174459436
1!
#174460796
0#
0!
#174460804
1#
#174463996
b10000001100 $
#174469092
1!
#174470396
0#
0!
#174470404
1#
#174478692
1!
#174479996
0#
0!
#174480004
1#
#174488292
1!
#174489596
0#
0!
#174489604
1#
#174497892
1!
#174499196
0#
0!
#174499204
1#
#174507492
1!
#174508796
0#
0!
#174508804
1#
#174517092
1!
#174518396
0#
0!
#174518404
1#
#174526692
1!
#174527996
0#
0!
#174528004
1#
#174536292
1!
#174537596
0#
0!
#174537604
1#
#174545892
1!
#174547196
0#
0!
#174547204
1#
#174555492
1!
#174556796
0#
0!
#174556804
1#
#174559996
b10000010011 $
#174565148
1!
#174566396
0#
0!
#174566404
1#
#174574748
1!
#174575996
0#
0!
#174576004
1#
#174584348
1!
#174585596
0#
0!
#174585604
1#
#174593948
1!
#174595196
0#
0!
#174595204
1#
#174603548
1!
#174604796
0#
0!
#174604804
1#
#174613148
1!
#174614396
0#
0!
#174614404
1#
#174622748
1!
#174623996
0#
0!
#174624004
1#
#174632348
1!
#174633596
0#
0!
#174633604
1#
#174641948
1!
#174643196
0#
0!
#174643204
1#
#174651548
1!
#174652796
0#
0!
#174652804
1#
#174655996
b10000011010 $
#174661204
1!
#174662396
0#
0!
#174662404
1#
#174670804
1!
#174671996
0#
0!
#174672004
1#
#174680404
1!
#174681596
0#
0!
#174681604
1#
#174690004
1!
#174691196
0#
0!
#174691204
1#
#174699604
1!
#174700796
0#
0!
#174700804
1#
#174709204
1!
#174710396
0#
0!
#174710404
1#
#174718804
1!
#174719996
0#
0!
#174720004
1#
#174728404
1!
#174729596
0#
0!
#174729604
1#
#174738004
1!
#174739196
0#
0!
#174739204
1#
#174747604
1!
#174748796
0#
0!
#174748804
1#
#174751996
b10000100001 $
#174757260
1!
#174758396
0#
0!
#174758404
1#
#174766860
1!
#174767996
0#
0!
#174768004
1#
#174776460
1!
#174777596
0#
0!
#174777604
1#
#174786060
1!
#174787196
0#
0!
#174787204
1#
#174795660
1!
#174796796
0#
0!
#174796804
1#
#174805260
1!
#174806396
0#
0!
#174806404
1#
#174814860
1!
#174815996
0#
0!
#174816004
1#
#174824460
1!
#174825596
0#
0!
#174825604
1#
#174834060
1!
#174835196
0#
0!
#174835204
1#
#174843660
1!
#174844796
0#
0!
#174844804
1#
#174847996
b10000101000 $
#174853316
1!
#174854396
0#
0!
#174854404
1#
#174862916
1!
#174863996
0#
0!
#174864004
1#
#174872516
1!
#174873596
0#
0!
#174873604
1#
#174882116
1!
#174883196
0#
0!
#174883204
1#
#174891716
1!
#174892796
0#
0!
#174892804
1#
#174901316
1!
#174902396
0#
0!
#174902404
1#
#174910916
1!
#174911996
0#
0!
#174912004
1#
#174920516
1!
#174921596
0#
0!
#174921604
1#
#174930116
1!
#174931196
0#
0!
#174931204
1#
#174939716
1!
#174940796
0#
0!
#174940804
1#
#174943996
b10000101111 $
#174949372
1!
#174950396
0#
0!
#174950404
1#
#174958972
1!
#174959996
0#
0!
#174960004
1#
#174968572
1!
#174969596
0#
0!
#174969604
1#
#174978172
1!
#174979196
0#
0!
#174979204
1#
#174987772
1!
#174988796
0#
0!
#174988804
1#
#174997372
1!
#174998396
0#
0!
#174998404
1#
#175006972
1!
#175007996
0#
0!
#175008004
1#
#175016572
1!
#175017596
0#
0!
#175017604
1#
#175026172
1!
#175027196
0#
0!
#175027204
1#
#175035772
1!
#175036796
0#
0!
#175036804
1#
#175039996
b10000110110 $
#175045428
1!
#175046396
0#
0!
#175046404
1#
#175055028
1!
#175055996
0#
0!
#175056004
1#
#175064628
1!
#175065596
0#
0!
#175065604
1#
#175074228
1!
#175075196
0#
0!
#175075204
1#
#175083828
1!
#175084796
0#
0!
#175084804
1#
#175093428
1!
#175094396
0#
0!
#175094404
1#
#175103028
1!
#175103996
0#
0!
#175104004
1#
#175112628
1!
#175113596
0#
0!
#175113604
1#
#175122228
1!
#175123196
0#
0!
#175123204
1#
#175131828
1!
#175132796
0#
0!
#175132804
1#
#175135996
b10000111101 $
#175141484
1!
#175142396
0#
0!
#175142404
1#
#175151084
1!
#175151996
0#
0!
#175152004
1#
#175160684
1!
#175161596
0#
0!
#175161604
1#
#175170284
1!
#175171196
0#
0!
#175171204
1#
#175179884
1!
#175180796
0#
0!
#175180804
1#
#175189484
1!
#175190396
0#
0!
#175190404
1#
#175199084
1!
#175199996
0#
0!
#175200004
1#
#175208684
1!
#175209596
0#
0!
#175209604
1#
#175218284
1!
#175219196
0#
0!
#175219204
1#
#175227884
1!
#175228796
0#
0!
#175228804
1#
#175231996
b10001000100 $
#175237540
1!
#175238396
0#
0!
#175238404
1#
#175247140
1!
#175247996
0#
0!
#175248004
1#
#175256740
1!
#175257596
0#
0!
#175257604
1#
#175266340
1!
#175267196
0#
0!
#175267204
1#
#175275940
1!
#175276796
0#
0!
#175276804
1#
#175285540
1!
#175286396
0#
0!
#175286404
1#
#175295140
1!
#175295996
0#
0!
#175296004
1#
#175304740
1!
#175305596
0#
0!
#175305604
1#
#175314340
1!
#175315196
0#
0!
#175315204
1#
#175323940
1!
#175324796
0#
0!
#175324804
1#
#175327996
b10001001011 $
#175333596
1!
#175334396
0#
0!
#175334404
1#
#175343196
1!
#175343996
0#
0!
#175344004
1#
#175352796
1!
#175353596
0#
0!
#175353604
1#
#175362396
1!
#175363196
0#
0!
#175363204
1#
#175371996
1!
#175372796
0#
0!
#175372804
1#
#175381596
1!
#175382396
0#
0!
#175382404
1#
#175391196
1!
#175391996
0#
0!
#175392004
1#
#175400796
1!
#175401596
0#
0!
#175401604
1#
#175410396
1!
#175411196
0#
0!
#175411204
1#
#175419996
1!
#175420796
0#
0!
#175420804
1#
#175423996
b10001010010 $
#175429652
1!
#175430396
0#
0!
#175430404
1#
#175439252
1!
#175439996
0#
0!
#175440004
1#
#175448852
1!
#175449596
0#
0!
#175449604
1#
#175458452
1!
#175459196
0#
0!
#175459204
1#
#175468052
1!
#175468796
0#
0!
#175468804
1#
#175477652
1!
#175478396
0#
0!
#175478404
1#
#175487252
1!
#175487996
0#
0!
#175488004
1#
#175496852
1!
#175497596
0#
0!
#175497604
1#
#175506452
1!
#175507196
0#
0!
#175507204
1#
#175516052
1!
#175516796
0#
0!
#175516804
1#
#175519996
b10001011001 $
#175525708
1!
#175526396
0#
0!
#175526404
1#
#175535308
1!
#175535996
0#
0!
#175536004
1#
#175544908
1!
#175545596
0#
0!
#175545604
1#
#175554508
1!
#175555196
0#
0!
#175555204
1#
#175564108
1!
#175564796
0#
0!
#175564804
1#
#175573708
1!
#175574396
0#
0!
#175574404
1#
#175583308
1!
#175583996
0#
0!
#175584004
1#
#175592908
1!
#175593596
0#
0!
#175593604
1#
#175602508
1!
#175603196
0#
0!
#175603204
1#
#175612108
1!
#175612796
0#
0!
#175612804
1#
#175615996
b10001100000 $
#175621764
1!
#175622396
0#
0!
#175622404
1#
#175631364
1!
#175631996
0#
0!
#175632004
1#
#175640964
1!
#175641596
0#
0!
#175641604
1#
#175650564
1!
#175651196
0#
0!
#175651204
1#
#175660164
1!
#175660796
0#
0!
#175660804
1#
#175669764
1!
#175670396
0#
0!
#175670404
1#
#175679364
1!
#175679996
0#
0!
#175680004
1#
#175688964
1!
#175689596
0#
0!
#175689604
1#
#175698564
1!
#175699196
0#
0!
#175699204
1#
#175708164
1!
#175708796
0#
0!
#175708804
1#
#175711996
b10001100111 $
#175717820
1!
#175718396
0#
0!
#175718404
1#
#175727420
1!
#175727996
0#
0!
#175728004
1#
#175737020
1!
#175737596
0#
0!
#175737604
1#
#175746620
1!
#175747196
0#
0!
#175747204
1#
#175756220
1!
#175756796
0#
0!
#175756804
1#
#175765820
1!
#175766396
0#
0!
#175766404
1#
#175775420
1!
#175775996
0#
0!
#175776004
1#
#175785020
1!
#175785596
0#
0!
#175785604
1#
#175794620
1!
#175795196
0#
0!
#175795204
1#
#175804220
1!
#175804796
0#
0!
#175804804
1#
#175807996
b10001101110 $
#175813876
1!
#175814396
0#
0!
#175814404
1#
#175823476
1!
#175823996
0#
0!
#175824004
1#
#175833076
1!
#175833596
0#
0!
#175833604
1#
#175842676
1!
#175843196
0#
0!
#175843204
1#
#175852276
1!
#175852796
0#
0!
#175852804
1#
#175861876
1!
#175862396
0#
0!
#175862404
1#
#175871476
1!
#175871996
0#
0!
#175872004
1#
#175881076
1!
#175881596
0#
0!
#175881604
1#
#175890676
1!
#175891196
0#
0!
#175891204
1#
#175900276
1!
#175900796
0#
0!
#175900804
1#
#175903996
b10001110101 $
#175909932
1!
#175910396
0#
0!
#175910404
1#
#175919532
1!
#175919996
0#
0!
#175920004
1#
#175929132
1!
#175929596
0#
0!
#175929604
1#
#175938732
1!
#175939196
0#
0!
#175939204
1#
#175948332
1!
#175948796
0#
0!
#175948804
1#
#175957932
1!
#175958396
0#
0!
#175958404
1#
#175967532
1!
#175967996
0#
0!
#175968004
1#
#175977132
1!
#175977596
0#
0!
#175977604
1#
#175986732
1!
#175987196
0#
0!
#175987204
1#
#175996332
1!
#175996796
0#
0!
#175996804
1#
#175999996
b10001111100 $
#176005988
1!
#176006396
0#
0!
#176006404
1#
#176015588
1!
#176015996
0#
0!
#176016004
1#
#176025188
1!
#176025596
0#
0!
#176025604
1#
#176034788
1!
#176035196
0#
0!
#176035204
1#
#176044388
1!
#176044796
0#
0!
#176044804
1#
#176053988
1!
#176054396
0#
0!
#176054404
1#
#176063588
1!
#176063996
0#
0!
#176064004
1#
#176073188
1!
#176073596
0#
0!
#176073604
1#
#176082788
1!
#176083196
0#
0!
#176083204
1#
#176092388
1!
#176092796
0#
0!
#176092804
1#
#176095996
b10010000011 $
#176102044
1!
#176102396
0#
0!
#176102404
1#
#176111644
1!
#176111996
0#
0!
#176112004
1#
#176121244
1!
#176121596
0#
0!
#176121604
1#
#176130844
1!
#176131196
0#
0!
#176131204
1#
#176140444
1!
#176140796
0#
0!
#176140804
1#
#176150044
1!
#176150396
0#
0!
#176150404
1#
#176159644
1!
#176159996
0#
0!
#176160004
1#
#176169244
1!
#176169596
0#
0!
#176169604
1#
#176178844
1!
#176179196
0#
0!
#176179204
1#
#176188444
1!
#176188796
0#
0!
#176188804
1#
#176191996
b10010001010 $
#176198100
1!
#176198396
0#
0!
#176198404
1#
#176207700
1!
#176207996
0#
0!
#176208004
1#
#176217300
1!
#176217596
0#
0!
#176217604
1#
#176226900
1!
#176227196
0#
0!
#176227204
1#
#176236500
1!
#176236796
0#
0!
#176236804
1#
#176246100
1!
#176246396
0#
0!
#176246404
1#
#176255700
1!
#176255996
0#
0!
#176256004
1#
#176265300
1!
#176265596
0#
0!
#176265604
1#
#176274900
1!
#176275196
0#
0!
#176275204
1#
#176284500
1!
#176284796
0#
0!
#176284804
1#
#176287996
b10010010001 $
#176294156
1!
#176294396
0#
0!
#176294404
1#
#176303756
1!
#176303996
0#
0!
#176304004
1#
#176313356
1!
#176313596
0#
0!
#176313604
1#
#176322956
1!
#176323196
0#
0!
#176323204
1#
#176332556
1!
#176332796
0#
0!
#176332804
1#
#176342156
1!
#176342396
0#
0!
#176342404
1#
#176351756
1!
#176351996
0#
0!
#176352004
1#
#176361356
1!
#176361596
0#
0!
#176361604
1#
#176370956
1!
#176371196
0#
0!
#176371204
1#
#176380556
1!
#176380796
0#
0!
#176380804
1#
#176383996
b10010110000 $
#176390396
0#
#176390404
1#
#176399996
0#
#176400004
1#
#176409596
0#
#176409604
1#
#176419196
0#
#176419204
1#
#176428796
0#
#176428804
1#
#176438396
0#
#176438404
1#
#176447996
0#
#176448004
b10010101001 %
1#
#176457548
1"
#176457596
0#
0"
#176457604
1#
#176467148
1"
#176467196
0#
0"
#176467204
1#
#176476748
1"
#176476796
0#
0"
#176476804
1#
#176486348
1"
#176486396
0#
0"
#176486404
1#
#176495948
1"
#176495996
0#
0"
#176496004
1#
#176505548
1"
#176505596
0#
0"
#176505604
1#
#176515148
1"
#176515196
0#
0"
#176515204
1#
#176524748
1"
#176524796
0#
0"
#176524804
1#
#176534348
1"
#176534396
0#
0"
#176534404
1#
#176543948
1"
#176543996
0#
0"
#176544004
b10010100010 %
1#
#176553492
1"
#176553596
0#
0"
#176553604
1#
#176563092
1"
#176563196
0#
0"
#176563204
1#
#176572692
1"
#176572796
0#
0"
#176572804
1#
#176582292
1"
#176582396
0#
0"
#176582404
1#
#176591892
1"
#176591996
0#
0"
#176592004
1#
#176601492
1"
#176601596
0#
0"
#176601604
1#
#176611092
1"
#176611196
0#
0"
#176611204
1#
#176620692
1"
#176620796
0#
0"
#176620804
1#
#176630292
1"
#176630396
0#
0"
#176630404
1#
#176639892
1"
#176639996
0#
0"
#176640004
b10010011011 %
1#
#176649436
1"
#176649596
0#
0"
#176649604
1#
#176659036
1"
#176659196
0#
0"
#176659204
1#
#176668636
1"
#176668796
0#
0"
#176668804
1#
#176678236
1"
#176678396
0#
0"
#176678404
1#
#176687836
1"
#176687996
0#
0"
#176688004
1#
#176697436
1"
#176697596
0#
0"
#176697604
1#
#176707036
1"
#176707196
0#
0"
#176707204
1#
#176716636
1"
#176716796
0#
0"
#176716804
1#
#176726236
1"
#176726396
0#
0"
#176726404
1#
#176735836
1"
#176735996
0#
0"
#176736004
b10010010100 %
1#
#176745380
1"
#176745596
0#
0"
#176745604
1#
#176754980
1"
#176755196
0#
0"
#176755204
1#
#176764580
1"
#176764796
0#
0"
#176764804
1#
#176774180
1"
#176774396
0#
0"
#176774404
1#
#176783780
1"
#176783996
0#
0"
#176784004
1#
#176793380
1"
#176793596
0#
0"
#176793604
1#
#176802980
1"
#176803196
0#
0"
#176803204
1#
#176812580
1"
#176812796
0#
0"
#176812804
1#
#176822180
1"
#176822396
0#
0"
#176822404
1#
#176831780
1"
#176831996
0#
0"
#176832004
b10010001101 %
1#
#176841324
1"
#176841596
0#
0"
#176841604
1#
#176850924
1"
#176851196
0#
0"
#176851204
1#
#176860524
1"
#176860796
0#
0"
#176860804
1#
#176870124
1"
#176870396
0#
0"
#176870404
1#
#176879724
1"
#176879996
0#
0"
#176880004
1#
#176889324
1"
#176889596
0#
0"
#176889604
1#
#176898924
1"
#176899196
0#
0"
#176899204
1#
#176908524
1"
#176908796
0#
0"
#176908804
1#
#176918124
1"
#176918396
0#
0"
#176918404
1#
#176927724
1"
#176927996
0#
0"
#176928004
b10010000110 %
1#
#176937268
1"
#176937596
0#
0"
#176937604
1#
#176946868
1"
#176947196
0#
0"
#176947204
1#
#176956468
1"
#176956796
0#
0"
#176956804
1#
#176966068
1"
#176966396
0#
0"
#176966404
1#
#176975668
1"
#176975996
0#
0"
#176976004
1#
#176985268
1"
#176985596
0#
0"
#176985604
1#
#176994868
1"
#176995196
0#
0"
#176995204
1#
#177004468
1"
#177004796
0#
0"
#177004804
1#
#177014068
1"
#177014396
0#
0"
#177014404
1#
#177023668
1"
#177023996
0#
0"
#177024004
b10001111111 %
1#
#177033212
1"
#177033596
0#
0"
#177033604
1#
#177042812
1"
#177043196
0#
0"
#177043204
1#
#177052412
1"
#177052796
0#
0"
#177052804
1#
#177062012
1"
#177062396
0#
0"
#177062404
1#
#177071612
1"
#177071996
0#
0"
#177072004
1#
#177081212
1"
#177081596
0#
0"
#177081604
1#
#177090812
1"
#177091196
0#
0"
#177091204
1#
#177100412
1"
#177100796
0#
0"
#177100804
1#
#177110012
1"
#177110396
0#
0"
#177110404
1#
#177119612
1"
#177119996
0#
0"
#177120004
b10001111000 %
1#
#177129156
1"
#177129596
0#
0"
#177129604
1#
#177138756
1"
#177139196
0#
0"
#177139204
1#
#177148356
1"
#177148796
0#
0"
#177148804
1#
#177157956
1"
#177158396
0#
0"
#177158404
1#
#177167556
1"
#177167996
0#
0"
#177168004
1#
#177177156
1"
#177177596
0#
0"
#177177604
1#
#177186756
1"
#177187196
0#
0"
#177187204
1#
#177196356
1"
#177196796
0#
0"
#177196804
1#
#177205956
1"
#177206396
0#
0"
#177206404
1#
#177215556
1"
#177215996
0#
0"
#177216004
b10001110001 %
1#
#177225100
1"
#177225596
0#
0"
#177225604
1#
#177234700
1"
#177235196
0#
0"
#177235204
1#
#177244300
1"
#177244796
0#
0"
#177244804
1#
#177253900
1"
#177254396
0#
0"
#177254404
1#
#177263500
1"
#177263996
0#
0"
#177264004
1#
#177273100
1"
#177273596
0#
0"
#177273604
1#
#177282700
1"
#177283196
0#
0"
#177283204
1#
#177292300
1"
#177292796
0#
0"
#177292804
1#
#177301900
1"
#177302396
0#
0"
#177302404
1#
#177311500
1"
#177311996
0#
0"
#177312004
b10001101010 %
1#
#177321044
1"
#177321596
0#
0"
#177321604
1#
#177330644
1"
#177331196
0#
0"
#177331204
1#
#177340244
1"
#177340796
0#
0"
#177340804
1#
#177349844
1"
#177350396
0#
0"
#177350404
1#
#177359444
1"
#177359996
0#
0"
#177360004
1#
#177369044
1"
#177369596
0#
0"
#177369604
1#
#177378644
1"
#177379196
0#
0"
#177379204
1#
#177388244
1"
#177388796
0#
0"
#177388804
1#
#177397844
1"
#177398396
0#
0"
#177398404
1#
#177407444
1"
#177407996
0#
0"
#177408004
b10001100011 %
1#
#177416988
1"
#177417596
0#
0"
#177417604
1#
#177426588
1"
#177427196
0#
0"
#177427204
1#
#177436188
1"
#177436796
0#
0"
#177436804
1#
#177445788
1"
#177446396
0#
0"
#177446404
1#
#177455388
1"
#177455996
0#
0"
#177456004
1#
#177464988
1"
#177465596
0#
0"
#177465604
1#
#177474588
1"
#177475196
0#
0"
#177475204
1#
#177484188
1"
#177484796
0#
0"
#177484804
1#
#177493788
1"
#177494396
0#
0"
#177494404
1#
#177503388
1"
#177503996
0#
0"
#177504004
b10001011100 %
1#
#177512932
1"
#177513596
0#
0"
#177513604
1#
#177522532
1"
#177523196
0#
0"
#177523204
1#
#177532132
1"
#177532796
0#
0"
#177532804
1#
#177541732
1"
#177542396
0#
0"
#177542404
1#
#177551332
1"
#177551996
0#
0"
#177552004
1#
#177560932
1"
#177561596
0#
0"
#177561604
1#
#177570532
1"
#177571196
0#
0"
#177571204
1#
#177580132
1"
#177580796
0#
0"
#177580804
1#
#177589732
1"
#177590396
0#
0"
#177590404
1#
#177599332
1"
#177599996
0#
0"
#177600004
b10001010101 %
1#
#177608876
1"
#177609596
0#
0"
#177609604
1#
#177618476
1"
#177619196
0#
0"
#177619204
1#
#177628076
1"
#177628796
0#
0"
#177628804
1#
#177637676
1"
#177638396
0#
0"
#177638404
1#
#177647276
1"
#177647996
0#
0"
#177648004
1#
#177656876
1"
#177657596
0#
0"
#177657604
1#
#177666476
1"
#177667196
0#
0"
#177667204
1#
#177676076
1"
#177676796
0#
0"
#177676804
1#
#177685676
1"
#177686396
0#
0"
#177686404
1#
#177695276
1"
#177695996
0#
0"
#177696004
b10001001110 %
1#
#177704820
1"
#177705596
0#
0"
#177705604
1#
#177714420
1"
#177715196
0#
0"
#177715204
1#
#177724020
1"
#177724796
0#
0"
#177724804
1#
#177733620
1"
#177734396
0#
0"
#177734404
1#
#177743220
1"
#177743996
0#
0"
#177744004
1#
#177752820
1"
#177753596
0#
0"
#177753604
1#
#177762420
1"
#177763196
0#
0"
#177763204
1#
#177772020
1"
#177772796
0#
0"
#177772804
1#
#177781620
1"
#177782396
0#
0"
#177782404
1#
#177791220
1"
#177791996
0#
0"
#177792004
b10001000111 %
1#
#177800764
1"
#177801596
0#
0"
#177801604
1#
#177810364
1"
#177811196
0#
0"
#177811204
1#
#177819964
1"
#177820796
0#
0"
#177820804
1#
#177829564
1"
#177830396
0#
0"
#177830404
1#
#177839164
1"
#177839996
0#
0"
#177840004
1#
#177848764
1"
#177849596
0#
0"
#177849604
1#
#177858364
1"
#177859196
0#
0"
#177859204
1#
#177867964
1"
#177868796
0#
0"
#177868804
1#
#177877564
1"
#177878396
0#
0"
#177878404
1#
#177887164
1"
#177887996
0#
0"
#177888004
b10001000000 %
1#
#177896708
1"
#177897596
0#
0"
#177897604
1#
#177906308
1"
#177907196
0#
0"
#177907204
1#
#177915908
1"
#177916796
0#
0"
#177916804
1#
#177925508
1"
#177926396
0#
0"
#177926404
1#
#177935108
1"
#177935996
0#
0"
#177936004
1#
#177944708
1"
#177945596
0#
0"
#177945604
1#
#177954308
1"
#177955196
0#
0"
#177955204
1#
#177963908
1"
#177964796
0#
0"
#177964804
1#
#177973508
1"
#177974396
0#
0"
#177974404
1#
#177983108
1"
#177983996
0#
0"
#177984004
b10000111001 %
1#
#177992652
1"
#177993596
0#
0"
#177993604
1#
#178002252
1"
#178003196
0#
0"
#178003204
1#
#178011852
1"
#178012796
0#
0"
#178012804
1#
#178021452
1"
#178022396
0#
0"
#178022404
1#
#178031052
1"
#178031996
0#
0"
#178032004
1#
#178040652
1"
#178041596
0#
0"
#178041604
1#
#178050252
1"
#178051196
0#
0"
#178051204
1#
#178059852
1"
#178060796
0#
0"
#178060804
1#
#178069452
1"
#178070396
0#
0"
#178070404
1#
#178079052
1"
#178079996
0#
0"
#178080004
b10000110010 %
1#
#178088596
1"
#178089596
0#
0"
#178089604
1#
#178098196
1"
#178099196
0#
0"
#178099204
1#
#178107796
1"
#178108796
0#
0"
#178108804
1#
#178117396
1"
#178118396
0#
0"
#178118404
1#
#178126996
1"
#178127996
0#
0"
#178128004
1#
#178136596
1"
#178137596
0#
0"
#178137604
1#
#178146196
1"
#178147196
0#
0"
#178147204
1#
#178155796
1"
#178156796
0#
0"
#178156804
1#
#178165396
1"
#178166396
0#
0"
#178166404
1#
#178174996
1"
#178175996
0#
0"
#178176004
b10000101011 %
1#
#178184540
1"
#178185596
0#
0"
#178185604
1#
#178194140
1"
#178195196
0#
0"
#178195204
1#
#178203740
1"
#178204796
0#
0"
#178204804
1#
#178213340
1"
#178214396
0#
0"
#178214404
1#
#178222940
1"
#178223996
0#
0"
#178224004
1#
#178232540
1"
#178233596
0#
0"
#178233604
1#
#178242140
1"
#178243196
0#
0"
#178243204
1#
#178251740
1"
#178252796
0#
0"
#178252804
1#
#178261340
1"
#178262396
0#
0"
#178262404
1#
#178270940
1"
#178271996
0#
0"
#178272004
b10000100100 %
1#
#178280484
1"
#178281596
0#
0"
#178281604
1#
#178290084
1"
#178291196
0#
0"
#178291204
1#
#178299684
1"
#178300796
0#
0"
#178300804
1#
#178309284
1"
#178310396
0#
0"
#178310404
1#
#178318884
1"
#178319996
0#
0"
#178320004
1#
#178328484
1"
#178329596
0#
0"
#178329604
1#
#178338084
1"
#178339196
0#
0"
#178339204
1#
#178347684
1"
#178348796
0#
0"
#178348804
1#
#178357284
1"
#178358396
0#
0"
#178358404
1#
#178366884
1"
#178367996
0#
0"
#178368004
b10000011101 %
1#
#178376428
1"
#178377596
0#
0"
#178377604
1#
#178386028
1"
#178387196
0#
0"
#178387204
1#
#178395628
1"
#178396796
0#
0"
#178396804
1#
#178405228
1"
#178406396
0#
0"
#178406404
1#
#178414828
1"
#178415996
0#
0"
#178416004
1#
#178424428
1"
#178425596
0#
0"
#178425604
1#
#178434028
1"
#178435196
0#
0"
#178435204
1#
#178443628
1"
#178444796
0#
0"
#178444804
1#
#178453228
1"
#178454396
0#
0"
#178454404
1#
#178462828
1"
#178463996
0#
0"
#178464004
b10000010110 %
1#
#178472372
1"
#178473596
0#
0"
#178473604
1#
#178481972
1"
#178483196
0#
0"
#178483204
1#
#178491572
1"
#178492796
0#
0"
#178492804
1#
#178501172
1"
#178502396
0#
0"
#178502404
1#
#178510772
1"
#178511996
0#
0"
#178512004
1#
#178520372
1"
#178521596
0#
0"
#178521604
1#
#178529972
1"
#178531196
0#
0"
#178531204
1#
#178539572
1"
#178540796
0#
0"
#178540804
1#
#178549172
1"
#178550396
0#
0"
#178550404
1#
#178558772
1"
#178559996
0#
0"
#178560004
b10000001111 %
1#
#178568316
1"
#178569596
0#
0"
#178569604
1#
#178577916
1"
#178579196
0#
0"
#178579204
1#
#178587516
1"
#178588796
0#
0"
#178588804
1#
#178597116
1"
#178598396
0#
0"
#178598404
1#
#178606716
1"
#178607996
0#
0"
#178608004
1#
#178616316
1"
#178617596
0#
0"
#178617604
1#
#178625916
1"
#178627196
0#
0"
#178627204
1#
#178635516
1"
#178636796
0#
0"
#178636804
1#
#178645116
1"
#178646396
0#
0"
#178646404
1#
#178654716
1"
#178655996
0#
0"
#178656004
b10000001000 %
1#
#178664260
1"
#178665596
0#
0"
#178665604
1#
#178673860
1"
#178675196
0#
0"
#178675204
1#
#178683460
1"
#178684796
0#
0"
#178684804
1#
#178693060
1"
#178694396
0#
0"
#178694404
1#
#178702660
1"
#178703996
0#
0"
#178704004
1#
#178712260
1"
#178713596
0#
0"
#178713604
1#
#178721860
1"
#178723196
0#
0"
#178723204
1#
#178731460
1"
#178732796
0#
0"
#178732804
1#
#178741060
1"
#178742396
0#
0"
#178742404
1#
#178750660
1"
#178751996
0#
0"
#178752004
b10000000001 %
1#
#178760204
1"
#178761596
0#
0"
#178761604
1#
#178769804
1"
#178771196
0#
0"
#178771204
1#
#178779404
1"
#178780796
0#
0"
#178780804
1#
#178789004
1"
#178790396
0#
0"
#178790404
1#
#178798604
1"
#178799996
0#
0"
#178800004
1#
#178808204
1"
#178809596
0#
0"
#178809604
1#
#178817804
1"
#178819196
0#
0"
#178819204
1#
#178827404
1"
#178828796
0#
0"
#178828804
1#
#178837004
1"
#178838396
0#
0"
#178838404
1#
#178846604
1"
#178847996
0#
0"
#178848004
b1111111010 %
1#
#178856148
1"
#178857596
0#
0"
#178857604
1#
#178865748
1"
#178867196
0#
0"
#178867204
1#
#178875348
1"
#178876796
0#
0"
#178876804
1#
#178884948
1"
#178886396
0#
0"
#178886404
1#
#178894548
1"
#178895996
0#
0"
#178896004
1#
#178904148
1"
#178905596
0#
0"
#178905604
1#
#178913748
1"
#178915196
0#
0"
#178915204
1#
#178923348
1"
#178924796
0#
0"
#178924804
1#
#178932948
1"
#178934396
0#
0"
#178934404
1#
#178942548
1"
#178943996
0#
0"
#178944004
b1111110011 %
1#
#178952092
1"
#178953596
0#
0"
#178953604
1#
#178961692
1"
#178963196
0#
0"
#178963204
1#
#178971292
1"
#178972796
0#
0"
#178972804
1#
#178980892
1"
#178982396
0#
0"
#178982404
1#
#178990492
1"
#178991996
0#
0"
#178992004
1#
#179000092
1"
#179001596
0#
0"
#179001604
1#
#179009692
1"
#179011196
0#
0"
#179011204
1#
#179019292
1"
#179020796
0#
0"
#179020804
1#
#179028892
1"
#179030396
0#
0"
#179030404
1#
#179038492
1"
#179039996
0#
0"
#179040004
b1111101100 %
1#
#179048036
1"
#179049596
0#
0"
#179049604
1#
#179057636
1"
#179059196
0#
0"
#179059204
1#
#179067236
1"
#179068796
0#
0"
#179068804
1#
#179076836
1"
#179078396
0#
0"
#179078404
1#
#179086436
1"
#179087996
0#
0"
#179088004
1#
#179096036
1"
#179097596
0#
0"
#179097604
1#
#179105636
1"
#179107196
0#
0"
#179107204
1#
#179115236
1"
#179116796
0#
0"
#179116804
1#
#179124836
1"
#179126396
0#
0"
#179126404
1#
#179134436
1"
#179135996
0#
0"
#179136004
b1111100101 %
1#
#179143980
1"
#179145596
0#
0"
#179145604
1#
#179153580
1"
#179155196
0#
0"
#179155204
1#
#179163180
1"
#179164796
0#
0"
#179164804
1#
#179172780
1"
#179174396
0#
0"
#179174404
1#
#179182380
1"
#179183996
0#
0"
#179184004
1#
#179191980
1"
#179193596
0#
0"
#179193604
1#
#179201580
1"
#179203196
0#
0"
#179203204
1#
#179211180
1"
#179212796
0#
0"
#179212804
1#
#179220780
1"
#179222396
0#
0"
#179222404
1#
#179230380
1"
#179231996
0#
0"
#179232004
b1111011110 %
1#
#179239924
1"
#179241596
0#
0"
#179241604
1#
#179249524
1"
#179251196
0#
0"
#179251204
1#
#179259124
1"
#179260796
0#
0"
#179260804
1#
#179268724
1"
#179270396
0#
0"
#179270404
1#
#179278324
1"
#179279996
0#
0"
#179280004
1#
#179287924
1"
#179289596
0#
0"
#179289604
1#
#179297524
1"
#179299196
0#
0"
#179299204
1#
#179307124
1"
#179308796
0#
0"
#179308804
1#
#179316724
1"
#179318396
0#
0"
#179318404
1#
#179326324
1"
#179327996
0#
0"
#179328004
b1111010111 %
1#
#179335868
1"
#179337596
0#
0"
#179337604
1#
#179345468
1"
#179347196
0#
0"
#179347204
1#
#179355068
1"
#179356796
0#
0"
#179356804
1#
#179364668
1"
#179366396
0#
0"
#179366404
1#
#179374268
1"
#179375996
0#
0"
#179376004
1#
#179383868
1"
#179385596
0#
0"
#179385604
1#
#179393468
1"
#179395196
0#
0"
#179395204
1#
#179403068
1"
#179404796
0#
0"
#179404804
1#
#179412668
1"
#179414396
0#
0"
#179414404
1#
#179422268
1"
#179423996
0#
0"
#179424004
b1111010000 %
1#
#179431812
1"
#179433596
0#
0"
#179433604
1#
#179441412
1"
#179443196
0#
0"
#179443204
1#
#179451012
1"
#179452796
0#
0"
#179452804
1#
#179460612
1"
#179462396
0#
0"
#179462404
1#
#179470212
1"
#179471996
0#
0"
#179472004
1#
#179479812
1"
#179481596
0#
0"
#179481604
1#
#179489412
1"
#179491196
0#
0"
#179491204
1#
#179499012
1"
#179500796
0#
0"
#179500804
1#
#179508612
1"
#179510396
0#
0"
#179510404
1#
#179518212
1"
#179519996
0#
0"
#179520004
b1111001001 %
1#
#179527756
1"
#179529596
0#
0"
#179529604
1#
#179537356
1"
#179539196
0#
0"
#179539204
1#
#179546956
1"
#179548796
0#
0"
#179548804
1#
#179556556
1"
#179558396
0#
0"
#179558404
1#
#179566156
1"
#179567996
0#
0"
#179568004
1#
#179575756
1"
#179577596
0#
0"
#179577604
1#
#179585356
1"
#179587196
0#
0"
#179587204
1#
#179594956
1"
#179596796
0#
0"
#179596804
1#
#179604556
1"
#179606396
0#
0"
#179606404
1#
#179614156
1"
#179615996
0#
0"
#179616004
b1111000010 %
1#
#179623700
1"
#179625596
0#
0"
#179625604
1#
#179633300
1"
#179635196
0#
0"
#179635204
1#
#179642900
1"
#179644796
0#
0"
#179644804
1#
#179652500
1"
#179654396
0#
0"
#179654404
1#
#179662100
1"
#179663996
0#
0"
#179664004
1#
#179671700
1"
#179673596
0#
0"
#179673604
1#
#179681300
1"
#179683196
0#
0"
#179683204
1#
#179690900
1"
#179692796
0#
0"
#179692804
1#
#179700500
1"
#179702396
0#
0"
#179702404
1#
#179710100
1"
#179711996
0#
0"
#179712004
b1110111011 %
1#
#179719644
1"
#179721596
0#
0"
#179721604
1#
#179729244
1"
#179731196
0#
0"
#179731204
1#
#179738844
1"
#179740796
0#
0"
#179740804
1#
#179748444
1"
#179750396
0#
0"
#179750404
1#
#179758044
1"
#179759996
0#
0"
#179760004
1#
#179767644
1"
#179769596
0#
0"
#179769604
1#
#179777244
1"
#179779196
0#
0"
#179779204
1#
#179786844
1"
#179788796
0#
0"
#179788804
1#
#179796444
1"
#179798396
0#
0"
#179798404
1#
#179806044
1"
#179807996
0#
0"
#179808004
b1110110100 %
1#
#179815588
1"
#179817596
0#
0"
#179817604
1#
#179825188
1"
#179827196
0#
0"
#179827204
1#
#179834788
1"
#179836796
0#
0"
#179836804
1#
#179844388
1"
#179846396
0#
0"
#179846404
1#
#179853988
1"
#179855996
0#
0"
#179856004
1#
#179863588
1"
#179865596
0#
0"
#179865604
1#
#179873188
1"
#179875196
0#
0"
#179875204
1#
#179882788
1"
#179884796
0#
0"
#179884804
1#
#179892388
1"
#179894396
0#
0"
#179894404
1#
#179901988
1"
#179903996
0#
0"
#179904004
b1110101101 %
1#
#179911532
1"
#179913596
0#
0"
#179913604
1#
#179921132
1"
#179923196
0#
0"
#179923204
1#
#179930732
1"
#179932796
0#
0"
#179932804
1#
#179940332
1"
#179942396
0#
0"
#179942404
1#
#179949932
1"
#179951996
0#
0"
#179952004
1#
#179959532
1"
#179961596
0#
0"
#179961604
1#
#179969132
1"
#179971196
0#
0"
#179971204
1#
#179978732
1"
#179980796
0#
0"
#179980804
1#
#179988332
1"
#179990396
0#
0"
#179990404
1#
#179997932
1"
#179999996
0#
0"
#180000004
b1110100110 %
1#
#180007476
1"
#180009596
0#
0"
#180009604
1#
#180017076
1"
#180019196
0#
0"
#180019204
1#
#180026676
1"
#180028796
0#
0"
#180028804
1#
#180036276
1"
#180038396
0#
0"
#180038404
1#
#180045876
1"
#180047996
0#
0"
#180048004
1#
#180055476
1"
#180057596
0#
0"
#180057604
1#
#180065076
1"
#180067196
0#
0"
#180067204
1#
#180074676
1"
#180076796
0#
0"
#180076804
1#
#180084276
1"
#180086396
0#
0"
#180086404
1#
#180093876
1"
#180095996
0#
0"
#180096004
b1110011111 %
1#
#180103420
1"
#180105596
0#
0"
#180105604
1#
#180113020
1"
#180115196
0#
0"
#180115204
1#
#180122620
1"
#180124796
0#
0"
#180124804
1#
#180132220
1"
#180134396
0#
0"
#180134404
1#
#180141820
1"
#180143996
0#
0"
#180144004
1#
#180151420
1"
#180153596
0#
0"
#180153604
1#
#180161020
1"
#180163196
0#
0"
#180163204
1#
#180170620
1"
#180172796
0#
0"
#180172804
1#
#180180220
1"
#180182396
0#
0"
#180182404
1#
#180189820
1"
#180191996
0#
0"
#180192004
b1110011000 %
1#
#180199364
1"
#180201596
0#
0"
#180201604
1#
#180208964
1"
#180211196
0#
0"
#180211204
1#
#180218564
1"
#180220796
0#
0"
#180220804
1#
#180228164
1"
#180230396
0#
0"
#180230404
1#
#180237764
1"
#180239996
0#
0"
#180240004
1#
#180247364
1"
#180249596
0#
0"
#180249604
1#
#180256964
1"
#180259196
0#
0"
#180259204
1#
#180266564
1"
#180268796
0#
0"
#180268804
1#
#180276164
1"
#180278396
0#
0"
#180278404
1#
#180285764
1"
#180287996
0#
0"
#180288004
b1110010001 %
1#
#180295308
1"
#180297596
0#
0"
#180297604
1#
#180304908
1"
#180307196
0#
0"
#180307204
1#
#180314508
1"
#180316796
0#
0"
#180316804
1#
#180324108
1"
#180326396
0#
0"
#180326404
1#
#180333708
1"
#180335996
0#
0"
#180336004
1#
#180343308
1"
#180345596
0#
0"
#180345604
1#
#180352908
1"
#180355196
0#
0"
#180355204
1#
#180362508
1"
#180364796
0#
0"
#180364804
1#
#180372108
1"
#180374396
0#
0"
#180374404
1#
#180381708
1"
#180383996
0#
0"
#180384004
b1110001010 %
1#
#180391252
1"
#180393596
0#
0"
#180393604
1#
#180400852
1"
#180403196
0#
0"
#180403204
1#
#180410452
1"
#180412796
0#
0"
#180412804
1#
#180420052
1"
#180422396
0#
0"
#180422404
1#
#180429652
1"
#180431996
0#
0"
#180432004
1#
#180439252
1"
#180441596
0#
0"
#180441604
1#
#180448852
1"
#180451196
0#
0"
#180451204
1#
#180458452
1"
#180460796
0#
0"
#180460804
1#
#180468052
1"
#180470396
0#
0"
#180470404
1#
#180477652
1"
#180479996
0#
0"
#180480004
b1110000011 %
1#
#180487196
1"
#180489596
0#
0"
#180489604
1#
#180496796
1"
#180499196
0#
0"
#180499204
1#
#180506396
1"
#180508796
0#
0"
#180508804
1#
#180515996
1"
#180518396
0#
0"
#180518404
1#
#180525596
1"
#180527996
0#
0"
#180528004
1#
#180535196
1"
#180537596
0#
0"
#180537604
1#
#180544796
1"
#180547196
0#
0"
#180547204
1#
#180554396
1"
#180556796
0#
0"
#180556804
1#
#180563996
1"
#180566396
0#
0"
#180566404
1#
#180573596
1"
#180575996
0#
0"
#180576004
b1101111100 %
1#
#180583140
1"
#180585596
0#
0"
#180585604
1#
#180592740
1"
#180595196
0#
0"
#180595204
1#
#180602340
1"
#180604796
0#
0"
#180604804
1#
#180611940
1"
#180614396
0#
0"
#180614404
1#
#180621540
1"
#180623996
0#
0"
#180624004
1#
#180631140
1"
#180633596
0#
0"
#180633604
1#
#180640740
1"
#180643196
0#
0"
#180643204
1#
#180650340
1"
#180652796
0#
0"
#180652804
1#
#180659940
1"
#180662396
0#
0"
#180662404
1#
#180669540
1"
#180671996
0#
0"
#180672004
b1101110101 %
1#
#180679084
1"
#180681596
0#
0"
#180681604
1#
#180688684
1"
#180691196
0#
0"
#180691204
1#
#180698284
1"
#180700796
0#
0"
#180700804
1#
#180707884
1"
#180710396
0#
0"
#180710404
1#
#180717484
1"
#180719996
0#
0"
#180720004
1#
#180727084
1"
#180729596
0#
0"
#180729604
1#
#180736684
1"
#180739196
0#
0"
#180739204
1#
#180746284
1"
#180748796
0#
0"
#180748804
1#
#180755884
1"
#180758396
0#
0"
#180758404
1#
#180765484
1"
#180767996
0#
0"
#180768004
b1101101110 %
1#
#180775028
1"
#180777596
0#
0"
#180777604
1#
#180784628
1"
#180787196
0#
0"
#180787204
1#
#180794228
1"
#180796796
0#
0"
#180796804
1#
#180803828
1"
#180806396
0#
0"
#180806404
1#
#180813428
1"
#180815996
0#
0"
#180816004
1#
#180823028
1"
#180825596
0#
0"
#180825604
1#
#180832628
1"
#180835196
0#
0"
#180835204
1#
#180842228
1"
#180844796
0#
0"
#180844804
1#
#180851828
1"
#180854396
0#
0"
#180854404
1#
#180861428
1"
#180863996
0#
0"
#180864004
b1101100111 %
1#
#180870972
1"
#180873596
0#
0"
#180873604
1#
#180880572
1"
#180883196
0#
0"
#180883204
1#
#180890172
1"
#180892796
0#
0"
#180892804
1#
#180899772
1"
#180902396
0#
0"
#180902404
1#
#180909372
1"
#180911996
0#
0"
#180912004
1#
#180918972
1"
#180921596
0#
0"
#180921604
1#
#180928572
1"
#180931196
0#
0"
#180931204
1#
#180938172
1"
#180940796
0#
0"
#180940804
1#
#180947772
1"
#180950396
0#
0"
#180950404
1#
#180957372
1"
#180959996
0#
0"
#180960004
b1101100000 %
1#
#180966916
1"
#180969596
0#
0"
#180969604
1#
#180976516
1"
#180979196
0#
0"
#180979204
1#
#180986116
1"
#180988796
0#
0"
#180988804
1#
#180995716
1"
#180998396
0#
0"
#180998404
1#
#181005316
1"
#181007996
0#
0"
#181008004
1#
#181014916
1"
#181017596
0#
0"
#181017604
1#
#181024516
1"
#181027196
0#
0"
#181027204
1#
#181034116
1"
#181036796
0#
0"
#181036804
1#
#181043716
1"
#181046396
0#
0"
#181046404
1#
#181053316
1"
#181055996
0#
0"
#181056004
b1101011001 %
1#
#181062860
1"
#181065596
0#
0"
#181065604
1#
#181072460
1"
#181075196
0#
0"
#181075204
1#
#181082060
1"
#181084796
0#
0"
#181084804
1#
#181091660
1"
#181094396
0#
0"
#181094404
1#
#181101260
1"
#181103996
0#
0"
#181104004
1#
#181110860
1"
#181113596
0#
0"
#181113604
1#
#181120460
1"
#181123196
0#
0"
#181123204
1#
#181130060
1"
#181132796
0#
0"
#181132804
1#
#181139660
1"
#181142396
0#
0"
#181142404
1#
#181149260
1"
#181151996
0#
0"
#181152004
b1101010010 %
1#
#181158804
1"
#181161596
0#
0"
#181161604
1#
#181168404
1"
#181171196
0#
0"
#181171204
1#
#181178004
1"
#181180796
0#
0"
#181180804
1#
#181187604
1"
#181190396
0#
0"
#181190404
1#
#181197204
1"
#181199996
0#
0"
#181200004
1#
#181206804
1"
#181209596
0#
0"
#181209604
1#
#181216404
1"
#181219196
0#
0"
#181219204
1#
#181226004
1"
#181228796
0#
0"
#181228804
1#
#181235604
1"
#181238396
0#
0"
#181238404
1#
#181245204
1"
#181247996
0#
0"
#181248004
b1101001011 %
1#
#181254748
1"
#181257596
0#
0"
#181257604
1#
#181264348
1"
#181267196
0#
0"
#181267204
1#
#181273948
1"
#181276796
0#
0"
#181276804
1#
#181283548
1"
#181286396
0#
0"
#181286404
1#
#181293148
1"
#181295996
0#
0"
#181296004
1#
#181302748
1"
#181305596
0#
0"
#181305604
1#
#181312348
1"
#181315196
0#
0"
#181315204
1#
#181321948
1"
#181324796
0#
0"
#181324804
1#
#181331548
1"
#181334396
0#
0"
#181334404
1#
#181341148
1"
#181343996
0#
0"
#181344004
b1101000100 %
1#
#181350692
1"
#181353596
0#
0"
#181353604
1#
#181360292
1"
#181363196
0#
0"
#181363204
1#
#181369892
1"
#181372796
0#
0"
#181372804
1#
#181379492
1"
#181382396
0#
0"
#181382404
1#
#181389092
1"
#181391996
0#
0"
#181392004
1#
#181398692
1"
#181401596
0#
0"
#181401604
1#
#181408292
1"
#181411196
0#
0"
#181411204
1#
#181417892
1"
#181420796
0#
0"
#181420804
1#
#181427492
1"
#181430396
0#
0"
#181430404
1#
#181437092
1"
#181439996
0#
0"
#181440004
b1100111101 %
1#
#181446636
1"
#181449596
0#
0"
#181449604
1#
#181456236
1"
#181459196
0#
0"
#181459204
1#
#181465836
1"
#181468796
0#
0"
#181468804
1#
#181475436
1"
#181478396
0#
0"
#181478404
1#
#181485036
1"
#181487996
0#
0"
#181488004
1#
#181494636
1"
#181497596
0#
0"
#181497604
1#
#181504236
1"
#181507196
0#
0"
#181507204
1#
#181513836
1"
#181516796
0#
0"
#181516804
1#
#181523436
1"
#181526396
0#
0"
#181526404
1#
#181533036
1"
#181535996
0#
0"
#181536004
b1100110110 %
1#
#181542580
1"
#181545596
0#
0"
#181545604
1#
#181552180
1"
#181555196
0#
0"
#181555204
1#
#181561780
1"
#181564796
0#
0"
#181564804
1#
#181571380
1"
#181574396
0#
0"
#181574404
1#
#181580980
1"
#181583996
0#
0"
#181584004
1#
#181590580
1"
#181593596
0#
0"
#181593604
1#
#181600180
1"
#181603196
0#
0"
#181603204
1#
#181609780
1"
#181612796
0#
0"
#181612804
1#
#181619380
1"
#181622396
0#
0"
#181622404
1#
#181628980
1"
#181631996
0#
0"
#181632004
b1100101111 %
1#
#181638524
1"
#181641596
0#
0"
#181641604
1#
#181648124
1"
#181651196
0#
0"
#181651204
1#
#181657724
1"
#181660796
0#
0"
#181660804
1#
#181667324
1"
#181670396
0#
0"
#181670404
1#
#181676924
1"
#181679996
0#
0"
#181680004
1#
#181686524
1"
#181689596
0#
0"
#181689604
1#
#181696124
1"
#181699196
0#
0"
#181699204
1#
#181705724
1"
#181708796
0#
0"
#181708804
1#
#181715324
1"
#181718396
0#
0"
#181718404
1#
#181724924
1"
#181727996
0#
0"
#181728004
b1100101000 %
1#
#181734468
1"
#181737596
0#
0"
#181737604
1#
#181744068
1"
#181747196
0#
0"
#181747204
1#
#181753668
1"
#181756796
0#
0"
#181756804
1#
#181763268
1"
#181766396
0#
0"
#181766404
1#
#181772868
1"
#181775996
0#
0"
#181776004
1#
#181782468
1"
#181785596
0#
0"
#181785604
1#
#181792068
1"
#181795196
0#
0"
#181795204
1#
#181801668
1"
#181804796
0#
0"
#181804804
1#
#181811268
1"
#181814396
0#
0"
#181814404
1#
#181820868
1"
#181823996
0#
0"
#181824004
b1100100001 %
1#
#181830412
1"
#181833596
0#
0"
#181833604
1#
#181840012
1"
#181843196
0#
0"
#181843204
1#
#181849612
1"
#181852796
0#
0"
#181852804
1#
#181859212
1"
#181862396
0#
0"
#181862404
1#
#181868812
1"
#181871996
0#
0"
#181872004
1#
#181878412
1"
#181881596
0#
0"
#181881604
1#
#181888012
1"
#181891196
0#
0"
#181891204
1#
#181897612
1"
#181900796
0#
0"
#181900804
1#
#181907212
1"
#181910396
0#
0"
#181910404
1#
#181916812
1"
#181919996
0#
0"
#181920004
b1100011010 %
1#
#181926356
1"
#181929596
0#
0"
#181929604
1#
#181935956
1"
#181939196
0#
0"
#181939204
1#
#181945556
1"
#181948796
0#
0"
#181948804
1#
#181955156
1"
#181958396
0#
0"
#181958404
1#
#181964756
1"
#181967996
0#
0"
#181968004
1#
#181974356
1"
#181977596
0#
0"
#181977604
1#
#181983956
1"
#181987196
0#
0"
#181987204
1#
#181993556
1"
#181996796
0#
0"
#181996804
1#
#182003156
1"
#182006396
0#
0"
#182006404
1#
#182012756
1"
#182015996
0#
0"
#182016004
b1100010011 %
1#
#182022300
1"
#182025596
0#
0"
#182025604
1#
#182031900
1"
#182035196
0#
0"
#182035204
1#
#182041500
1"
#182044796
0#
0"
#182044804
1#
#182051100
1"
#182054396
0#
0"
#182054404
1#
#182060700
1"
#182063996
0#
0"
#182064004
1#
#182070300
1"
#182073596
0#
0"
#182073604
1#
#182079900
1"
#182083196
0#
0"
#182083204
1#
#182089500
1"
#182092796
0#
0"
#182092804
1#
#182099100
1"
#182102396
0#
0"
#182102404
1#
#182108700
1"
#182111996
0#
0"
#182112004
b1100001100 %
1#
#182118244
1"
#182121596
0#
0"
#182121604
1#
#182127844
1"
#182131196
0#
0"
#182131204
1#
#182137444
1"
#182140796
0#
0"
#182140804
1#
#182147044
1"
#182150396
0#
0"
#182150404
1#
#182156644
1"
#182159996
0#
0"
#182160004
1#
#182166244
1"
#182169596
0#
0"
#182169604
1#
#182175844
1"
#182179196
0#
0"
#182179204
1#
#182185444
1"
#182188796
0#
0"
#182188804
1#
#182195044
1"
#182198396
0#
0"
#182198404
1#
#182204644
1"
#182207996
0#
0"
#182208004
b1100000101 %
1#
#182214188
1"
#182217596
0#
0"
#182217604
1#
#182223788
1"
#182227196
0#
0"
#182227204
1#
#182233388
1"
#182236796
0#
0"
#182236804
1#
#182242988
1"
#182246396
0#
0"
#182246404
1#
#182252588
1"
#182255996
0#
0"
#182256004
1#
#182262188
1"
#182265596
0#
0"
#182265604
1#
#182271788
1"
#182275196
0#
0"
#182275204
1#
#182281388
1"
#182284796
0#
0"
#182284804
1#
#182290988
1"
#182294396
0#
0"
#182294404
1#
#182300588
1"
#182303996
0#
0"
#182304004
b1011111110 %
1#
#182310132
1"
#182313596
0#
0"
#182313604
1#
#182319732
1"
#182323196
0#
0"
#182323204
1#
#182329332
1"
#182332796
0#
0"
#182332804
1#
#182338932
1"
#182342396
0#
0"
#182342404
1#
#182348532
1"
#182351996
0#
0"
#182352004
1#
#182358132
1"
#182361596
0#
0"
#182361604
1#
#182367732
1"
#182371196
0#
0"
#182371204
1#
#182377332
1"
#182380796
0#
0"
#182380804
1#
#182386932
1"
#182390396
0#
0"
#182390404
1#
#182396532
1"
#182399996
0#
0"
#182400004
b1011110111 %
1#
#182406076
1"
#182409596
0#
0"
#182409604
1#
#182415676
1"
#182419196
0#
0"
#182419204
1#
#182425276
1"
#182428796
0#
0"
#182428804
1#
#182434876
1"
#182438396
0#
0"
#182438404
1#
#182444476
1"
#182447996
0#
0"
#182448004
1#
#182454076
1"
#182457596
0#
0"
#182457604
1#
#182463676
1"
#182467196
0#
0"
#182467204
1#
#182473276
1"
#182476796
0#
0"
#182476804
1#
#182482876
1"
#182486396
0#
0"
#182486404
1#
#182492476
1"
#182495996
0#
0"
#182496004
b1011110000 %
1#
#182502020
1"
#182505596
0#
0"
#182505604
1#
#182511620
1"
#182515196
0#
0"
#182515204
1#
#182521220
1"
#182524796
0#
0"
#182524804
1#
#182530820
1"
#182534396
0#
0"
#182534404
1#
#182540420
1"
#182543996
0#
0"
#182544004
1#
#182550020
1"
#182553596
0#
0"
#182553604
1#
#182559620
1"
#182563196
0#
0"
#182563204
1#
#182569220
1"
#182572796
0#
0"
#182572804
1#
#182578820
1"
#182582396
0#
0"
#182582404
1#
#182588420
1"
#182591996
0#
0"
#182592004
b1011101001 %
1#
#182597964
1"
#182601596
0#
0"
#182601604
1#
#182607564
1"
#182611196
0#
0"
#182611204
1#
#182617164
1"
#182620796
0#
0"
#182620804
1#
#182626764
1"
#182630396
0#
0"
#182630404
1#
#182636364
1"
#182639996
0#
0"
#182640004
1#
#182645964
1"
#182649596
0#
0"
#182649604
1#
#182655564
1"
#182659196
0#
0"
#182659204
1#
#182665164
1"
#182668796
0#
0"
#182668804
1#
#182674764
1"
#182678396
0#
0"
#182678404
1#
#182684364
1"
#182687996
0#
0"
#182688004
b1011100010 %
1#
#182693908
1"
#182697596
0#
0"
#182697604
1#
#182703508
1"
#182707196
0#
0"
#182707204
1#
#182713108
1"
#182716796
0#
0"
#182716804
1#
#182722708
1"
#182726396
0#
0"
#182726404
1#
#182732308
1"
#182735996
0#
0"
#182736004
1#
#182741908
1"
#182745596
0#
0"
#182745604
1#
#182751508
1"
#182755196
0#
0"
#182755204
1#
#182761108
1"
#182764796
0#
0"
#182764804
1#
#182770708
1"
#182774396
0#
0"
#182774404
1#
#182780308
1"
#182783996
0#
0"
#182784004
b1011011011 %
1#
#182789852
1"
#182793596
0#
0"
#182793604
1#
#182799452
1"
#182803196
0#
0"
#182803204
1#
#182809052
1"
#182812796
0#
0"
#182812804
1#
#182818652
1"
#182822396
0#
0"
#182822404
1#
#182828252
1"
#182831996
0#
0"
#182832004
1#
#182837852
1"
#182841596
0#
0"
#182841604
1#
#182847452
1"
#182851196
0#
0"
#182851204
1#
#182857052
1"
#182860796
0#
0"
#182860804
1#
#182866652
1"
#182870396
0#
0"
#182870404
1#
#182876252
1"
#182879996
0#
0"
#182880004
b1011010100 %
1#
#182885796
1"
#182889596
0#
0"
#182889604
1#
#182895396
1"
#182899196
0#
0"
#182899204
1#
#182904996
1"
#182908796
0#
0"
#182908804
1#
#182914596
1"
#182918396
0#
0"
#182918404
1#
#182924196
1"
#182927996
0#
0"
#182928004
1#
#182933796
1"
#182937596
0#
0"
#182937604
1#
#182943396
1"
#182947196
0#
0"
#182947204
1#
#182952996
1"
#182956796
0#
0"
#182956804
1#
#182962596
1"
#182966396
0#
0"
#182966404
1#
#182972196
1"
#182975996
0#
0"
#182976004
b1011001101 %
1#
#182981740
1"
#182985596
0#
0"
#182985604
1#
#182991340
1"
#182995196
0#
0"
#182995204
1#
#183000940
1"
#183004796
0#
0"
#183004804
1#
#183010540
1"
#183014396
0#
0"
#183014404
1#
#183020140
1"
#183023996
0#
0"
#183024004
1#
#183029740
1"
#183033596
0#
0"
#183033604
1#
#183039340
1"
#183043196
0#
0"
#183043204
1#
#183048940
1"
#183052796
0#
0"
#183052804
1#
#183058540
1"
#183062396
0#
0"
#183062404
1#
#183068140
1"
#183071996
0#
0"
#183072004
b1011000110 %
1#
#183077684
1"
#183081596
0#
0"
#183081604
1#
#183087284
1"
#183091196
0#
0"
#183091204
1#
#183096884
1"
#183100796
0#
0"
#183100804
1#
#183106484
1"
#183110396
0#
0"
#183110404
1#
#183116084
1"
#183119996
0#
0"
#183120004
1#
#183125684
1"
#183129596
0#
0"
#183129604
1#
#183135284
1"
#183139196
0#
0"
#183139204
1#
#183144884
1"
#183148796
0#
0"
#183148804
1#
#183154484
1"
#183158396
0#
0"
#183158404
1#
#183164084
1"
#183167996
0#
0"
#183168004
b1010111111 %
1#
#183173628
1"
#183177596
0#
0"
#183177604
1#
#183183228
1"
#183187196
0#
0"
#183187204
1#
#183192828
1"
#183196796
0#
0"
#183196804
1#
#183202428
1"
#183206396
0#
0"
#183206404
1#
#183212028
1"
#183215996
0#
0"
#183216004
1#
#183221628
1"
#183225596
0#
0"
#183225604
1#
#183231228
1"
#183235196
0#
0"
#183235204
1#
#183240828
1"
#183244796
0#
0"
#183244804
1#
#183250428
1"
#183254396
0#
0"
#183254404
1#
#183260028
1"
#183263996
0#
0"
#183264004
b1010111000 %
1#
#183269572
1"
#183273596
0#
0"
#183273604
1#
#183279172
1"
#183283196
0#
0"
#183283204
1#
#183288772
1"
#183292796
0#
0"
#183292804
1#
#183298372
1"
#183302396
0#
0"
#183302404
1#
#183307972
1"
#183311996
0#
0"
#183312004
1#
#183317572
1"
#183321596
0#
0"
#183321604
1#
#183327172
1"
#183331196
0#
0"
#183331204
1#
#183336772
1"
#183340796
0#
0"
#183340804
1#
#183346372
1"
#183350396
0#
0"
#183350404
1#
#183355972
1"
#183359996
0#
0"
#183360004
b1010110001 %
1#
#183365516
1"
#183369596
0#
0"
#183369604
1#
#183375116
1"
#183379196
0#
0"
#183379204
1#
#183384716
1"
#183388796
0#
0"
#183388804
1#
#183394316
1"
#183398396
0#
0"
#183398404
1#
#183403916
1"
#183407996
0#
0"
#183408004
1#
#183413516
1"
#183417596
0#
0"
#183417604
1#
#183423116
1"
#183427196
0#
0"
#183427204
1#
#183432716
1"
#183436796
0#
0"
#183436804
1#
#183442316
1"
#183446396
0#
0"
#183446404
1#
#183451916
1"
#183455996
0#
0"
#183456004
b1010101010 %
1#
#183461460
1"
#183465596
0#
0"
#183465604
1#
#183471060
1"
#183475196
0#
0"
#183475204
1#
#183480660
1"
#183484796
0#
0"
#183484804
1#
#183490260
1"
#183494396
0#
0"
#183494404
1#
#183499860
1"
#183503996
0#
0"
#183504004
1#
#183509460
1"
#183513596
0#
0"
#183513604
1#
#183519060
1"
#183523196
0#
0"
#183523204
1#
#183528660
1"
#183532796
0#
0"
#183532804
1#
#183538260
1"
#183542396
0#
0"
#183542404
1#
#183547860
1"
#183551996
0#
0"
#183552004
b1010100011 %
1#
#183557404
1"
#183561596
0#
0"
#183561604
1#
#183567004
1"
#183571196
0#
0"
#183571204
1#
#183576604
1"
#183580796
0#
0"
#183580804
1#
#183586204
1"
#183590396
0#
0"
#183590404
1#
#183595804
1"
#183599996
0#
0"
#183600004
1#
#183605404
1"
#183609596
0#
0"
#183609604
1#
#183615004
1"
#183619196
0#
0"
#183619204
1#
#183624604
1"
#183628796
0#
0"
#183628804
1#
#183634204
1"
#183638396
0#
0"
#183638404
1#
#183643804
1"
#183647996
0#
0"
#183648004
b1010011100 %
1#
#183653348
1"
#183657596
0#
0"
#183657604
1#
#183662948
1"
#183667196
0#
0"
#183667204
1#
#183672548
1"
#183676796
0#
0"
#183676804
1#
#183682148
1"
#183686396
0#
0"
#183686404
1#
#183691748
1"
#183695996
0#
0"
#183696004
1#
#183701348
1"
#183705596
0#
0"
#183705604
1#
#183710948
1"
#183715196
0#
0"
#183715204
1#
#183720548
1"
#183724796
0#
0"
#183724804
1#
#183730148
1"
#183734396
0#
0"
#183734404
1#
#183739748
1"
#183743996
0#
0"
#183744004
b1010010101 %
1#
#183749292
1"
#183753596
0#
0"
#183753604
1#
#183758892
1"
#183763196
0#
0"
#183763204
1#
#183768492
1"
#183772796
0#
0"
#183772804
1#
#183778092
1"
#183782396
0#
0"
#183782404
1#
#183787692
1"
#183791996
0#
0"
#183792004
1#
#183797292
1"
#183801596
0#
0"
#183801604
1#
#183806892
1"
#183811196
0#
0"
#183811204
1#
#183816492
1"
#183820796
0#
0"
#183820804
1#
#183826092
1"
#183830396
0#
0"
#183830404
1#
#183835692
1"
#183839996
0#
0"
#183840004
b1010001110 %
1#
#183845236
1"
#183849596
0#
0"
#183849604
1#
#183854836
1"
#183859196
0#
0"
#183859204
1#
#183864436
1"
#183868796
0#
0"
#183868804
1#
#183874036
1"
#183878396
0#
0"
#183878404
1#
#183883636
1"
#183887996
0#
0"
#183888004
1#
#183893236
1"
#183897596
0#
0"
#183897604
1#
#183902836
1"
#183907196
0#
0"
#183907204
1#
#183912436
1"
#183916796
0#
0"
#183916804
1#
#183922036
1"
#183926396
0#
0"
#183926404
1#
#183931636
1"
#183935996
0#
0"
#183936004
b1010000111 %
1#
#183941180
1"
#183945596
0#
0"
#183945604
1#
#183950780
1"
#183955196
0#
0"
#183955204
1#
#183960380
1"
#183964796
0#
0"
#183964804
1#
#183969980
1"
#183974396
0#
0"
#183974404
1#
#183979580
1"
#183983996
0#
0"
#183984004
1#
#183989180
1"
#183993596
0#
0"
#183993604
1#
#183998780
1"
#184003196
0#
0"
#184003204
1#
#184008380
1"
#184012796
0#
0"
#184012804
1#
#184017980
1"
#184022396
0#
0"
#184022404
1#
#184027580
1"
#184031996
0#
0"
#184032004
b1010000000 %
1#
#184037124
1"
#184041596
0#
0"
#184041604
1#
#184046724
1"
#184051196
0#
0"
#184051204
1#
#184056324
1"
#184060796
0#
0"
#184060804
1#
#184065924
1"
#184070396
0#
0"
#184070404
1#
#184075524
1"
#184079996
0#
0"
#184080004
1#
#184085124
1"
#184089596
0#
0"
#184089604
1#
#184094724
1"
#184099196
0#
0"
#184099204
1#
#184104324
1"
#184108796
0#
0"
#184108804
1#
#184113924
1"
#184118396
0#
0"
#184118404
1#
#184123524
1"
#184127996
0#
0"
#184128004
b1001111001 %
1#
#184133068
1"
#184137596
0#
0"
#184137604
1#
#184142668
1"
#184147196
0#
0"
#184147204
1#
#184152268
1"
#184156796
0#
0"
#184156804
1#
#184161868
1"
#184166396
0#
0"
#184166404
1#
#184171468
1"
#184175996
0#
0"
#184176004
1#
#184181068
1"
#184185596
0#
0"
#184185604
1#
#184190668
1"
#184195196
0#
0"
#184195204
1#
#184200268
1"
#184204796
0#
0"
#184204804
1#
#184209868
1"
#184214396
0#
0"
#184214404
1#
#184219468
1"
#184223996
0#
0"
#184224004
b1001110010 %
1#
#184229012
1"
#184233596
0#
0"
#184233604
1#
#184238612
1"
#184243196
0#
0"
#184243204
1#
#184248212
1"
#184252796
0#
0"
#184252804
1#
#184257812
1"
#184262396
0#
0"
#184262404
1#
#184267412
1"
#184271996
0#
0"
#184272004
1#
#184277012
1"
#184281596
0#
0"
#184281604
1#
#184286612
1"
#184291196
0#
0"
#184291204
1#
#184296212
1"
#184300796
0#
0"
#184300804
1#
#184305812
1"
#184310396
0#
0"
#184310404
1#
#184315412
1"
#184319996
0#
0"
#184320004
b1001101011 %
1#
#184324956
1"
#184329596
0#
0"
#184329604
1#
#184334556
1"
#184339196
0#
0"
#184339204
1#
#184344156
1"
#184348796
0#
0"
#184348804
1#
#184353756
1"
#184358396
0#
0"
#184358404
1#
#184363356
1"
#184367996
0#
0"
#184368004
1#
#184372956
1"
#184377596
0#
0"
#184377604
1#
#184382556
1"
#184387196
0#
0"
#184387204
1#
#184392156
1"
#184396796
0#
0"
#184396804
1#
#184401756
1"
#184406396
0#
0"
#184406404
1#
#184411356
1"
#184415996
0#
0"
#184416004
b1001100100 %
1#
#184420900
1"
#184425596
0#
0"
#184425604
1#
#184430500
1"
#184435196
0#
0"
#184435204
1#
#184440100
1"
#184444796
0#
0"
#184444804
1#
#184449700
1"
#184454396
0#
0"
#184454404
1#
#184459300
1"
#184463996
0#
0"
#184464004
1#
#184468900
1"
#184473596
0#
0"
#184473604
1#
#184478500
1"
#184483196
0#
0"
#184483204
1#
#184488100
1"
#184492796
0#
0"
#184492804
1#
#184497700
1"
#184502396
0#
0"
#184502404
1#
#184507300
1"
#184511996
0#
0"
#184512004
b1001011101 %
1#
#184516844
1"
#184521596
0#
0"
#184521604
1#
#184526444
1"
#184531196
0#
0"
#184531204
1#
#184536044
1"
#184540796
0#
0"
#184540804
1#
#184545644
1"
#184550396
0#
0"
#184550404
1#
#184555244
1"
#184559996
0#
0"
#184560004
1#
#184564844
1"
#184569596
0#
0"
#184569604
1#
#184574444
1"
#184579196
0#
0"
#184579204
1#
#184584044
1"
#184588796
0#
0"
#184588804
1#
#184593644
1"
#184598396
0#
0"
#184598404
1#
#184603244
1"
#184607996
0#
0"
#184608004
b1001010110 %
1#
#184612788
1"
#184617596
0#
0"
#184617604
1#
#184622388
1"
#184627196
0#
0"
#184627204
1#
#184631988
1"
#184636796
0#
0"
#184636804
1#
#184641588
1"
#184646396
0#
0"
#184646404
1#
#184651188
1"
#184655996
0#
0"
#184656004
1#
#184660788
1"
#184665596
0#
0"
#184665604
1#
#184670388
1"
#184675196
0#
0"
#184675204
1#
#184679988
1"
#184684796
0#
0"
#184684804
1#
#184689588
1"
#184694396
0#
0"
#184694404
1#
#184699188
1"
#184703996
0#
0"
#184704004
b1001001111 %
1#
#184708732
1"
#184713596
0#
0"
#184713604
1#
#184718332
1"
#184723196
0#
0"
#184723204
1#
#184727932
1"
#184732796
0#
0"
#184732804
1#
#184737532
1"
#184742396
0#
0"
#184742404
1#
#184747132
1"
#184751996
0#
0"
#184752004
1#
#184756732
1"
#184761596
0#
0"
#184761604
1#
#184766332
1"
#184771196
0#
0"
#184771204
1#
#184775932
1"
#184780796
0#
0"
#184780804
1#
#184785532
1"
#184790396
0#
0"
#184790404
1#
#184795132
1"
#184799996
0#
0"
#184800004
b1001001000 %
1#
#184804676
1"
#184809596
0#
0"
#184809604
1#
#184814276
1"
#184819196
0#
0"
#184819204
1#
#184823876
1"
#184828796
0#
0"
#184828804
1#
#184833476
1"
#184838396
0#
0"
#184838404
1#
#184843076
1"
#184847996
0#
0"
#184848004
1#
#184852676
1"
#184857596
0#
0"
#184857604
1#
#184862276
1"
#184867196
0#
0"
#184867204
1#
#184871876
1"
#184876796
0#
0"
#184876804
1#
#184881476
1"
#184886396
0#
0"
#184886404
1#
#184891076
1"
#184895996
0#
0"
#184896004
b1001000001 %
1#
#184900620
1"
#184905596
0#
0"
#184905604
1#
#184910220
1"
#184915196
0#
0"
#184915204
1#
#184919820
1"
#184924796
0#
0"
#184924804
1#
#184929420
1"
#184934396
0#
0"
#184934404
1#
#184939020
1"
#184943996
0#
0"
#184944004
1#
#184948620
1"
#184953596
0#
0"
#184953604
1#
#184958220
1"
#184963196
0#
0"
#184963204
1#
#184967820
1"
#184972796
0#
0"
#184972804
1#
#184977420
1"
#184982396
0#
0"
#184982404
1#
#184987020
1"
#184991996
0#
0"
#184992004
b1000111010 %
1#
#184996564
1"
#185001596
0#
0"
#185001604
1#
#185006164
1"
#185011196
0#
0"
#185011204
1#
#185015764
1"
#185020796
0#
0"
#185020804
1#
#185025364
1"
#185030396
0#
0"
#185030404
1#
#185034964
1"
#185039996
0#
0"
#185040004
1#
#185044564
1"
#185049596
0#
0"
#185049604
1#
#185054164
1"
#185059196
0#
0"
#185059204
1#
#185063764
1"
#185068796
0#
0"
#185068804
1#
#185073364
1"
#185078396
0#
0"
#185078404
1#
#185082964
1"
#185087996
0#
0"
#185088004
b1000110011 %
1#
#185092508
1"
#185097596
0#
0"
#185097604
1#
#185102108
1"
#185107196
0#
0"
#185107204
1#
#185111708
1"
#185116796
0#
0"
#185116804
1#
#185121308
1"
#185126396
0#
0"
#185126404
1#
#185130908
1"
#185135996
0#
0"
#185136004
1#
#185140508
1"
#185145596
0#
0"
#185145604
1#
#185150108
1"
#185155196
0#
0"
#185155204
1#
#185159708
1"
#185164796
0#
0"
#185164804
1#
#185169308
1"
#185174396
0#
0"
#185174404
1#
#185178908
1"
#185183996
0#
0"
#185184004
b1000101100 %
1#
#185188452
1"
#185193596
0#
0"
#185193604
1#
#185198052
1"
#185203196
0#
0"
#185203204
1#
#185207652
1"
#185212796
0#
0"
#185212804
1#
#185217252
1"
#185222396
0#
0"
#185222404
1#
#185226852
1"
#185231996
0#
0"
#185232004
1#
#185236452
1"
#185241596
0#
0"
#185241604
1#
#185246052
1"
#185251196
0#
0"
#185251204
1#
#185255652
1"
#185260796
0#
0"
#185260804
1#
#185265252
1"
#185270396
0#
0"
#185270404
1#
#185274852
1"
#185279996
0#
0"
#185280004
b1000100101 %
1#
#185284396
1"
#185289596
0#
0"
#185289604
1#
#185293996
1"
#185299196
0#
0"
#185299204
1#
#185303596
1"
#185308796
0#
0"
#185308804
1#
#185313196
1"
#185318396
0#
0"
#185318404
1#
#185322796
1"
#185327996
0#
0"
#185328004
1#
#185332396
1"
#185337596
0#
0"
#185337604
1#
#185341996
1"
#185347196
0#
0"
#185347204
1#
#185351596
1"
#185356796
0#
0"
#185356804
1#
#185361196
1"
#185366396
0#
0"
#185366404
1#
#185370796
1"
#185375996
0#
0"
#185376004
b1000011110 %
1#
#185380340
1"
#185385596
0#
0"
#185385604
1#
#185389940
1"
#185395196
0#
0"
#185395204
1#
#185399540
1"
#185404796
0#
0"
#185404804
1#
#185409140
1"
#185414396
0#
0"
#185414404
1#
#185418740
1"
#185423996
0#
0"
#185424004
1#
#185428340
1"
#185433596
0#
0"
#185433604
1#
#185437940
1"
#185443196
0#
0"
#185443204
1#
#185447540
1"
#185452796
0#
0"
#185452804
1#
#185457140
1"
#185462396
0#
0"
#185462404
1#
#185466740
1"
#185471996
0#
0"
#185472004
b1000010111 %
1#
#185476284
1"
#185481596
0#
0"
#185481604
1#
#185485884
1"
#185491196
0#
0"
#185491204
1#
#185495484
1"
#185500796
0#
0"
#185500804
1#
#185505084
1"
#185510396
0#
0"
#185510404
1#
#185514684
1"
#185519996
0#
0"
#185520004
1#
#185524284
1"
#185529596
0#
0"
#185529604
1#
#185533884
1"
#185539196
0#
0"
#185539204
1#
#185543484
1"
#185548796
0#
0"
#185548804
1#
#185553084
1"
#185558396
0#
0"
#185558404
1#
#185562684
1"
#185567996
0#
0"
#185568004
b1000010000 %
1#
#185572228
1"
#185577596
0#
0"
#185577604
1#
#185581828
1"
#185587196
0#
0"
#185587204
1#
#185591428
1"
#185596796
0#
0"
#185596804
1#
#185601028
1"
#185606396
0#
0"
#185606404
1#
#185610628
1"
#185615996
0#
0"
#185616004
1#
#185620228
1"
#185625596
0#
0"
#185625604
1#
#185629828
1"
#185635196
0#
0"
#185635204
1#
#185639428
1"
#185644796
0#
0"
#185644804
1#
#185649028
1"
#185654396
0#
0"
#185654404
1#
#185658628
1"
#185663996
0#
0"
#185664004
b1000001001 %
1#
#185668172
1"
#185673596
0#
0"
#185673604
1#
#185677772
1"
#185683196
0#
0"
#185683204
1#
#185687372
1"
#185692796
0#
0"
#185692804
1#
#185696972
1"
#185702396
0#
0"
#185702404
1#
#185706572
1"
#185711996
0#
0"
#185712004
1#
#185716172
1"
#185721596
0#
0"
#185721604
1#
#185725772
1"
#185731196
0#
0"
#185731204
1#
#185735372
1"
#185740796
0#
0"
#185740804
1#
#185744972
1"
#185750396
0#
0"
#185750404
1#
#185754572
1"
#185759996
0#
0"
#185760004
b1000000010 %
1#
#185764116
1"
#185769596
0#
0"
#185769604
1#
#185773716
1"
#185779196
0#
0"
#185779204
1#
#185783316
1"
#185788796
0#
0"
#185788804
1#
#185792916
1"
#185798396
0#
0"
#185798404
1#
#185802516
1"
#185807996
0#
0"
#185808004
1#
#185812116
1"
#185817596
0#
0"
#185817604
1#
#185821716
1"
#185827196
0#
0"
#185827204
1#
#185831316
1"
#185836796
0#
0"
#185836804
1#
#185840916
1"
#185846396
0#
0"
#185846404
1#
#185850516
1"
#185855996
0#
0"
#185856004
b111111011 %
1#
#185860060
1"
#185865596
0#
0"
#185865604
1#
#185869660
1"
#185875196
0#
0"
#185875204
1#
#185879260
1"
#185884796
0#
0"
#185884804
1#
#185888860
1"
#185894396
0#
0"
#185894404
1#
#185898460
1"
#185903996
0#
0"
#185904004
1#
#185908060
1"
#185913596
0#
0"
#185913604
1#
#185917660
1"
#185923196
0#
0"
#185923204
1#
#185927260
1"
#185932796
0#
0"
#185932804
1#
#185936860
1"
#185942396
0#
0"
#185942404
1#
#185946460
1"
#185951996
0#
0"
#185952004
b111110100 %
1#
#185956004
1"
#185961596
0#
0"
#185961604
1#
#185965604
1"
#185971196
0#
0"
#185971204
1#
#185975204
1"
#185980796
0#
0"
#185980804
1#
#185984804
1"
#185990396
0#
0"
#185990404
1#
#185994404
1"
#185999996
0#
0"
#186000004
1#
#186004004
1"
#186009596
0#
0"
#186009604
1#
#186013604
1"
#186019196
0#
0"
#186019204
1#
#186023204
1"
#186028796
0#
0"
#186028804
1#
#186032804
1"
#186038396
0#
0"
#186038404
1#
#186042404
1"
#186047996
0#
0"
#186048004
b111101101 %
1#
#186051948
1"
#186057596
0#
0"
#186057604
1#
#186061548
1"
#186067196
0#
0"
#186067204
1#
#186071148
1"
#186076796
0#
0"
#186076804
1#
#186080748
1"
#186086396
0#
0"
#186086404
1#
#186090348
1"
#186095996
0#
0"
#186096004
1#
#186099948
1"
#186105596
0#
0"
#186105604
1#
#186109548
1"
#186115196
0#
0"
#186115204
1#
#186119148
1"
#186124796
0#
0"
#186124804
1#
#186128748
1"
#186134396
0#
0"
#186134404
1#
#186138348
1"
#186143996
0#
0"
#186144004
b111100110 %
1#
#186147892
1"
#186153596
0#
0"
#186153604
1#
#186157492
1"
#186163196
0#
0"
#186163204
1#
#186167092
1"
#186172796
0#
0"
#186172804
1#
#186176692
1"
#186182396
0#
0"
#186182404
1#
#186186292
1"
#186191996
0#
0"
#186192004
1#
#186195892
1"
#186201596
0#
0"
#186201604
1#
#186205492
1"
#186211196
0#
0"
#186211204
1#
#186215092
1"
#186220796
0#
0"
#186220804
1#
#186224692
1"
#186230396
0#
0"
#186230404
1#
#186234292
1"
#186239996
0#
0"
#186240004
b111011111 %
1#
#186243836
1"
#186249596
0#
0"
#186249604
1#
#186253436
1"
#186259196
0#
0"
#186259204
1#
#186263036
1"
#186268796
0#
0"
#186268804
1#
#186272636
1"
#186278396
0#
0"
#186278404
1#
#186282236
1"
#186287996
0#
0"
#186288004
1#
#186291836
1"
#186297596
0#
0"
#186297604
1#
#186301436
1"
#186307196
0#
0"
#186307204
1#
#186311036
1"
#186316796
0#
0"
#186316804
1#
#186320636
1"
#186326396
0#
0"
#186326404
1#
#186330236
1"
#186335996
0#
0"
#186336004
b111011000 %
1#
#186339780
1"
#186345596
0#
0"
#186345604
1#
#186349380
1"
#186355196
0#
0"
#186355204
1#
#186358980
1"
#186364796
0#
0"
#186364804
1#
#186368580
1"
#186374396
0#
0"
#186374404
1#
#186378180
1"
#186383996
0#
0"
#186384004
1#
#186387780
1"
#186393596
0#
0"
#186393604
1#
#186397380
1"
#186403196
0#
0"
#186403204
1#
#186406980
1"
#186412796
0#
0"
#186412804
1#
#186416580
1"
#186422396
0#
0"
#186422404
1#
#186426180
1"
#186431996
0#
0"
#186432004
b111010001 %
1#
#186435724
1"
#186441596
0#
0"
#186441604
1#
#186445324
1"
#186451196
0#
0"
#186451204
1#
#186454924
1"
#186460796
0#
0"
#186460804
1#
#186464524
1"
#186470396
0#
0"
#186470404
1#
#186474124
1"
#186479996
0#
0"
#186480004
1#
#186483724
1"
#186489596
0#
0"
#186489604
1#
#186493324
1"
#186499196
0#
0"
#186499204
1#
#186502924
1"
#186508796
0#
0"
#186508804
1#
#186512524
1"
#186518396
0#
0"
#186518404
1#
#186522124
1"
#186527996
0#
0"
#186528004
b111001010 %
1#
#186531668
1"
#186537596
0#
0"
#186537604
1#
#186541268
1"
#186547196
0#
0"
#186547204
1#
#186550868
1"
#186556796
0#
0"
#186556804
1#
#186560468
1"
#186566396
0#
0"
#186566404
1#
#186570068
1"
#186575996
0#
0"
#186576004
1#
#186579668
1"
#186585596
0#
0"
#186585604
1#
#186589268
1"
#186595196
0#
0"
#186595204
1#
#186598868
1"
#186604796
0#
0"
#186604804
1#
#186608468
1"
#186614396
0#
0"
#186614404
1#
#186618068
1"
#186623996
0#
0"
#186624004
b111000011 %
1#
#186627612
1"
#186633596
0#
0"
#186633604
1#
#186637212
1"
#186643196
0#
0"
#186643204
1#
#186646812
1"
#186652796
0#
0"
#186652804
1#
#186656412
1"
#186662396
0#
0"
#186662404
1#
#186666012
1"
#186671996
0#
0"
#186672004
1#
#186675612
1"
#186681596
0#
0"
#186681604
1#
#186685212
1"
#186691196
0#
0"
#186691204
1#
#186694812
1"
#186700796
0#
0"
#186700804
1#
#186704412
1"
#186710396
0#
0"
#186710404
1#
#186714012
1"
#186719996
0#
0"
#186720004
b110111100 %
1#
#186723556
1"
#186729596
0#
0"
#186729604
1#
#186733156
1"
#186739196
0#
0"
#186739204
1#
#186742756
1"
#186748796
0#
0"
#186748804
1#
#186752356
1"
#186758396
0#
0"
#186758404
1#
#186761956
1"
#186767996
0#
0"
#186768004
1#
#186771556
1"
#186777596
0#
0"
#186777604
1#
#186781156
1"
#186787196
0#
0"
#186787204
1#
#186790756
1"
#186796796
0#
0"
#186796804
1#
#186800356
1"
#186806396
0#
0"
#186806404
1#
#186809956
1"
#186815996
0#
0"
#186816004
b110110101 %
1#
#186819500
1"
#186825596
0#
0"
#186825604
1#
#186829100
1"
#186835196
0#
0"
#186835204
1#
#186838700
1"
#186844796
0#
0"
#186844804
1#
#186848300
1"
#186854396
0#
0"
#186854404
1#
#186857900
1"
#186863996
0#
0"
#186864004
1#
#186867500
1"
#186873596
0#
0"
#186873604
1#
#186877100
1"
#186883196
0#
0"
#186883204
1#
#186886700
1"
#186892796
0#
0"
#186892804
1#
#186896300
1"
#186902396
0#
0"
#186902404
1#
#186905900
1"
#186911996
0#
0"
#186912004
b110101110 %
1#
#186915444
1"
#186921596
0#
0"
#186921604
1#
#186925044
1"
#186931196
0#
0"
#186931204
1#
#186934644
1"
#186940796
0#
0"
#186940804
1#
#186944244
1"
#186950396
0#
0"
#186950404
1#
#186953844
1"
#186959996
0#
0"
#186960004
1#
#186963444
1"
#186969596
0#
0"
#186969604
1#
#186973044
1"
#186979196
0#
0"
#186979204
1#
#186982644
1"
#186988796
0#
0"
#186988804
1#
#186992244
1"
#186998396
0#
0"
#186998404
1#
#187001844
1"
#187007996
0#
0"
#187008004
b110100111 %
1#
#187011388
1"
#187017596
0#
0"
#187017604
1#
#187020988
1"
#187027196
0#
0"
#187027204
1#
#187030588
1"
#187036796
0#
0"
#187036804
1#
#187040188
1"
#187046396
0#
0"
#187046404
1#
#187049788
1"
#187055996
0#
0"
#187056004
1#
#187059388
1"
#187065596
0#
0"
#187065604
1#
#187068988
1"
#187075196
0#
0"
#187075204
1#
#187078588
1"
#187084796
0#
0"
#187084804
1#
#187088188
1"
#187094396
0#
0"
#187094404
1#
#187097788
1"
#187103996
0#
0"
#187104004
b110100000 %
1#
#187107332
1"
#187113596
0#
0"
#187113604
1#
#187116932
1"
#187123196
0#
0"
#187123204
1#
#187126532
1"
#187132796
0#
0"
#187132804
1#
#187136132
1"
#187142396
0#
0"
#187142404
1#
#187145732
1"
#187151996
0#
0"
#187152004
1#
#187155332
1"
#187161596
0#
0"
#187161604
1#
#187164932
1"
#187171196
0#
0"
#187171204
1#
#187174532
1"
#187180796
0#
0"
#187180804
1#
#187184132
1"
#187190396
0#
0"
#187190404
1#
#187193732
1"
#187199996
0#
0"
#187200004
b110011001 %
1#
#187203276
1"
#187209596
0#
0"
#187209604
1#
#187212876
1"
#187219196
0#
0"
#187219204
1#
#187222476
1"
#187228796
0#
0"
#187228804
1#
#187232076
1"
#187238396
0#
0"
#187238404
1#
#187241676
1"
#187247996
0#
0"
#187248004
1#
#187251276
1"
#187257596
0#
0"
#187257604
1#
#187260876
1"
#187267196
0#
0"
#187267204
1#
#187270476
1"
#187276796
0#
0"
#187276804
1#
#187280076
1"
#187286396
0#
0"
#187286404
1#
#187289676
1"
#187295996
0#
0"
#187296004
b110010010 %
1#
#187299220
1"
#187305596
0#
0"
#187305604
1#
#187308820
1"
#187315196
0#
0"
#187315204
1#
#187318420
1"
#187324796
0#
0"
#187324804
1#
#187328020
1"
#187334396
0#
0"
#187334404
1#
#187337620
1"
#187343996
0#
0"
#187344004
1#
#187347220
1"
#187353596
0#
0"
#187353604
1#
#187356820
1"
#187363196
0#
0"
#187363204
1#
#187366420
1"
#187372796
0#
0"
#187372804
1#
#187376020
1"
#187382396
0#
0"
#187382404
1#
#187385620
1"
#187391996
0#
0"
#187392004
b110001011 %
1#
#187395164
1"
#187401596
0#
0"
#187401604
1#
#187404764
1"
#187411196
0#
0"
#187411204
1#
#187414364
1"
#187420796
0#
0"
#187420804
1#
#187423964
1"
#187430396
0#
0"
#187430404
1#
#187433564
1"
#187439996
0#
0"
#187440004
1#
#187443164
1"
#187449596
0#
0"
#187449604
1#
#187452764
1"
#187459196
0#
0"
#187459204
1#
#187462364
1"
#187468796
0#
0"
#187468804
1#
#187471964
1"
#187478396
0#
0"
#187478404
1#
#187481564
1"
#187487996
0#
0"
#187488004
b110000100 %
1#
#187491108
1"
#187497596
0#
0"
#187497604
1#
#187500708
1"
#187507196
0#
0"
#187507204
1#
#187510308
1"
#187516796
0#
0"
#187516804
1#
#187519908
1"
#187526396
0#
0"
#187526404
1#
#187529508
1"
#187535996
0#
0"
#187536004
1#
#187539108
1"
#187545596
0#
0"
#187545604
1#
#187548708
1"
#187555196
0#
0"
#187555204
1#
#187558308
1"
#187564796
0#
0"
#187564804
1#
#187567908
1"
#187574396
0#
0"
#187574404
1#
#187577508
1"
#187583996
0#
0"
#187584004
b101111101 %
1#
#187587052
1"
#187593596
0#
0"
#187593604
1#
#187596652
1"
#187603196
0#
0"
#187603204
1#
#187606252
1"
#187612796
0#
0"
#187612804
1#
#187615852
1"
#187622396
0#
0"
#187622404
1#
#187625452
1"
#187631996
0#
0"
#187632004
1#
#187635052
1"
#187641596
0#
0"
#187641604
1#
#187644652
1"
#187651196
0#
0"
#187651204
1#
#187654252
1"
#187660796
0#
0"
#187660804
1#
#187663852
1"
#187670396
0#
0"
#187670404
1#
#187673452
1"
#187679996
0#
0"
#187680004
b101110110 %
1#
#187682996
1"
#187689596
0#
0"
#187689604
1#
#187692596
1"
#187699196
0#
0"
#187699204
1#
#187702196
1"
#187708796
0#
0"
#187708804
1#
#187711796
1"
#187718396
0#
0"
#187718404
1#
#187721396
1"
#187727996
0#
0"
#187728004
1#
#187730996
1"
#187737596
0#
0"
#187737604
1#
#187740596
1"
#187747196
0#
0"
#187747204
1#
#187750196
1"
#187756796
0#
0"
#187756804
1#
#187759796
1"
#187766396
0#
0"
#187766404
1#
#187769396
1"
#187775996
0#
0"
#187776004
b101101111 %
1#
#187778940
1"
#187785596
0#
0"
#187785604
1#
#187788540
1"
#187795196
0#
0"
#187795204
1#
#187798140
1"
#187804796
0#
0"
#187804804
1#
#187807740
1"
#187814396
0#
0"
#187814404
1#
#187817340
1"
#187823996
0#
0"
#187824004
1#
#187826940
1"
#187833596
0#
0"
#187833604
1#
#187836540
1"
#187843196
0#
0"
#187843204
1#
#187846140
1"
#187852796
0#
0"
#187852804
1#
#187855740
1"
#187862396
0#
0"
#187862404
1#
#187865340
1"
#187871996
0#
0"
#187872004
b101101000 %
1#
#187874884
1"
#187881596
0#
0"
#187881604
1#
#187884484
1"
#187891196
0#
0"
#187891204
1#
#187894084
1"
#187900796
0#
0"
#187900804
1#
#187903684
1"
#187910396
0#
0"
#187910404
1#
#187913284
1"
#187919996
0#
0"
#187920004
1#
#187922884
1"
#187929596
0#
0"
#187929604
1#
#187932484
1"
#187939196
0#
0"
#187939204
1#
#187942084
1"
#187948796
0#
0"
#187948804
1#
#187951684
1"
#187958396
0#
0"
#187958404
1#
#187961284
1"
#187967996
0#
0"
#187968004
b101100001 %
1#
#187970828
1"
#187977596
0#
0"
#187977604
1#
#187980428
1"
#187987196
0#
0"
#187987204
1#
#187990028
1"
#187996796
0#
0"
#187996804
1#
#187999628
1"
#188006396
0#
0"
#188006404
1#
#188009228
1"
#188015996
0#
0"
#188016004
1#
#188018828
1"
#188025596
0#
0"
#188025604
1#
#188028428
1"
#188035196
0#
0"
#188035204
1#
#188038028
1"
#188044796
0#
0"
#188044804
1#
#188047628
1"
#188054396
0#
0"
#188054404
1#
#188057228
1"
#188063996
0#
0"
#188064004
b101011010 %
1#
#188066772
1"
#188073596
0#
0"
#188073604
1#
#188076372
1"
#188083196
0#
0"
#188083204
1#
#188085972
1"
#188092796
0#
0"
#188092804
1#
#188095572
1"
#188102396
0#
0"
#188102404
1#
#188105172
1"
#188111996
0#
0"
#188112004
1#
#188114772
1"
#188121596
0#
0"
#188121604
1#
#188124372
1"
#188131196
0#
0"
#188131204
1#
#188133972
1"
#188140796
0#
0"
#188140804
1#
#188143572
1"
#188150396
0#
0"
#188150404
1#
#188153172
1"
#188159996
0#
0"
#188160004
b101010011 %
1#
#188162716
1"
#188169596
0#
0"
#188169604
1#
#188172316
1"
#188179196
0#
0"
#188179204
1#
#188181916
1"
#188188796
0#
0"
#188188804
1#
#188191516
1"
#188198396
0#
0"
#188198404
1#
#188201116
1"
#188207996
0#
0"
#188208004
1#
#188210716
1"
#188217596
0#
0"
#188217604
1#
#188220316
1"
#188227196
0#
0"
#188227204
1#
#188229916
1"
#188236796
0#
0"
#188236804
1#
#188239516
1"
#188246396
0#
0"
#188246404
1#
#188249116
1"
#188255996
0#
0"
#188256004
b101001100 %
1#
#188258660
1"
#188265596
0#
0"
#188265604
1#
#188268260
1"
#188275196
0#
0"
#188275204
1#
#188277860
1"
#188284796
0#
0"
#188284804
1#
#188287460
1"
#188294396
0#
0"
#188294404
1#
#188297060
1"
#188303996
0#
0"
#188304004
1#
#188306660
1"
#188313596
0#
0"
#188313604
1#
#188316260
1"
#188323196
0#
0"
#188323204
1#
#188325860
1"
#188332796
0#
0"
#188332804
1#
#188335460
1"
#188342396
0#
0"
#188342404
1#
#188345060
1"
#188351996
0#
0"
#188352004
b101000101 %
1#
#188354604
1"
#188361596
0#
0"
#188361604
1#
#188364204
1"
#188371196
0#
0"
#188371204
1#
#188373804
1"
#188380796
0#
0"
#188380804
1#
#188383404
1"
#188390396
0#
0"
#188390404
1#
#188393004
1"
#188399996
0#
0"
#188400004
1#
#188402604
1"
#188409596
0#
0"
#188409604
1#
#188412204
1"
#188419196
0#
0"
#188419204
1#
#188421804
1"
#188428796
0#
0"
#188428804
1#
#188431404
1"
#188438396
0#
0"
#188438404
1#
#188441004
1"
#188447996
0#
0"
#188448004
b100111110 %
1#
#188450548
1"
#188457596
0#
0"
#188457604
1#
#188460148
1"
#188467196
0#
0"
#188467204
1#
#188469748
1"
#188476796
0#
0"
#188476804
1#
#188479348
1"
#188486396
0#
0"
#188486404
1#
#188488948
1"
#188495996
0#
0"
#188496004
1#
#188498548
1"
#188505596
0#
0"
#188505604
1#
#188508148
1"
#188515196
0#
0"
#188515204
1#
#188517748
1"
#188524796
0#
0"
#188524804
1#
#188527348
1"
#188534396
0#
0"
#188534404
1#
#188536948
1"
#188543996
0#
0"
#188544004
b100110111 %
1#
#188546492
1"
#188553596
0#
0"
#188553604
1#
#188556092
1"
#188563196
0#
0"
#188563204
1#
#188565692
1"
#188572796
0#
0"
#188572804
1#
#188575292
1"
#188582396
0#
0"
#188582404
1#
#188584892
1"
#188591996
0#
0"
#188592004
1#
#188594492
1"
#188601596
0#
0"
#188601604
1#
#188604092
1"
#188611196
0#
0"
#188611204
1#
#188613692
1"
#188620796
0#
0"
#188620804
1#
#188623292
1"
#188630396
0#
0"
#188630404
1#
#188632892
1"
#188639996
0#
0"
#188640004
b100110000 %
1#
#188642436
1"
#188649596
0#
0"
#188649604
1#
#188652036
1"
#188659196
0#
0"
#188659204
1#
#188661636
1"
#188668796
0#
0"
#188668804
1#
#188671236
1"
#188678396
0#
0"
#188678404
1#
#188680836
1"
#188687996
0#
0"
#188688004
1#
#188690436
1"
#188697596
0#
0"
#188697604
1#
#188700036
1"
#188707196
0#
0"
#188707204
1#
#188709636
1"
#188716796
0#
0"
#188716804
1#
#188719236
1"
#188726396
0#
0"
#188726404
1#
#188728836
1"
#188735996
0#
0"
#188736004
b100101001 %
1#
#188738380
1"
#188745596
0#
0"
#188745604
1#
#188747980
1"
#188755196
0#
0"
#188755204
1#
#188757580
1"
#188764796
0#
0"
#188764804
1#
#188767180
1"
#188774396
0#
0"
#188774404
1#
#188776780
1"
#188783996
0#
0"
#188784004
1#
#188786380
1"
#188793596
0#
0"
#188793604
1#
#188795980
1"
#188803196
0#
0"
#188803204
1#
#188805580
1"
#188812796
0#
0"
#188812804
1#
#188815180
1"
#188822396
0#
0"
#188822404
1#
#188824780
1"
#188831996
0#
0"
#188832004
b100100010 %
1#
#188834324
1"
#188841596
0#
0"
#188841604
1#
#188843924
1"
#188851196
0#
0"
#188851204
1#
#188853524
1"
#188860796
0#
0"
#188860804
1#
#188863124
1"
#188870396
0#
0"
#188870404
1#
#188872724
1"
#188879996
0#
0"
#188880004
1#
#188882324
1"
#188889596
0#
0"
#188889604
1#
#188891924
1"
#188899196
0#
0"
#188899204
1#
#188901524
1"
#188908796
0#
0"
#188908804
1#
#188911124
1"
#188918396
0#
0"
#188918404
1#
#188920724
1"
#188927996
0#
0"
#188928004
b100011011 %
1#
#188930268
1"
#188937596
0#
0"
#188937604
1#
#188939868
1"
#188947196
0#
0"
#188947204
1#
#188949468
1"
#188956796
0#
0"
#188956804
1#
#188959068
1"
#188966396
0#
0"
#188966404
1#
#188968668
1"
#188975996
0#
0"
#188976004
1#
#188978268
1"
#188985596
0#
0"
#188985604
1#
#188987868
1"
#188995196
0#
0"
#188995204
1#
#188997468
1"
#189004796
0#
0"
#189004804
1#
#189007068
1"
#189014396
0#
0"
#189014404
1#
#189016668
1"
#189023996
0#
0"
#189024004
b100010100 %
1#
#189026212
1"
#189033596
0#
0"
#189033604
1#
#189035812
1"
#189043196
0#
0"
#189043204
1#
#189045412
1"
#189052796
0#
0"
#189052804
1#
#189055012
1"
#189062396
0#
0"
#189062404
1#
#189064612
1"
#189071996
0#
0"
#189072004
1#
#189074212
1"
#189081596
0#
0"
#189081604
1#
#189083812
1"
#189091196
0#
0"
#189091204
1#
#189093412
1"
#189100796
0#
0"
#189100804
1#
#189103012
1"
#189110396
0#
0"
#189110404
1#
#189112612
1"
#189119996
0#
0"
#189120004
b100001101 %
1#
#189122156
1"
#189129596
0#
0"
#189129604
1#
#189131756
1"
#189139196
0#
0"
#189139204
1#
#189141356
1"
#189148796
0#
0"
#189148804
1#
#189150956
1"
#189158396
0#
0"
#189158404
1#
#189160556
1"
#189167996
0#
0"
#189168004
1#
#189170156
1"
#189177596
0#
0"
#189177604
1#
#189179756
1"
#189187196
0#
0"
#189187204
1#
#189189356
1"
#189196796
0#
0"
#189196804
1#
#189198956
1"
#189206396
0#
0"
#189206404
1#
#189208556
1"
#189215996
0#
0"
#189216004
b100000110 %
1#
#189218100
1"
#189225596
0#
0"
#189225604
1#
#189227700
1"
#189235196
0#
0"
#189235204
1#
#189237300
1"
#189244796
0#
0"
#189244804
1#
#189246900
1"
#189254396
0#
0"
#189254404
1#
#189256500
1"
#189263996
0#
0"
#189264004
1#
#189266100
1"
#189273596
0#
0"
#189273604
1#
#189275700
1"
#189283196
0#
0"
#189283204
1#
#189285300
1"
#189292796
0#
0"
#189292804
1#
#189294900
1"
#189302396
0#
0"
#189302404
1#
#189304500
1"
#189311996
0#
0"
#189312004
b11111111 %
1#
#189314044
1"
#189321596
0#
0"
#189321604
1#
#189323644
1"
#189331196
0#
0"
#189331204
1#
#189333244
1"
#189340796
0#
0"
#189340804
1#
#189342844
1"
#189350396
0#
0"
#189350404
1#
#189352444
1"
#189359996
0#
0"
#189360004
1#
#189362044
1"
#189369596
0#
0"
#189369604
1#
#189371644
1"
#189379196
0#
0"
#189379204
1#
#189381244
1"
#189388796
0#
0"
#189388804
1#
#189390844
1"
#189398396
0#
0"
#189398404
1#
#189400444
1"
#189407996
0#
0"
#189408004
b11111000 %
1#
#189409988
1"
#189417596
0#
0"
#189417604
1#
#189419588
1"
#189427196
0#
0"
#189427204
1#
#189429188
1"
#189436796
0#
0"
#189436804
1#
#189438788
1"
#189446396
0#
0"
#189446404
1#
#189448388
1"
#189455996
0#
0"
#189456004
1#
#189457988
1"
#189465596
0#
0"
#189465604
1#
#189467588
1"
#189475196
0#
0"
#189475204
1#
#189477188
1"
#189484796
0#
0"
#189484804
1#
#189486788
1"
#189494396
0#
0"
#189494404
1#
#189496388
1"
#189503996
0#
0"
#189504004
b11110001 %
1#
#189505932
1"
#189513596
0#
0"
#189513604
1#
#189515532
1"
#189523196
0#
0"
#189523204
1#
#189525132
1"
#189532796
0#
0"
#189532804
1#
#189534732
1"
#189542396
0#
0"
#189542404
1#
#189544332
1"
#189551996
0#
0"
#189552004
1#
#189553932
1"
#189561596
0#
0"
#189561604
1#
#189563532
1"
#189571196
0#
0"
#189571204
1#
#189573132
1"
#189580796
0#
0"
#189580804
1#
#189582732
1"
#189590396
0#
0"
#189590404
1#
#189592332
1"
#189599996
0#
0"
#189600004
b11101010 %
1#
#189601876
1"
#189609596
0#
0"
#189609604
1#
#189611476
1"
#189619196
0#
0"
#189619204
1#
#189621076
1"
#189628796
0#
0"
#189628804
1#
#189630676
1"
#189638396
0#
0"
#189638404
1#
#189640276
1"
#189647996
0#
0"
#189648004
1#
#189649876
1"
#189657596
0#
0"
#189657604
1#
#189659476
1"
#189667196
0#
0"
#189667204
1#
#189669076
1"
#189676796
0#
0"
#189676804
1#
#189678676
1"
#189686396
0#
0"
#189686404
1#
#189688276
1"
#189695996
0#
0"
#189696004
b11100011 %
1#
#189697820
1"
#189705596
0#
0"
#189705604
1#
#189707420
1"
#189715196
0#
0"
#189715204
1#
#189717020
1"
#189724796
0#
0"
#189724804
1#
#189726620
1"
#189734396
0#
0"
#189734404
1#
#189736220
1"
#189743996
0#
0"
#189744004
1#
#189745820
1"
#189753596
0#
0"
#189753604
1#
#189755420
1"
#189763196
0#
0"
#189763204
1#
#189765020
1"
#189772796
0#
0"
#189772804
1#
#189774620
1"
#189782396
0#
0"
#189782404
1#
#189784220
1"
#189791996
0#
0"
#189792004
b11011100 %
1#
#189793764
1"
#189801596
0#
0"
#189801604
1#
#189803364
1"
#189811196
0#
0"
#189811204
1#
#189812964
1"
#189820796
0#
0"
#189820804
1#
#189822564
1"
#189830396
0#
0"
#189830404
1#
#189832164
1"
#189839996
0#
0"
#189840004
1#
#189841764
1"
#189849596
0#
0"
#189849604
1#
#189851364
1"
#189859196
0#
0"
#189859204
1#
#189860964
1"
#189868796
0#
0"
#189868804
1#
#189870564
1"
#189878396
0#
0"
#189878404
1#
#189880164
1"
#189887996
0#
0"
#189888004
b11010101 %
1#
#189889708
1"
#189897596
0#
0"
#189897604
1#
#189899308
1"
#189907196
0#
0"
#189907204
1#
#189908908
1"
#189916796
0#
0"
#189916804
1#
#189918508
1"
#189926396
0#
0"
#189926404
1#
#189928108
1"
#189935996
0#
0"
#189936004
1#
#189937708
1"
#189945596
0#
0"
#189945604
1#
#189947308
1"
#189955196
0#
0"
#189955204
1#
#189956908
1"
#189964796
0#
0"
#189964804
1#
#189966508
1"
#189974396
0#
0"
#189974404
1#
#189976108
1"
#189983996
0#
0"
#189984004
b11001110 %
1#
#189985652
1"
#189993596
0#
0"
#189993604
1#
#189995252
1"
#190003196
0#
0"
#190003204
1#
#190004852
1"
#190012796
0#
0"
#190012804
1#
#190014452
1"
#190022396
0#
0"
#190022404
1#
#190024052
1"
#190031996
0#
0"
#190032004
1#
#190033652
1"
#190041596
0#
0"
#190041604
1#
#190043252
1"
#190051196
0#
0"
#190051204
1#
#190052852
1"
#190060796
0#
0"
#190060804
1#
#190062452
1"
#190070396
0#
0"
#190070404
1#
#190072052
1"
#190079996
0#
0"
#190080004
b11000111 %
1#
#190081596
1"
#190089596
0#
0"
#190089604
1#
#190091196
1"
#190099196
0#
0"
#190099204
1#
#190100796
1"
#190108796
0#
0"
#190108804
1#
#190110396
1"
#190118396
0#
0"
#190118404
1#
#190119996
1"
#190127996
0#
0"
#190128004
1#
#190129596
1"
#190137596
0#
0"
#190137604
1#
#190139196
1"
#190147196
0#
0"
#190147204
1#
#190148796
1"
#190156796
0#
0"
#190156804
1#
#190158396
1"
#190166396
0#
0"
#190166404
1#
#190167996
1"
#190175996
0#
0"
#190176004
b11000000 %
1#
#190177540
1"
#190185596
0#
0"
#190185604
1#
#190187140
1"
#190195196
0#
0"
#190195204
1#
#190196740
1"
#190204796
0#
0"
#190204804
1#
#190206340
1"
#190214396
0#
0"
#190214404
1#
#190215940
1"
#190223996
0#
0"
#190224004
1#
#190225540
1"
#190233596
0#
0"
#190233604
1#
#190235140
1"
#190243196
0#
0"
#190243204
1#
#190244740
1"
#190252796
0#
0"
#190252804
1#
#190254340
1"
#190262396
0#
0"
#190262404
1#
#190263940
1"
#190271996
0#
0"
#190272004
b10111001 %
1#
#190273484
1"
#190281596
0#
0"
#190281604
1#
#190283084
1"
#190291196
0#
0"
#190291204
1#
#190292684
1"
#190300796
0#
0"
#190300804
1#
#190302284
1"
#190310396
0#
0"
#190310404
1#
#190311884
1"
#190319996
0#
0"
#190320004
1#
#190321484
1"
#190329596
0#
0"
#190329604
1#
#190331084
1"
#190339196
0#
0"
#190339204
1#
#190340684
1"
#190348796
0#
0"
#190348804
1#
#190350284
1"
#190358396
0#
0"
#190358404
1#
#190359884
1"
#190367996
0#
0"
#190368004
b10110010 %
1#
#190369428
1"
#190377596
0#
0"
#190377604
1#
#190379028
1"
#190387196
0#
0"
#190387204
1#
#190388628
1"
#190396796
0#
0"
#190396804
1#
#190398228
1"
#190406396
0#
0"
#190406404
1#
#190407828
1"
#190415996
0#
0"
#190416004
1#
#190417428
1"
#190425596
0#
0"
#190425604
1#
#190427028
1"
#190435196
0#
0"
#190435204
1#
#190436628
1"
#190444796
0#
0"
#190444804
1#
#190446228
1"
#190454396
0#
0"
#190454404
1#
#190455828
1"
#190463996
0#
0"
#190464004
b10101011 %
1#
#190465372
1"
#190473596
0#
0"
#190473604
1#
#190474972
1"
#190483196
0#
0"
#190483204
1#
#190484572
1"
#190492796
0#
0"
#190492804
1#
#190494172
1"
#190502396
0#
0"
#190502404
1#
#190503772
1"
#190511996
0#
0"
#190512004
1#
#190513372
1"
#190521596
0#
0"
#190521604
1#
#190522972
1"
#190531196
0#
0"
#190531204
1#
#190532572
1"
#190540796
0#
0"
#190540804
1#
#190542172
1"
#190550396
0#
0"
#190550404
1#
#190551772
1"
#190559996
0#
0"
#190560004
b10100100 %
1#
#190561316
1"
#190569596
0#
0"
#190569604
1#
#190570916
1"
#190579196
0#
0"
#190579204
1#
#190580516
1"
#190588796
0#
0"
#190588804
1#
#190590116
1"
#190598396
0#
0"
#190598404
1#
#190599716
1"
#190607996
0#
0"
#190608004
1#
#190609316
1"
#190617596
0#
0"
#190617604
1#
#190618916
1"
#190627196
0#
0"
#190627204
1#
#190628516
1"
#190636796
0#
0"
#190636804
1#
#190638116
1"
#190646396
0#
0"
#190646404
1#
#190647716
1"
#190655996
0#
0"
#190656004
b10011101 %
1#
#190657260
1"
#190665596
0#
0"
#190665604
1#
#190666860
1"
#190675196
0#
0"
#190675204
1#
#190676460
1"
#190684796
0#
0"
#190684804
1#
#190686060
1"
#190694396
0#
0"
#190694404
1#
#190695660
1"
#190703996
0#
0"
#190704004
1#
#190705260
1"
#190713596
0#
0"
#190713604
1#
#190714860
1"
#190723196
0#
0"
#190723204
1#
#190724460
1"
#190732796
0#
0"
#190732804
1#
#190734060
1"
#190742396
0#
0"
#190742404
1#
#190743660
1"
#190751996
0#
0"
#190752004
b10010110 %
1#
#190753204
1"
#190761596
0#
0"
#190761604
1#
#190762804
1"
#190771196
0#
0"
#190771204
1#
#190772404
1"
#190780796
0#
0"
#190780804
1#
#190782004
1"
#190790396
0#
0"
#190790404
1#
#190791604
1"
#190799996
0#
0"
#190800004
1#
#190801204
1"
#190809596
0#
0"
#190809604
1#
#190810804
1"
#190819196
0#
0"
#190819204
1#
#190820404
1"
#190828796
0#
0"
#190828804
1#
#190830004
1"
#190838396
0#
0"
#190838404
1#
#190839604
1"
#190847996
0#
0"
#190848004
b10001111 %
1#
#190849148
1"
#190857596
0#
0"
#190857604
1#
#190858748
1"
#190867196
0#
0"
#190867204
1#
#190868348
1"
#190876796
0#
0"
#190876804
1#
#190877948
1"
#190886396
0#
0"
#190886404
1#
#190887548
1"
#190895996
0#
0"
#190896004
1#
#190897148
1"
#190905596
0#
0"
#190905604
1#
#190906748
1"
#190915196
0#
0"
#190915204
1#
#190916348
1"
#190924796
0#
0"
#190924804
1#
#190925948
1"
#190934396
0#
0"
#190934404
1#
#190935548
1"
#190943996
0#
0"
#190944004
b10001000 %
1#
#190945092
1"
#190953596
0#
0"
#190953604
1#
#190954692
1"
#190963196
0#
0"
#190963204
1#
#190964292
1"
#190972796
0#
0"
#190972804
1#
#190973892
1"
#190982396
0#
0"
#190982404
1#
#190983492
1"
#190991996
0#
0"
#190992004
1#
#190993092
1"
#191001596
0#
0"
#191001604
1#
#191002692
1"
#191011196
0#
0"
#191011204
1#
#191012292
1"
#191020796
0#
0"
#191020804
1#
#191021892
1"
#191030396
0#
0"
#191030404
1#
#191031492
1"
#191039996
0#
0"
#191040004
b10000001 %
1#
#191041036
1"
#191049596
0#
0"
#191049604
1#
#191050636
1"
#191059196
0#
0"
#191059204
1#
#191060236
1"
#191068796
0#
0"
#191068804
1#
#191069836
1"
#191078396
0#
0"
#191078404
1#
#191079436
1"
#191087996
0#
0"
#191088004
1#
#191089036
1"
#191097596
0#
0"
#191097604
1#
#191098636
1"
#191107196
0#
0"
#191107204
1#
#191108236
1"
#191116796
0#
0"
#191116804
1#
#191117836
1"
#191126396
0#
0"
#191126404
1#
#191127436
1"
#191135996
0#
0"
#191136004
b1111010 %
1#
#191136980
1"
#191145596
0#
0"
#191145604
1#
#191146580
1"
#191155196
0#
0"
#191155204
1#
#191156180
1"
#191164796
0#
0"
#191164804
1#
#191165780
1"
#191174396
0#
0"
#191174404
1#
#191175380
1"
#191183996
0#
0"
#191184004
1#
#191184980
1"
#191193596
0#
0"
#191193604
1#
#191194580
1"
#191203196
0#
0"
#191203204
1#
#191204180
1"
#191212796
0#
0"
#191212804
1#
#191213780
1"
#191222396
0#
0"
#191222404
1#
#191223380
1"
#191231996
0#
0"
#191232004
b1110011 %
1#
#191232924
1"
#191241596
0#
0"
#191241604
1#
#191242524
1"
#191251196
0#
0"
#191251204
1#
#191252124
1"
#191260796
0#
0"
#191260804
1#
#191261724
1"
#191270396
0#
0"
#191270404
1#
#191271324
1"
#191279996
0#
0"
#191280004
1#
#191280924
1"
#191289596
0#
0"
#191289604
1#
#191290524
1"
#191299196
0#
0"
#191299204
1#
#191300124
1"
#191308796
0#
0"
#191308804
1#
#191309724
1"
#191318396
0#
0"
#191318404
1#
#191319324
1"
#191327996
0#
0"
#191328004
b1101100 %
1#
#191328868
1"
#191337596
0#
0"
#191337604
1#
#191338468
1"
#191347196
0#
0"
#191347204
1#
#191348068
1"
#191356796
0#
0"
#191356804
1#
#191357668
1"
#191366396
0#
0"
#191366404
1#
#191367268
1"
#191375996
0#
0"
#191376004
1#
#191376868
1"
#191385596
0#
0"
#191385604
1#
#191386468
1"
#191395196
0#
0"
#191395204
1#
#191396068
1"
#191404796
0#
0"
#191404804
1#
#191405668
1"
#191414396
0#
0"
#191414404
1#
#191415268
1"
#191423996
0#
0"
#191424004
b1100101 %
1#
#191424812
1"
#191433596
0#
0"
#191433604
1#
#191434412
1"
#191443196
0#
0"
#191443204
1#
#191444012
1"
#191452796
0#
0"
#191452804
1#
#191453612
1"
#191462396
0#
0"
#191462404
1#
#191463212
1"
#191471996
0#
0"
#191472004
1#
#191472812
1"
#191481596
0#
0"
#191481604
1#
#191482412
1"
#191491196
0#
0"
#191491204
1#
#191492012
1"
#191500796
0#
0"
#191500804
1#
#191501612
1"
#191510396
0#
0"
#191510404
1#
#191511212
1"
#191519996
0#
0"
#191520004
b1011110 %
1#
#191520756
1"
#191529596
0#
0"
#191529604
1#
#191530356
1"
#191539196
0#
0"
#191539204
1#
#191539956
1"
#191548796
0#
0"
#191548804
1#
#191549556
1"
#191558396
0#
0"
#191558404
1#
#191559156
1"
#191567996
0#
0"
#191568004
1#
#191568756
1"
#191577596
0#
0"
#191577604
1#
#191578356
1"
#191587196
0#
0"
#191587204
1#
#191587956
1"
#191596796
0#
0"
#191596804
1#
#191597556
1"
#191606396
0#
0"
#191606404
1#
#191607156
1"
#191615996
0#
0"
#191616004
b1010111 %
1#
#191616700
1"
#191625596
0#
0"
#191625604
1#
#191626300
1"
#191635196
0#
0"
#191635204
1#
#191635900
1"
#191644796
0#
0"
#191644804
1#
#191645500
1"
#191654396
0#
0"
#191654404
1#
#191655100
1"
#191663996
0#
0"
#191664004
1#
#191664700
1"
#191673596
0#
0"
#191673604
1#
#191674300
1"
#191683196
0#
0"
#191683204
1#
#191683900
1"
#191692796
0#
0"
#191692804
1#
#191693500
1"
#191702396
0#
0"
#191702404
1#
#191703100
1"
#191711996
0#
0"
#191712004
b1010000 %
1#
#191712644
1"
#191721596
0#
0"
#191721604
1#
#191722244
1"
#191731196
0#
0"
#191731204
1#
#191731844
1"
#191740796
0#
0"
#191740804
1#
#191741444
1"
#191750396
0#
0"
#191750404
1#
#191751044
1"
#191759996
0#
0"
#191760004
1#
#191760644
1"
#191769596
0#
0"
#191769604
1#
#191770244
1"
#191779196
0#
0"
#191779204
1#
#191779844
1"
#191788796
0#
0"
#191788804
1#
#191789444
1"
#191798396
0#
0"
#191798404
1#
#191799044
1"
#191807996
0#
0"
#191808004
b1001001 %
1#
#191808588
1"
#191817596
0#
0"
#191817604
1#
#191818188
1"
#191827196
0#
0"
#191827204
1#
#191827788
1"
#191836796
0#
0"
#191836804
1#
#191837388
1"
#191846396
0#
0"
#191846404
1#
#191846988
1"
#191855996
0#
0"
#191856004
1#
#191856588
1"
#191865596
0#
0"
#191865604
1#
#191866188
1"
#191875196
0#
0"
#191875204
1#
#191875788
1"
#191884796
0#
0"
#191884804
1#
#191885388
1"
#191894396
0#
0"
#191894404
1#
#191894988
1"
#191903996
0#
0"
#191904004
b1000010 %
1#
#191904532
1"
#191913596
0#
0"
#191913604
1#
#191914132
1"
#191923196
0#
0"
#191923204
1#
#191923732
1"
#191932796
0#
0"
#191932804
1#
#191933332
1"
#191942396
0#
0"
#191942404
1#
#191942932
1"
#191951996
0#
0"
#191952004
1#
#191952532
1"
#191961596
0#
0"
#191961604
1#
#191962132
1"
#191971196
0#
0"
#191971204
1#
#191971732
1"
#191980796
0#
0"
#191980804
1#
#191981332
1"
#191990396
0#
0"
#191990404
1#
#191990932
1"
#191999996
0#
0"
#192000004
b111011 %
1#
#192000476
1"
#192009596
0#
0"
#192009604
1#
#192010076
1"
#192019196
0#
0"
#192019204
1#
#192019676
1"
#192028796
0#
0"
#192028804
1#
#192029276
1"
#192038396
0#
0"
#192038404
1#
#192038876
1"
#192047996
0#
0"
#192048004
1#
#192048476
1"
#192057596
0#
0"
#192057604
1#
#192058076
1"
#192067196
0#
0"
#192067204
1#
#192067676
1"
#192076796
0#
0"
#192076804
1#
#192077276
1"
#192086396
0#
0"
#192086404
1#
#192086876
1"
#192095996
0#
0"
#192096004
b110100 %
1#
#192096420
1"
#192105596
0#
0"
#192105604
1#
#192106020
1"
#192115196
0#
0"
#192115204
1#
#192115620
1"
#192124796
0#
0"
#192124804
1#
#192125220
1"
#192134396
0#
0"
#192134404
1#
#192134820
1"
#192143996
0#
0"
#192144004
1#
#192144420
1"
#192153596
0#
0"
#192153604
1#
#192154020
1"
#192163196
0#
0"
#192163204
1#
#192163620
1"
#192172796
0#
0"
#192172804
1#
#192173220
1"
#192182396
0#
0"
#192182404
1#
#192182820
1"
#192191996
0#
0"
#192192004
b101101 %
1#
#192192364
1"
#192201596
0#
0"
#192201604
1#
#192201964
1"
#192211196
0#
0"
#192211204
1#
#192211564
1"
#192220796
0#
0"
#192220804
1#
#192221164
1"
#192230396
0#
0"
#192230404
1#
#192230764
1"
#192239996
0#
0"
#192240004
1#
#192240364
1"
#192249596
0#
0"
#192249604
1#
#192249964
1"
#192259196
0#
0"
#192259204
1#
#192259564
1"
#192268796
0#
0"
#192268804
1#
#192269164
1"
#192278396
0#
0"
#192278404
1#
#192278764
1"
#192287996
0#
0"
#192288004
b100110 %
1#
#192288308
1"
#192297596
0#
0"
#192297604
1#
#192297908
1"
#192307196
0#
0"
#192307204
1#
#192307508
1"
#192316796
0#
0"
#192316804
1#
#192317108
1"
#192326396
0#
0"
#192326404
1#
#192326708
1"
#192335996
0#
0"
#192336004
1#
#192336308
1"
#192345596
0#
0"
#192345604
1#
#192345908
1"
#192351996
b111 &
#192355196
0#
0"
#192355260
1#
#192355508
1"
#192364796
0#
0"
#192364860
1#
#192365108
1"
#192374396
0#
0"
#192374460
1#
#192374708
1"
#192383996
0#
0"
#192384004
b11111 %
#192384060
1#
#192384252
1"
#192393596
0#
0"
#192393660
1#
#192393852
1"
#192403196
0#
0"
#192403260
1#
#192403452
1"
#192412796
0#
0"
#192412860
1#
#192413052
1"
#192422396
0#
0"
#192422460
1#
#192422652
1"
#192431996
0#
0"
#192432060
1#
#192432252
1"
#192441596
0#
0"
#192441660
1#
#192441852
1"
#192447996
b1110 &
#192451196
0#
0"
#192451316
1#
#192451452
1"
#192460796
0#
0"
#192460916
1#
#192461052
1"
#192470396
0#
0"
#192470516
1#
#192470652
1"
#192479996
0#
0"
#192480004
1"
b0 %
#192480116
1#
#192489596
0#
0"
#192489604
1"
#192489716
1#
#192499196
0#
0"
#192499204
1"
#192499316
1#
#192508796
0#
0"
#192508804
1"
#192508916
1#
#192518396
0#
0"
#192518404
1"
#192518516
1#
#192527996
0#
0"
#192528004
1"
#192528116
1#
#192537596
0#
0"
#192537604
1"
#192537716
1#
#192543996
b10101 &
#192547196
0#
0"
#192547204
1"
#192547372
1#
#192556796
0#
0"
#192556804
1"
#192556972
1#
#192566396
0#
0"
#192566404
1"
#192566572
1#
#192575996
0#
0"
#192576004
1"
#192576172
1#
#192585596
0#
0"
#192585604
1"
#192585772
1#
#192595196
0#
0"
#192595204
1"
#192595372
1#
#192604796
0#
0"
#192604804
1"
#192604972
1#
#192614396
0#
0"
#192614404
1"
#192614572
1#
#192623996
0#
0"
#192624004
1"
#192624172
1#
#192633596
0#
0"
#192633604
1"
#192633772
1#
#192639996
b11100 &
#192643196
0#
0"
#192643204
1"
#192643428
1#
#192652796
0#
0"
#192652804
1"
#192653028
1#
#192662396
0#
0"
#192662404
1"
#192662628
1#
#192671996
0#
0"
#192672004
1"
#192672228
1#
#192681596
0#
0"
#192681604
1"
#192681828
1#
#192691196
0#
0"
#192691204
1"
#192691428
1#
#192700796
0#
0"
#192700804
1"
#192701028
1#
#192710396
0#
0"
#192710404
1"
#192710628
1#
#192719996
0#
0"
#192720004
1"
#192720228
1#
#192729596
0#
0"
#192729604
1"
#192729828
1#
#192735996
b100011 &
#192739196
0#
0"
#192739204
1"
#192739484
1#
#192748796
0#
0"
#192748804
1"
#192749084
1#
#192758396
0#
0"
#192758404
1"
#192758684
1#
#192767996
0#
0"
#192768004
1"
#192768284
1#
#192777596
0#
0"
#192777604
1"
#192777884
1#
#192787196
0#
0"
#192787204
1"
#192787484
1#
#192796796
0#
0"
#192796804
1"
#192797084
1#
#192806396
0#
0"
#192806404
1"
#192806684
1#
#192815996
0#
0"
#192816004
1"
#192816284
1#
#192825596
0#
0"
#192825604
1"
#192825884
1#
#192831996
b101010 &
#192835196
0#
0"
#192835204
1"
#192835540
1#
#192844796
0#
0"
#192844804
1"
#192845140
1#
#192854396
0#
0"
#192854404
1"
#192854740
1#
#192863996
0#
0"
#192864004
1"
#192864340
1#
#192873596
0#
0"
#192873604
1"
#192873940
1#
#192883196
0#
0"
#192883204
1"
#192883540
1#
#192892796
0#
0"
#192892804
1"
#192893140
1#
#192902396
0#
0"
#192902404
1"
#192902740
1#
#192911996
0#
0"
#192912004
1"
#192912340
1#
#192921596
0#
0"
#192921604
1"
#192921940
1#
#192927996
b110001 &
#192931196
0#
0"
#192931204
1"
#192931596
1#
#192940796
0#
0"
#192940804
1"
#192941196
1#
#192950396
0#
0"
#192950404
1"
#192950796
1#
#192959996
0#
0"
#192960004
1"
#192960396
1#
#192969596
0#
0"
#192969604
1"
#192969996
1#
#192979196
0#
0"
#192979204
1"
#192979596
1#
#192988796
0#
0"
#192988804
1"
#192989196
1#
#192998396
0#
0"
#192998404
1"
#192998796
1#
#193007996
0#
0"
#193008004
1"
#193008396
1#
#193017596
0#
0"
#193017604
1"
#193017996
1#
#193023996
b111000 &
#193027196
0#
0"
#193027204
1"
#193027652
1#
#193036796
0#
0"
#193036804
1"
#193037252
1#
#193046396
0#
0"
#193046404
1"
#193046852
1#
#193055996
0#
0"
#193056004
1"
#193056452
1#
#193065596
0#
0"
#193065604
1"
#193066052
1#
#193075196
0#
0"
#193075204
1"
#193075652
1#
#193084796
0#
0"
#193084804
1"
#193085252
1#
#193094396
0#
0"
#193094404
1"
#193094852
1#
#193103996
0#
0"
#193104004
1"
#193104452
1#
#193113596
0#
0"
#193113604
1"
#193114052
1#
#193119996
b111111 &
#193123196
0#
0"
#193123204
1"
#193123708
1#
#193132796
0#
0"
#193132804
1"
#193133308
1#
#193142396
0#
0"
#193142404
1"
#193142908
1#
#193151996
0#
0"
#193152004
1"
#193152508
1#
#193161596
0#
0"
#193161604
1"
#193162108
1#
#193171196
0#
0"
#193171204
1"
#193171708
1#
#193180796
0#
0"
#193180804
1"
#193181308
1#
#193190396
0#
0"
#193190404
1"
#193190908
1#
#193199996
0#
0"
#193200004
1"
#193200508
1#
#193209596
0#
0"
#193209604
1"
#193210108
1#
#193215996
b1000110 &
#193219196
0#
0"
#193219204
1"
#193219764
1#
#193228796
0#
0"
#193228804
1"
#193229364
1#
#193238396
0#
0"
#193238404
1"
#193238964
1#
#193247996
0#
0"
#193248004
1"
#193248564
1#
#193257596
0#
0"
#193257604
1"
#193258164
1#
#193267196
0#
0"
#193267204
1"
#193267764
1#
#193276796
0#
0"
#193276804
1"
#193277364
1#
#193286396
0#
0"
#193286404
1"
#193286964
1#
#193295996
0#
0"
#193296004
1"
#193296564
1#
#193305596
0#
0"
#193305604
1"
#193306164
1#
#193311996
b1001101 &
#193315196
0#
0"
#193315204
1"
#193315820
1#
#193324796
0#
0"
#193324804
1"
#193325420
1#
#193334396
0#
0"
#193334404
1"
#193335020
1#
#193343996
0#
0"
#193344004
1"
#193344620
1#
#193353596
0#
0"
#193353604
1"
#193354220
1#
#193363196
0#
0"
#193363204
1"
#193363820
1#
#193372796
0#
0"
#193372804
1"
#193373420
1#
#193382396
0#
0"
#193382404
1"
#193383020
1#
#193391996
0#
0"
#193392004
1"
#193392620
1#
#193401596
0#
0"
#193401604
1"
#193402220
1#
#193407996
b1010100 &
#193411196
0#
0"
#193411204
1"
#193411876
1#
#193420796
0#
0"
#193420804
1"
#193421476
1#
#193430396
0#
0"
#193430404
1"
#193431076
1#
#193439996
0#
0"
#193440004
1"
#193440676
1#
#193449596
0#
0"
#193449604
1"
#193450276
1#
#193459196
0#
0"
#193459204
1"
#193459876
1#
#193468796
0#
0"
#193468804
1"
#193469476
1#
#193478396
0#
0"
#193478404
1"
#193479076
1#
#193487996
0#
0"
#193488004
1"
#193488676
1#
#193497596
0#
0"
#193497604
1"
#193498276
1#
#193503996
b1011011 &
#193507196
0#
0"
#193507204
1"
#193507932
1#
#193516796
0#
0"
#193516804
1"
#193517532
1#
#193526396
0#
0"
#193526404
1"
#193527132
1#
#193535996
0#
0"
#193536004
1"
#193536732
1#
#193545596
0#
0"
#193545604
1"
#193546332
1#
#193555196
0#
0"
#193555204
1"
#193555932
1#
#193564796
0#
0"
#193564804
1"
#193565532
1#
#193574396
0#
0"
#193574404
1"
#193575132
1#
#193583996
0#
0"
#193584004
1"
#193584732
1#
#193593596
0#
0"
#193593604
1"
#193594332
1#
#193599996
b1100010 &
#193603196
0#
0"
#193603204
1"
#193603988
1#
#193612796
0#
0"
#193612804
1"
#193613588
1#
#193622396
0#
0"
#193622404
1"
#193623188
1#
#193631996
0#
0"
#193632004
1"
#193632788
1#
#193641596
0#
0"
#193641604
1"
#193642388
1#
#193651196
0#
0"
#193651204
1"
#193651988
1#
#193660796
0#
0"
#193660804
1"
#193661588
1#
#193670396
0#
0"
#193670404
1"
#193671188
1#
#193679996
0#
0"
#193680004
1"
#193680788
1#
#193689596
0#
0"
#193689604
1"
#193690388
1#
#193695996
b1101001 &
#193699196
0#
0"
#193699204
1"
#193700044
1#
#193708796
0#
0"
#193708804
1"
#193709644
1#
#193718396
0#
0"
#193718404
1"
#193719244
1#
#193727996
0#
0"
#193728004
1"
#193728844
1#
#193737596
0#
0"
#193737604
1"
#193738444
1#
#193747196
0#
0"
#193747204
1"
#193748044
1#
#193756796
0#
0"
#193756804
1"
#193757644
1#
#193766396
0#
0"
#193766404
1"
#193767244
1#
#193775996
0#
0"
#193776004
1"
#193776844
1#
#193785596
0#
0"
#193785604
1"
#193786444
1#
#193791996
b1110000 &
#193795196
0#
0"
#193795204
1"
#193796100
1#
#193804796
0#
0"
#193804804
1"
#193805700
1#
#193814396
0#
0"
#193814404
1"
#193815300
1#
#193823996
0#
0"
#193824004
1"
#193824900
1#
#193833596
0#
0"
#193833604
1"
#193834500
1#
#193843196
0#
0"
#193843204
1"
#193844100
1#
#193852796
0#
0"
#193852804
1"
#193853700
1#
#193862396
0#
0"
#193862404
1"
#193863300
1#
#193871996
0#
0"
#193872004
1"
#193872900
1#
#193881596
0#
0"
#193881604
1"
#193882500
1#
#193887996
b1110111 &
#193891196
0#
0"
#193891204
1"
#193892156
1#
#193900796
0#
0"
#193900804
1"
#193901756
1#
#193910396
0#
0"
#193910404
1"
#193911356
1#
#193919996
0#
0"
#193920004
1"
#193920956
1#
#193929596
0#
0"
#193929604
1"
#193930556
1#
#193939196
0#
0"
#193939204
1"
#193940156
1#
#193948796
0#
0"
#193948804
1"
#193949756
1#
#193958396
0#
0"
#193958404
1"
#193959356
1#
#193967996
0#
0"
#193968004
1"
#193968956
1#
#193977596
0#
0"
#193977604
1"
#193978556
1#
#193983996
b1111110 &
#193987196
0#
0"
#193987204
1"
#193988212
1#
#193996796
0#
0"
#193996804
1"
#193997812
1#
#194006396
0#
0"
#194006404
1"
#194007412
1#
#194015996
0#
0"
#194016004
1"
#194017012
1#
#194025596
0#
0"
#194025604
1"
#194026612
1#
#194035196
0#
0"
#194035204
1"
#194036212
1#
#194044796
0#
0"
#194044804
1"
#194045812
1#
#194054396
0#
0"
#194054404
1"
#194055412
1#
#194063996
0#
0"
#194064004
1"
#194065012
1#
#194073596
0#
0"
#194073604
1"
#194074612
1#
#194079996
b10000101 &
#194083196
0#
0"
#194083204
1"
#194084268
1#
#194092796
0#
0"
#194092804
1"
#194093868
1#
#194102396
0#
0"
#194102404
1"
#194103468
1#
#194111996
0#
0"
#194112004
1"
#194113068
1#
#194121596
0#
0"
#194121604
1"
#194122668
1#
#194131196
0#
0"
#194131204
1"
#194132268
1#
#194140796
0#
0"
#194140804
1"
#194141868
1#
#194150396
0#
0"
#194150404
1"
#194151468
1#
#194159996
0#
0"
#194160004
1"
#194161068
1#
#194169596
0#
0"
#194169604
1"
#194170668
1#
#194175996
b10001100 &
#194179196
0#
0"
#194179204
1"
#194180324
1#
#194188796
0#
0"
#194188804
1"
#194189924
1#
#194198396
0#
0"
#194198404
1"
#194199524
1#
#194207996
0#
0"
#194208004
1"
#194209124
1#
#194217596
0#
0"
#194217604
1"
#194218724
1#
#194227196
0#
0"
#194227204
1"
#194228324
1#
#194236796
0#
0"
#194236804
1"
#194237924
1#
#194246396
0#
0"
#194246404
1"
#194247524
1#
#194255996
0#
0"
#194256004
1"
#194257124
1#
#194265596
0#
0"
#194265604
1"
#194266724
1#
#194271996
b10010011 &
#194275196
0#
0"
#194275204
1"
#194276380
1#
#194284796
0#
0"
#194284804
1"
#194285980
1#
#194294396
0#
0"
#194294404
1"
#194295580
1#
#194303996
0#
0"
#194304004
1"
#194305180
1#
#194313596
0#
0"
#194313604
1"
#194314780
1#
#194323196
0#
0"
#194323204
1"
#194324380
1#
#194332796
0#
0"
#194332804
1"
#194333980
1#
#194342396
0#
0"
#194342404
1"
#194343580
1#
#194351996
0#
0"
#194352004
1"
#194353180
1#
#194361596
0#
0"
#194361604
1"
#194362780
1#
#194367996
b10011010 &
#194371196
0#
0"
#194371204
1"
#194372436
1#
#194380796
0#
0"
#194380804
1"
#194382036
1#
#194390396
0#
0"
#194390404
1"
#194391636
1#
#194399996
0#
0"
#194400004
1"
#194401236
1#
#194409596
0#
0"
#194409604
1"
#194410836
1#
#194419196
0#
0"
#194419204
1"
#194420436
1#
#194428796
0#
0"
#194428804
1"
#194430036
1#
#194438396
0#
0"
#194438404
1"
#194439636
1#
#194447996
0#
0"
#194448004
1"
#194449236
1#
#194457596
0#
0"
#194457604
1"
#194458836
1#
#194463996
b10100001 &
#194467196
0#
0"
#194467204
1"
#194468492
1#
#194476796
0#
0"
#194476804
1"
#194478092
1#
#194486396
0#
0"
#194486404
1"
#194487692
1#
#194495996
0#
0"
#194496004
1"
#194497292
1#
#194505596
0#
0"
#194505604
1"
#194506892
1#
#194515196
0#
0"
#194515204
1"
#194516492
1#
#194524796
0#
0"
#194524804
1"
#194526092
1#
#194534396
0#
0"
#194534404
1"
#194535692
1#
#194543996
0#
0"
#194544004
1"
#194545292
1#
#194553596
0#
0"
#194553604
1"
#194554892
1#
#194559996
b10101000 &
#194563196
0#
0"
#194563204
1"
#194564548
1#
#194572796
0#
0"
#194572804
1"
#194574148
1#
#194582396
0#
0"
#194582404
1"
#194583748
1#
#194591996
0#
0"
#194592004
1"
#194593348
1#
#194601596
0#
0"
#194601604
1"
#194602948
1#
#194611196
0#
0"
#194611204
1"
#194612548
1#
#194620796
0#
0"
#194620804
1"
#194622148
1#
#194630396
0#
0"
#194630404
1"
#194631748
1#
#194639996
0#
0"
#194640004
1"
#194641348
1#
#194649596
0#
0"
#194649604
1"
#194650948
1#
#194655996
b10101111 &
#194659196
0#
0"
#194659204
1"
#194660604
1#
#194668796
0#
0"
#194668804
1"
#194670204
1#
#194678396
0#
0"
#194678404
1"
#194679804
1#
#194687996
0#
0"
#194688004
1"
#194689404
1#
#194697596
0#
0"
#194697604
1"
#194699004
1#
#194707196
0#
0"
#194707204
1"
#194708604
1#
#194716796
0#
0"
#194716804
1"
#194718204
1#
#194726396
0#
0"
#194726404
1"
#194727804
1#
#194735996
0#
0"
#194736004
1"
#194737404
1#
#194745596
0#
0"
#194745604
1"
#194747004
1#
#194751996
b10110110 &
#194755196
0#
0"
#194755204
1"
#194756660
1#
#194764796
0#
0"
#194764804
1"
#194766260
1#
#194774396
0#
0"
#194774404
1"
#194775860
1#
#194783996
0#
0"
#194784004
1"
#194785460
1#
#194793596
0#
0"
#194793604
1"
#194795060
1#
#194803196
0#
0"
#194803204
1"
#194804660
1#
#194812796
0#
0"
#194812804
1"
#194814260
1#
#194822396
0#
0"
#194822404
1"
#194823860
1#
#194831996
0#
0"
#194832004
1"
#194833460
1#
#194841596
0#
0"
#194841604
1"
#194843060
1#
#194847996
b10111101 &
#194851196
0#
0"
#194851204
1"
#194852716
1#
#194860796
0#
0"
#194860804
1"
#194862316
1#
#194870396
0#
0"
#194870404
1"
#194871916
1#
#194879996
0#
0"
#194880004
1"
#194881516
1#
#194889596
0#
0"
#194889604
1"
#194891116
1#
#194899196
0#
0"
#194899204
1"
#194900716
1#
#194908796
0#
0"
#194908804
1"
#194910316
1#
#194918396
0#
0"
#194918404
1"
#194919916
1#
#194927996
0#
0"
#194928004
1"
#194929516
1#
#194937596
0#
0"
#194937604
1"
#194939116
1#
#194943996
b11000100 &
#194947196
0#
0"
#194947204
1"
#194948772
1#
#194956796
0#
0"
#194956804
1"
#194958372
1#
#194966396
0#
0"
#194966404
1"
#194967972
1#
#194975996
0#
0"
#194976004
1"
#194977572
1#
#194985596
0#
0"
#194985604
1"
#194987172
1#
#194995196
0#
0"
#194995204
1"
#194996772
1#
#195004796
0#
0"
#195004804
1"
#195006372
1#
#195014396
0#
0"
#195014404
1"
#195015972
1#
#195023996
0#
0"
#195024004
1"
#195025572
1#
#195033596
0#
0"
#195033604
1"
#195035172
1#
#195039996
b11001011 &
#195043196
0#
0"
#195043204
1"
#195044828
1#
#195052796
0#
0"
#195052804
1"
#195054428
1#
#195062396
0#
0"
#195062404
1"
#195064028
1#
#195071996
0#
0"
#195072004
1"
#195073628
1#
#195081596
0#
0"
#195081604
1"
#195083228
1#
#195091196
0#
0"
#195091204
1"
#195092828
1#
#195100796
0#
0"
#195100804
1"
#195102428
1#
#195110396
0#
0"
#195110404
1"
#195112028
1#
#195119996
0#
0"
#195120004
1"
#195121628
1#
#195129596
0#
0"
#195129604
1"
#195131228
1#
#195135996
b11010010 &
#195139196
0#
0"
#195139204
1"
#195140884
1#
#195148796
0#
0"
#195148804
1"
#195150484
1#
#195158396
0#
0"
#195158404
1"
#195160084
1#
#195167996
0#
0"
#195168004
1"
#195169684
1#
#195177596
0#
0"
#195177604
1"
#195179284
1#
#195187196
0#
0"
#195187204
1"
#195188884
1#
#195196796
0#
0"
#195196804
1"
#195198484
1#
#195206396
0#
0"
#195206404
1"
#195208084
1#
#195215996
0#
0"
#195216004
1"
#195217684
1#
#195225596
0#
0"
#195225604
1"
#195227284
1#
#195231996
b11011001 &
#195235196
0#
0"
#195235204
1"
#195236940
1#
#195244796
0#
0"
#195244804
1"
#195246540
1#
#195254396
0#
0"
#195254404
1"
#195256140
1#
#195263996
0#
0"
#195264004
1"
#195265740
1#
#195273596
0#
0"
#195273604
1"
#195275340
1#
#195283196
0#
0"
#195283204
1"
#195284940
1#
#195292796
0#
0"
#195292804
1"
#195294540
1#
#195302396
0#
0"
#195302404
1"
#195304140
1#
#195311996
0#
0"
#195312004
1"
#195313740
1#
#195321596
0#
0"
#195321604
1"
#195323340
1#
#195327996
b11100000 &
#195331196
0#
0"
#195331204
1"
#195332996
1#
#195340796
0#
0"
#195340804
1"
#195342596
1#
#195350396
0#
0"
#195350404
1"
#195352196
1#
#195359996
0#
0"
#195360004
1"
#195361796
1#
#195369596
0#
0"
#195369604
1"
#195371396
1#
#195379196
0#
0"
#195379204
1"
#195380996
1#
#195388796
0#
0"
#195388804
1"
#195390596
1#
#195398396
0#
0"
#195398404
1"
#195400196
1#
#195407996
0#
0"
#195408004
1"
#195409796
1#
#195417596
0#
0"
#195417604
1"
#195419396
1#
#195423996
b11100111 &
#195427196
0#
0"
#195427204
1"
#195429052
1#
#195436796
0#
0"
#195436804
1"
#195438652
1#
#195446396
0#
0"
#195446404
1"
#195448252
1#
#195455996
0#
0"
#195456004
1"
#195457852
1#
#195465596
0#
0"
#195465604
1"
#195467452
1#
#195475196
0#
0"
#195475204
1"
#195477052
1#
#195484796
0#
0"
#195484804
1"
#195486652
1#
#195494396
0#
0"
#195494404
1"
#195496252
1#
#195503996
0#
0"
#195504004
1"
#195505852
1#
#195513596
0#
0"
#195513604
1"
#195515452
1#
#195519996
b11101110 &
#195523196
0#
0"
#195523204
1"
#195525108
1#
#195532796
0#
0"
#195532804
1"
#195534708
1#
#195542396
0#
0"
#195542404
1"
#195544308
1#
#195551996
0#
0"
#195552004
1"
#195553908
1#
#195561596
0#
0"
#195561604
1"
#195563508
1#
#195571196
0#
0"
#195571204
1"
#195573108
1#
#195580796
0#
0"
#195580804
1"
#195582708
1#
#195590396
0#
0"
#195590404
1"
#195592308
1#
#195599996
0#
0"
#195600004
1"
#195601908
1#
#195609596
0#
0"
#195609604
1"
#195611508
1#
#195615996
b11110101 &
#195619196
0#
0"
#195619204
1"
#195621164
1#
#195628796
0#
0"
#195628804
1"
#195630764
1#
#195638396
0#
0"
#195638404
1"
#195640364
1#
#195647996
0#
0"
#195648004
1"
#195649964
1#
#195657596
0#
0"
#195657604
1"
#195659564
1#
#195667196
0#
0"
#195667204
1"
#195669164
1#
#195676796
0#
0"
#195676804
1"
#195678764
1#
#195686396
0#
0"
#195686404
1"
#195688364
1#
#195695996
0#
0"
#195696004
1"
#195697964
1#
#195705596
0#
0"
#195705604
1"
#195707564
1#
#195711996
b11111100 &
#195715196
0#
0"
#195715204
1"
#195717220
1#
#195724796
0#
0"
#195724804
1"
#195726820
1#
#195734396
0#
0"
#195734404
1"
#195736420
1#
#195743996
0#
0"
#195744004
1"
#195746020
1#
#195753596
0#
0"
#195753604
1"
#195755620
1#
#195763196
0#
0"
#195763204
1"
#195765220
1#
#195772796
0#
0"
#195772804
1"
#195774820
1#
#195782396
0#
0"
#195782404
1"
#195784420
1#
#195791996
0#
0"
#195792004
1"
#195794020
1#
#195801596
0#
0"
#195801604
1"
#195803620
1#
#195807996
b100000011 &
#195811196
0#
0"
#195811204
1"
#195813276
1#
#195820796
0#
0"
#195820804
1"
#195822876
1#
#195830396
0#
0"
#195830404
1"
#195832476
1#
#195839996
0#
0"
#195840004
1"
#195842076
1#
#195849596
0#
0"
#195849604
1"
#195851676
1#
#195859196
0#
0"
#195859204
1"
#195861276
1#
#195868796
0#
0"
#195868804
1"
#195870876
1#
#195878396
0#
0"
#195878404
1"
#195880476
1#
#195887996
0#
0"
#195888004
1"
#195890076
1#
#195897596
0#
0"
#195897604
1"
#195899676
1#
#195903996
b100001010 &
#195907196
0#
0"
#195907204
1"
#195909332
1#
#195916796
0#
0"
#195916804
1"
#195918932
1#
#195926396
0#
0"
#195926404
1"
#195928532
1#
#195935996
0#
0"
#195936004
1"
#195938132
1#
#195945596
0#
0"
#195945604
1"
#195947732
1#
#195955196
0#
0"
#195955204
1"
#195957332
1#
#195964796
0#
0"
#195964804
1"
#195966932
1#
#195974396
0#
0"
#195974404
1"
#195976532
1#
#195983996
0#
0"
#195984004
1"
#195986132
1#
#195993596
0#
0"
#195993604
1"
#195995732
1#
#195999996
b100010001 &
#196003196
0#
0"
#196003204
1"
#196005388
1#
#196012796
0#
0"
#196012804
1"
#196014988
1#
#196022396
0#
0"
#196022404
1"
#196024588
1#
#196031996
0#
0"
#196032004
1"
#196034188
1#
#196041596
0#
0"
#196041604
1"
#196043788
1#
#196051196
0#
0"
#196051204
1"
#196053388
1#
#196060796
0#
0"
#196060804
1"
#196062988
1#
#196070396
0#
0"
#196070404
1"
#196072588
1#
#196079996
0#
0"
#196080004
1"
#196082188
1#
#196089596
0#
0"
#196089604
1"
#196091788
1#
#196095996
b100011000 &
#196099196
0#
0"
#196099204
1"
#196101444
1#
#196108796
0#
0"
#196108804
1"
#196111044
1#
#196118396
0#
0"
#196118404
1"
#196120644
1#
#196127996
0#
0"
#196128004
1"
#196130244
1#
#196137596
0#
0"
#196137604
1"
#196139844
1#
#196147196
0#
0"
#196147204
1"
#196149444
1#
#196156796
0#
0"
#196156804
1"
#196159044
1#
#196166396
0#
0"
#196166404
1"
#196168644
1#
#196175996
0#
0"
#196176004
1"
#196178244
1#
#196185596
0#
0"
#196185604
1"
#196187844
1#
#196191996
b100011111 &
#196195196
0#
0"
#196195204
1"
#196197500
1#
#196204796
0#
0"
#196204804
1"
#196207100
1#
#196214396
0#
0"
#196214404
1"
#196216700
1#
#196223996
0#
0"
#196224004
1"
#196226300
1#
#196233596
0#
0"
#196233604
1"
#196235900
1#
#196243196
0#
0"
#196243204
1"
#196245500
1#
#196252796
0#
0"
#196252804
1"
#196255100
1#
#196262396
0#
0"
#196262404
1"
#196264700
1#
#196271996
0#
0"
#196272004
1"
#196274300
1#
#196281596
0#
0"
#196281604
1"
#196283900
1#
#196287996
b100100110 &
#196291196
0#
0"
#196291204
1"
#196293556
1#
#196300796
0#
0"
#196300804
1"
#196303156
1#
#196310396
0#
0"
#196310404
1"
#196312756
1#
#196319996
0#
0"
#196320004
1"
#196322356
1#
#196329596
0#
0"
#196329604
1"
#196331956
1#
#196339196
0#
0"
#196339204
1"
#196341556
1#
#196348796
0#
0"
#196348804
1"
#196351156
1#
#196358396
0#
0"
#196358404
1"
#196360756
1#
#196367996
0#
0"
#196368004
1"
#196370356
1#
#196377596
0#
0"
#196377604
1"
#196379956
1#
#196383996
b100101101 &
#196387196
0#
0"
#196387204
1"
#196389612
1#
#196396796
0#
0"
#196396804
1"
#196399212
1#
#196406396
0#
0"
#196406404
1"
#196408812
1#
#196415996
0#
0"
#196416004
1"
#196418412
1#
#196425596
0#
0"
#196425604
1"
#196428012
1#
#196435196
0#
0"
#196435204
1"
#196437612
1#
#196444796
0#
0"
#196444804
1"
#196447212
1#
#196454396
0#
0"
#196454404
1"
#196456812
1#
#196463996
0#
0"
#196464004
1"
#196466412
1#
#196473596
0#
0"
#196473604
1"
#196476012
1#
#196479996
b100110100 &
#196483196
0#
0"
#196483204
1"
#196485668
1#
#196492796
0#
0"
#196492804
1"
#196495268
1#
#196502396
0#
0"
#196502404
1"
#196504868
1#
#196511996
0#
0"
#196512004
1"
#196514468
1#
#196521596
0#
0"
#196521604
1"
#196524068
1#
#196531196
0#
0"
#196531204
1"
#196533668
1#
#196540796
0#
0"
#196540804
1"
#196543268
1#
#196550396
0#
0"
#196550404
1"
#196552868
1#
#196559996
0#
0"
#196560004
1"
#196562468
1#
#196569596
0#
0"
#196569604
1"
#196572068
1#
#196575996
b100111011 &
#196579196
0#
0"
#196579204
1"
#196581724
1#
#196588796
0#
0"
#196588804
1"
#196591324
1#
#196598396
0#
0"
#196598404
1"
#196600924
1#
#196607996
0#
0"
#196608004
1"
#196610524
1#
#196617596
0#
0"
#196617604
1"
#196620124
1#
#196627196
0#
0"
#196627204
1"
#196629724
1#
#196636796
0#
0"
#196636804
1"
#196639324
1#
#196646396
0#
0"
#196646404
1"
#196648924
1#
#196655996
0#
0"
#196656004
1"
#196658524
1#
#196665596
0#
0"
#196665604
1"
#196668124
1#
#196671996
b101000010 &
#196675196
0#
0"
#196675204
1"
#196677780
1#
#196684796
0#
0"
#196684804
1"
#196687380
1#
#196694396
0#
0"
#196694404
1"
#196696980
1#
#196703996
0#
0"
#196704004
1"
#196706580
1#
#196713596
0#
0"
#196713604
1"
#196716180
1#
#196723196
0#
0"
#196723204
1"
#196725780
1#
#196732796
0#
0"
#196732804
1"
#196735380
1#
#196742396
0#
0"
#196742404
1"
#196744980
1#
#196751996
0#
0"
#196752004
1"
#196754580
1#
#196761596
0#
0"
#196761604
1"
#196764180
1#
#196767996
b101001001 &
#196771196
0#
0"
#196771204
1"
#196773836
1#
#196780796
0#
0"
#196780804
1"
#196783436
1#
#196790396
0#
0"
#196790404
1"
#196793036
1#
#196799996
0#
0"
#196800004
1"
#196802636
1#
#196809596
0#
0"
#196809604
1"
#196812236
1#
#196819196
0#
0"
#196819204
1"
#196821836
1#
#196828796
0#
0"
#196828804
1"
#196831436
1#
#196838396
0#
0"
#196838404
1"
#196841036
1#
#196847996
0#
0"
#196848004
1"
#196850636
1#
#196857596
0#
0"
#196857604
1"
#196860236
1#
#196863996
b101010000 &
#196867196
0#
0"
#196867204
1"
#196869892
1#
#196876796
0#
0"
#196876804
1"
#196879492
1#
#196886396
0#
0"
#196886404
1"
#196889092
1#
#196895996
0#
0"
#196896004
1"
#196898692
1#
#196905596
0#
0"
#196905604
1"
#196908292
1#
#196915196
0#
0"
#196915204
1"
#196917892
1#
#196924796
0#
0"
#196924804
1"
#196927492
1#
#196934396
0#
0"
#196934404
1"
#196937092
1#
#196943996
0#
0"
#196944004
1"
#196946692
1#
#196953596
0#
0"
#196953604
1"
#196956292
1#
#196959996
b101010111 &
#196963196
0#
0"
#196963204
1"
#196965948
1#
#196972796
0#
0"
#196972804
1"
#196975548
1#
#196982396
0#
0"
#196982404
1"
#196985148
1#
#196991996
0#
0"
#196992004
1"
#196994748
1#
#197001596
0#
0"
#197001604
1"
#197004348
1#
#197011196
0#
0"
#197011204
1"
#197013948
1#
#197020796
0#
0"
#197020804
1"
#197023548
1#
#197030396
0#
0"
#197030404
1"
#197033148
1#
#197039996
0#
0"
#197040004
1"
#197042748
1#
#197049596
0#
0"
#197049604
1"
#197052348
1#
#197055996
b101011110 &
#197059196
0#
0"
#197059204
1"
#197062004
1#
#197068796
0#
0"
#197068804
1"
#197071604
1#
#197078396
0#
0"
#197078404
1"
#197081204
1#
#197087996
0#
0"
#197088004
1"
#197090804
1#
#197097596
0#
0"
#197097604
1"
#197100404
1#
#197107196
0#
0"
#197107204
1"
#197110004
1#
#197116796
0#
0"
#197116804
1"
#197119604
1#
#197126396
0#
0"
#197126404
1"
#197129204
1#
#197135996
0#
0"
#197136004
1"
#197138804
1#
#197145596
0#
0"
#197145604
1"
#197148404
1#
#197151996
b101100101 &
#197155196
0#
0"
#197155204
1"
#197158060
1#
#197164796
0#
0"
#197164804
1"
#197167660
1#
#197174396
0#
0"
#197174404
1"
#197177260
1#
#197183996
0#
0"
#197184004
1"
#197186860
1#
#197193596
0#
0"
#197193604
1"
#197196460
1#
#197203196
0#
0"
#197203204
1"
#197206060
1#
#197212796
0#
0"
#197212804
1"
#197215660
1#
#197222396
0#
0"
#197222404
1"
#197225260
1#
#197231996
0#
0"
#197232004
1"
#197234860
1#
#197241596
0#
0"
#197241604
1"
#197244460
1#
#197247996
b101101100 &
#197251196
0#
0"
#197251204
1"
#197254116
1#
#197260796
0#
0"
#197260804
1"
#197263716
1#
#197270396
0#
0"
#197270404
1"
#197273316
1#
#197279996
0#
0"
#197280004
1"
#197282916
1#
#197289596
0#
0"
#197289604
1"
#197292516
1#
#197299196
0#
0"
#197299204
1"
#197302116
1#
#197308796
0#
0"
#197308804
1"
#197311716
1#
#197318396
0#
0"
#197318404
1"
#197321316
1#
#197327996
0#
0"
#197328004
1"
#197330916
1#
#197337596
0#
0"
#197337604
1"
#197340516
1#
#197343996
b101110011 &
#197347196
0#
0"
#197347204
1"
#197350172
1#
#197356796
0#
0"
#197356804
1"
#197359772
1#
#197366396
0#
0"
#197366404
1"
#197369372
1#
#197375996
0#
0"
#197376004
1"
#197378972
1#
#197385596
0#
0"
#197385604
1"
#197388572
1#
#197395196
0#
0"
#197395204
1"
#197398172
1#
#197404796
0#
0"
#197404804
1"
#197407772
1#
#197414396
0#
0"
#197414404
1"
#197417372
1#
#197423996
0#
0"
#197424004
1"
#197426972
1#
#197433596
0#
0"
#197433604
1"
#197436572
1#
#197439996
b101111010 &
#197443196
0#
0"
#197443204
1"
#197446228
1#
#197452796
0#
0"
#197452804
1"
#197455828
1#
#197462396
0#
0"
#197462404
1"
#197465428
1#
#197471996
0#
0"
#197472004
1"
#197475028
1#
#197481596
0#
0"
#197481604
1"
#197484628
1#
#197491196
0#
0"
#197491204
1"
#197494228
1#
#197500796
0#
0"
#197500804
1"
#197503828
1#
#197510396
0#
0"
#197510404
1"
#197513428
1#
#197519996
0#
0"
#197520004
1"
#197523028
1#
#197529596
0#
0"
#197529604
1"
#197532628
1#
#197535996
b110000001 &
#197539196
0#
0"
#197539204
1"
#197542284
1#
#197548796
0#
0"
#197548804
1"
#197551884
1#
#197558396
0#
0"
#197558404
1"
#197561484
1#
#197567996
0#
0"
#197568004
1"
#197571084
1#
#197577596
0#
0"
#197577604
1"
#197580684
1#
#197587196
0#
0"
#197587204
1"
#197590284
1#
#197596796
0#
0"
#197596804
1"
#197599884
1#
#197606396
0#
0"
#197606404
1"
#197609484
1#
#197615996
0#
0"
#197616004
1"
#197619084
1#
#197625596
0#
0"
#197625604
1"
#197628684
1#
#197631996
b110001000 &
#197635196
0#
0"
#197635204
1"
#197638340
1#
#197644796
0#
0"
#197644804
1"
#197647940
1#
#197654396
0#
0"
#197654404
1"
#197657540
1#
#197663996
0#
0"
#197664004
1"
#197667140
1#
#197673596
0#
0"
#197673604
1"
#197676740
1#
#197683196
0#
0"
#197683204
1"
#197686340
1#
#197692796
0#
0"
#197692804
1"
#197695940
1#
#197702396
0#
0"
#197702404
1"
#197705540
1#
#197711996
0#
0"
#197712004
1"
#197715140
1#
#197721596
0#
0"
#197721604
1"
#197724740
1#
#197727996
b110001111 &
#197731196
0#
0"
#197731204
1"
#197734396
1#
#197740796
0#
0"
#197740804
1"
#197743996
1#
#197750396
0#
0"
#197750404
1"
#197753596
1#
#197759996
0#
0"
#197760004
1"
#197763196
1#
#197769596
0#
0"
#197769604
1"
#197772796
1#
#197779196
0#
0"
#197779204
1"
#197782396
1#
#197788796
0#
0"
#197788804
1"
#197791996
1#
#197798396
0#
0"
#197798404
1"
#197801596
1#
#197807996
0#
0"
#197808004
1"
#197811196
1#
#197817596
0#
0"
#197817604
1"
#197820796
1#
#197823996
b110010110 &
#197827196
0#
0"
#197827204
1"
#197830452
1#
#197836796
0#
0"
#197836804
1"
#197840052
1#
#197846396
0#
0"
#197846404
1"
#197849652
1#
#197855996
0#
0"
#197856004
1"
#197859252
1#
#197865596
0#
0"
#197865604
1"
#197868852
1#
#197875196
0#
0"
#197875204
1"
#197878452
1#
#197884796
0#
0"
#197884804
1"
#197888052
1#
#197894396
0#
0"
#197894404
1"
#197897652
1#
#197903996
0#
0"
#197904004
1"
#197907252
1#
#197913596
0#
0"
#197913604
1"
#197916852
1#
#197919996
b110011101 &
#197923196
0#
0"
#197923204
1"
#197926508
1#
#197932796
0#
0"
#197932804
1"
#197936108
1#
#197942396
0#
0"
#197942404
1"
#197945708
1#
#197951996
0#
0"
#197952004
1"
#197955308
1#
#197961596
0#
0"
#197961604
1"
#197964908
1#
#197971196
0#
0"
#197971204
1"
#197974508
1#
#197980796
0#
0"
#197980804
1"
#197984108
1#
#197990396
0#
0"
#197990404
1"
#197993708
1#
#197999996
0#
0"
#198000004
1"
#198003308
1#
#198009596
0#
0"
#198009604
1"
#198012908
1#
#198015996
b110100100 &
#198019196
0#
0"
#198019204
1"
#198022564
1#
#198028796
0#
0"
#198028804
1"
#198032164
1#
#198038396
0#
0"
#198038404
1"
#198041764
1#
#198047996
0#
0"
#198048004
1"
#198051364
1#
#198057596
0#
0"
#198057604
1"
#198060964
1#
#198067196
0#
0"
#198067204
1"
#198070564
1#
#198076796
0#
0"
#198076804
1"
#198080164
1#
#198086396
0#
0"
#198086404
1"
#198089764
1#
#198095996
0#
0"
#198096004
1"
#198099364
1#
#198105596
0#
0"
#198105604
1"
#198108964
1#
#198111996
b110101011 &
#198115196
0#
0"
#198115204
1"
#198118620
1#
#198124796
0#
0"
#198124804
1"
#198128220
1#
#198134396
0#
0"
#198134404
1"
#198137820
1#
#198143996
0#
0"
#198144004
1"
#198147420
1#
#198153596
0#
0"
#198153604
1"
#198157020
1#
#198163196
0#
0"
#198163204
1"
#198166620
1#
#198172796
0#
0"
#198172804
1"
#198176220
1#
#198182396
0#
0"
#198182404
1"
#198185820
1#
#198191996
0#
0"
#198192004
1"
#198195420
1#
#198201596
0#
0"
#198201604
1"
#198205020
1#
#198207996
b110110010 &
#198211196
0#
0"
#198211204
1"
#198214676
1#
#198220796
0#
0"
#198220804
1"
#198224276
1#
#198230396
0#
0"
#198230404
1"
#198233876
1#
#198239996
0#
0"
#198240004
1"
#198243476
1#
#198249596
0#
0"
#198249604
1"
#198253076
1#
#198259196
0#
0"
#198259204
1"
#198262676
1#
#198268796
0#
0"
#198268804
1"
#198272276
1#
#198278396
0#
0"
#198278404
1"
#198281876
1#
#198287996
0#
0"
#198288004
1"
#198291476
1#
#198297596
0#
0"
#198297604
1"
#198301076
1#
#198303996
b110111001 &
#198307196
0#
0"
#198307204
1"
#198310732
1#
#198316796
0#
0"
#198316804
1"
#198320332
1#
#198326396
0#
0"
#198326404
1"
#198329932
1#
#198335996
0#
0"
#198336004
1"
#198339532
1#
#198345596
0#
0"
#198345604
1"
#198349132
1#
#198355196
0#
0"
#198355204
1"
#198358732
1#
#198364796
0#
0"
#198364804
1"
#198368332
1#
#198374396
0#
0"
#198374404
1"
#198377932
1#
#198383996
0#
0"
#198384004
1"
#198387532
1#
#198393596
0#
0"
#198393604
1"
#198397132
1#
#198399996
b111000000 &
#198403196
0#
0"
#198403204
1"
#198406788
1#
#198412796
0#
0"
#198412804
1"
#198416388
1#
#198422396
0#
0"
#198422404
1"
#198425988
1#
#198431996
0#
0"
#198432004
1"
#198435588
1#
#198441596
0#
0"
#198441604
1"
#198445188
1#
#198451196
0#
0"
#198451204
1"
#198454788
1#
#198460796
0#
0"
#198460804
1"
#198464388
1#
#198470396
0#
0"
#198470404
1"
#198473988
1#
#198479996
0#
0"
#198480004
1"
#198483588
1#
#198489596
0#
0"
#198489604
1"
#198493188
1#
#198495996
b111000111 &
#198499196
0#
0"
#198499204
1"
#198502844
1#
#198508796
0#
0"
#198508804
1"
#198512444
1#
#198518396
0#
0"
#198518404
1"
#198522044
1#
#198527996
0#
0"
#198528004
1"
#198531644
1#
#198537596
0#
0"
#198537604
1"
#198541244
1#
#198547196
0#
0"
#198547204
1"
#198550844
1#
#198556796
0#
0"
#198556804
1"
#198560444
1#
#198566396
0#
0"
#198566404
1"
#198570044
1#
#198575996
0#
0"
#198576004
1"
#198579644
1#
#198585596
0#
0"
#198585604
1"
#198589244
1#
#198591996
b111001110 &
#198595196
0#
0"
#198595204
1"
#198598900
1#
#198604796
0#
0"
#198604804
1"
#198608500
1#
#198614396
0#
0"
#198614404
1"
#198618100
1#
#198623996
0#
0"
#198624004
1"
#198627700
1#
#198633596
0#
0"
#198633604
1"
#198637300
1#
#198643196
0#
0"
#198643204
1"
#198646900
1#
#198652796
0#
0"
#198652804
1"
#198656500
1#
#198662396
0#
0"
#198662404
1"
#198666100
1#
#198671996
0#
0"
#198672004
1"
#198675700
1#
#198681596
0#
0"
#198681604
1"
#198685300
1#
#198687996
b111010101 &
#198691196
0#
0"
#198691204
1"
#198694956
1#
#198700796
0#
0"
#198700804
1"
#198704556
1#
#198710396
0#
0"
#198710404
1"
#198714156
1#
#198719996
0#
0"
#198720004
1"
#198723756
1#
#198729596
0#
0"
#198729604
1"
#198733356
1#
#198739196
0#
0"
#198739204
1"
#198742956
1#
#198748796
0#
0"
#198748804
1"
#198752556
1#
#198758396
0#
0"
#198758404
1"
#198762156
1#
#198767996
0#
0"
#198768004
1"
#198771756
1#
#198777596
0#
0"
#198777604
1"
#198781356
1#
#198783996
b111011100 &
#198787196
0#
0"
#198787204
1"
#198791012
1#
#198796796
0#
0"
#198796804
1"
#198800612
1#
#198806396
0#
0"
#198806404
1"
#198810212
1#
#198815996
0#
0"
#198816004
1"
#198819812
1#
#198825596
0#
0"
#198825604
1"
#198829412
1#
#198835196
0#
0"
#198835204
1"
#198839012
1#
#198844796
0#
0"
#198844804
1"
#198848612
1#
#198854396
0#
0"
#198854404
1"
#198858212
1#
#198863996
0#
0"
#198864004
1"
#198867812
1#
#198873596
0#
0"
#198873604
1"
#198877412
1#
#198879996
b111100011 &
#198883196
0#
0"
#198883204
1"
#198887068
1#
#198892796
0#
0"
#198892804
1"
#198896668
1#
#198902396
0#
0"
#198902404
1"
#198906268
1#
#198911996
0#
0"
#198912004
1"
#198915868
1#
#198921596
0#
0"
#198921604
1"
#198925468
1#
#198931196
0#
0"
#198931204
1"
#198935068
1#
#198940796
0#
0"
#198940804
1"
#198944668
1#
#198950396
0#
0"
#198950404
1"
#198954268
1#
#198959996
0#
0"
#198960004
1"
#198963868
1#
#198969596
0#
0"
#198969604
1"
#198973468
1#
#198975996
b111101010 &
#198979196
0#
0"
#198979204
1"
#198983124
1#
#198988796
0#
0"
#198988804
1"
#198992724
1#
#198998396
0#
0"
#198998404
1"
#199002324
1#
#199007996
0#
0"
#199008004
1"
#199011924
1#
#199017596
0#
0"
#199017604
1"
#199021524
1#
#199027196
0#
0"
#199027204
1"
#199031124
1#
#199036796
0#
0"
#199036804
1"
#199040724
1#
#199046396
0#
0"
#199046404
1"
#199050324
1#
#199055996
0#
0"
#199056004
1"
#199059924
1#
#199065596
0#
0"
#199065604
1"
#199069524
1#
#199071996
b111110001 &
#199075196
0#
0"
#199075204
1"
#199079180
1#
#199084796
0#
0"
#199084804
1"
#199088780
1#
#199094396
0#
0"
#199094404
1"
#199098380
1#
#199103996
0#
0"
#199104004
1"
#199107980
1#
#199113596
0#
0"
#199113604
1"
#199117580
1#
#199123196
0#
0"
#199123204
1"
#199127180
1#
#199132796
0#
0"
#199132804
1"
#199136780
1#
#199142396
0#
0"
#199142404
1"
#199146380
1#
#199151996
0#
0"
#199152004
1"
#199155980
1#
#199161596
0#
0"
#199161604
1"
#199165580
1#
#199167996
b111111000 &
#199171196
0#
0"
#199171204
1"
#199175236
1#
#199180796
0#
0"
#199180804
1"
#199184836
1#
#199190396
0#
0"
#199190404
1"
#199194436
1#
#199199996
0#
0"
#199200004
1"
#199204036
1#
#199209596
0#
0"
#199209604
1"
#199213636
1#
#199219196
0#
0"
#199219204
1"
#199223236
1#
#199228796
0#
0"
#199228804
1"
#199232836
1#
#199238396
0#
0"
#199238404
1"
#199242436
1#
#199247996
0#
0"
#199248004
1"
#199252036
1#
#199257596
0#
0"
#199257604
1"
#199261636
1#
#199263996
b111111111 &
#199267196
0#
0"
#199267204
1"
#199271292
1#
#199276796
0#
0"
#199276804
1"
#199280892
1#
#199286396
0#
0"
#199286404
1"
#199290492
1#
#199295996
0#
0"
#199296004
1"
#199300092
1#
#199305596
0#
0"
#199305604
1"
#199309692
1#
#199315196
0#
0"
#199315204
1"
#199319292
1#
#199324796
0#
0"
#199324804
1"
#199328892
1#
#199334396
0#
0"
#199334404
1"
#199338492
1#
#199343996
0#
0"
#199344004
1"
#199348092
1#
#199353596
0#
0"
#199353604
1"
#199357692
1#
#199359996
b1000000110 &
#199363196
0#
0"
#199363204
1"
#199367348
1#
#199372796
0#
0"
#199372804
1"
#199376948
1#
#199382396
0#
0"
#199382404
1"
#199386548
1#
#199391996
0#
0"
#199392004
1"
#199396148
1#
#199401596
0#
0"
#199401604
1"
#199405748
1#
#199411196
0#
0"
#199411204
1"
#199415348
1#
#199420796
0#
0"
#199420804
1"
#199424948
1#
#199430396
0#
0"
#199430404
1"
#199434548
1#
#199439996
0#
0"
#199440004
1"
#199444148
1#
#199449596
0#
0"
#199449604
1"
#199453748
1#
#199455996
b1000001101 &
#199459196
0#
0"
#199459204
1"
#199463404
1#
#199468796
0#
0"
#199468804
1"
#199473004
1#
#199478396
0#
0"
#199478404
1"
#199482604
1#
#199487996
0#
0"
#199488004
1"
#199492204
1#
#199497596
0#
0"
#199497604
1"
#199501804
1#
#199507196
0#
0"
#199507204
1"
#199511404
1#
#199516796
0#
0"
#199516804
1"
#199521004
1#
#199526396
0#
0"
#199526404
1"
#199530604
1#
#199535996
0#
0"
#199536004
1"
#199540204
1#
#199545596
0#
0"
#199545604
1"
#199549804
1#
#199551996
b1000010100 &
#199555196
0#
0"
#199555204
1"
#199559460
1#
#199564796
0#
0"
#199564804
1"
#199569060
1#
#199574396
0#
0"
#199574404
1"
#199578660
1#
#199583996
0#
0"
#199584004
1"
#199588260
1#
#199593596
0#
0"
#199593604
1"
#199597860
1#
#199603196
0#
0"
#199603204
1"
#199607460
1#
#199612796
0#
0"
#199612804
1"
#199617060
1#
#199622396
0#
0"
#199622404
1"
#199626660
1#
#199631996
0#
0"
#199632004
1"
#199636260
1#
#199641596
0#
0"
#199641604
1"
#199645860
1#
#199647996
b1000011011 &
#199651196
0#
0"
#199651204
1"
#199655516
1#
#199660796
0#
0"
#199660804
1"
#199665116
1#
#199670396
0#
0"
#199670404
1"
#199674716
1#
#199679996
0#
0"
#199680004
1"
#199684316
1#
#199689596
0#
0"
#199689604
1"
#199693916
1#
#199699196
0#
0"
#199699204
1"
#199703516
1#
#199708796
0#
0"
#199708804
1"
#199713116
1#
#199718396
0#
0"
#199718404
1"
#199722716
1#
#199727996
0#
0"
#199728004
1"
#199732316
1#
#199737596
0#
0"
#199737604
1"
#199741916
1#
#199743996
b1000100010 &
#199747196
0#
0"
#199747204
1"
#199751572
1#
#199756796
0#
0"
#199756804
1"
#199761172
1#
#199766396
0#
0"
#199766404
1"
#199770772
1#
#199775996
0#
0"
#199776004
1"
#199780372
1#
#199785596
0#
0"
#199785604
1"
#199789972
1#
#199795196
0#
0"
#199795204
1"
#199799572
1#
#199804796
0#
0"
#199804804
1"
#199809172
1#
#199814396
0#
0"
#199814404
1"
#199818772
1#
#199823996
0#
0"
#199824004
1"
#199828372
1#
#199833596
0#
0"
#199833604
1"
#199837972
1#
#199839996
b1000101001 &
#199843196
0#
0"
#199843204
1"
#199847628
1#
#199852796
0#
0"
#199852804
1"
#199857228
1#
#199862396
0#
0"
#199862404
1"
#199866828
1#
#199871996
0#
0"
#199872004
1"
#199876428
1#
#199881596
0#
0"
#199881604
1"
#199886028
1#
#199891196
0#
0"
#199891204
1"
#199895628
1#
#199900796
0#
0"
#199900804
1"
#199905228
1#
#199910396
0#
0"
#199910404
1"
#199914828
1#
#199919996
0#
0"
#199920004
1"
#199924428
1#
#199929596
0#
0"
#199929604
1"
#199934028
1#
#199935996
b1000110000 &
#199939196
0#
0"
#199939204
1"
#199943684
1#
#199948796
0#
0"
#199948804
1"
#199953284
1#
#199958396
0#
0"
#199958404
1"
#199962884
1#
#199967996
0#
0"
#199968004
1"
#199972484
1#
#199977596
0#
0"
#199977604
1"
#199982084
1#
#199987196
0#
0"
#199987204
1"
#199991684
1#
#199996796
0#
0"
#199996804
1"
#200000000
